"","X","nei","GraphName","GraphID","GraphReplicate","order","edges","connected","max_component","minDegree","maxDegree","mean_degree","minCut","FiedlerValue","Normalized_FiedlerValue","closeness_centr","modularity","diameter","betw_centr","transitivity","threshold","spectral_radius","eigen_centr","deg_centr","mean_eccentr","radius","mean_path_length","graph_energy","min_triangle","mean_triangle","sd_triangle","max_triangle","num_triangle","deg_assort_coef"
"1",1,1,"LAT",1,1,49,84,1,49,2,4,3.42857142857143,2,0.198062264195161,0.0620220053343892,0.00456907458498243,0.537840136054422,12,0.101737528953841,0,0.270598050073099,3.69551813004515,0.504805481508762,0.0119047619047619,9.42857142857143,6,4.66666666666667,73.0965694763527,0,0,0,0,0,0.514049586776862
"2",2,2,"LAT",1,1,49,226,1,49,5,12,9.22448979591837,5,1.26028995002826,0.15386363099056,0.00820128001556585,0.436428067977132,6,0.0475602691246408,0.506572295247725,0.0989662378210722,10.1044560449794,0.465867809349202,0.0578231292517007,4.95918367346939,3,2.58843537414966,110.771044853858,7,20.4489795918367,7.78636956613338,30,1002,0.430426784400293
"3",3,3,"LAT",1,1,49,402,1,49,9,24,16.4081632653061,9,4.07053692314076,0.291416280025603,0.0111478899877891,0.310638969332442,4,0.03784633309105,0.595481927710843,0.0559979591834668,17.857793651438,0.422973701092409,0.158163265306122,3.46938775510204,2,1.89795918367347,121.553328693834,28,80.6938775510204,33.008966005234,138,3954,0.263502964170698
"4",4,4,"LAT",1,1,49,590,1,49,14,36,24.0816326530612,14,9.0188458773025,0.453112508095982,0.013555379981397,0.191904625107728,3,0.0201420764654257,0.676831792465848,0.0389037056652537,25.7044922302385,0.364877087910255,0.248299319727891,2.73469387755102,2,1.5578231292517,132.593942729909,75,200.204081632653,81.0496194705844,370,9810,0.0917260685173667
"5",5,5,"LAT",1,1,49,770,1,49,20,44,31.4285714285714,20,15.7492466685604,0.611790965528027,0.0155750746487043,0.121604823747681,3,0.0111916535263119,0.751901218415242,0.0305263160934015,32.758620363502,0.285978593330084,0.261904761904762,2.24489795918367,2,1.35374149659864,131.765609351206,160,375.30612244898,132.200952480437,646,18390,-0.00710128162755385
"6",6,6,"LAT",1,1,49,924,1,49,27,48,37.7142857142857,27,23.776501787348,0.748009540968657,0.0173172258121506,0.0721869670733307,2,0.00567498414137602,0.830412727691953,0.0259587906896722,38.5225957539637,0.201646898851836,0.214285714285714,1.97959183673469,1,1.21428571428571,135.480593671529,301,588,157.596531264703,876,28812,-0.0407211806435996
"7",7,7,"LAT",1,1,49,1036,1,49,33,48,42.2857142857143,33,30.8589172837316,0.841145844611902,0.0187283236000703,0.0374603091784559,2,0.00151185111173619,0.89816700610998,0.0234241711316132,42.6909449380859,0.112958618338598,0.119047619047619,1.89795918367347,1,1.11904761904762,124.552305304644,479,792,147.337198290181,988,38808,-0.0451046641715663
"8",8,8,"LAT",1,1,49,1106,1,49,38,48,45.1428571428571,38,36.4443798016059,0.902330835738662,0.0197246208671912,0.00580632028488365,2,0.000415492210029223,0.946769456681351,0.0220634312847853,45.3238658616798,0.0569390242195795,0.0595238095238095,1.73469387755102,1,1.05952380952381,114.343845819144,670,947.387755102041,115.647239541657,1058,46422,-0.0545823781726364
"9",9,9,"LAT",1,1,49,1146,1,49,42,48,46.7755102040816,42,40.9254445421889,0.946219860987513,0.0203401655446759,0,2,0.000102780136643323,0.976359068067611,0.0213495966286372,46.8392924416498,0.0246959054968141,0.0255102040816327,1.48979591836735,1,1.02551020408163,105.560592069103,846,1046.81632653061,75.391664401474,1098,51294,-0.0614059460959649
"10",10,10,"LAT",1,1,49,1166,1,49,45,48,47.5918367346939,45,44.4384471871911,0.978099092916441,0.0206638777960164,0,2,1.82879151623997e-05,0.991793022228765,0.0210055553450937,47.6064537962131,0.00837332348482942,0.00850340136054422,1.24489795918367,1,1.00850340136054,99.2129075924261,985,1099.95918367347,38.2687640160971,1118,53898,-0.0536615843941348
"11",11,11,"LAT",1,1,49,1174,1,49,47,48,47.9183673469388,47,47,1,0.020798625572678,0,2,1.57185252250891e-06,0.998293515358362,0.0208681694429807,47.9198715887543,0.00170485981374002,0.00170068027210884,1.08163265306122,1,1.00170068027211,95.8397431775085,1080,1122.24489795918,12.7255167089672,1126,54990,-0.0407801418425924
"12",12,12,"LAT",1,1,49,1176,1,49,48,48,48,48,48.9999999999998,1.02083333333333,0.0208333333333333,0,1,0,1,0.0208333333333333,48.0000000000001,0,0,1,1,1,96,1128,1128,0,1128,55272,NA
"13",13,13,"LAT",1,1,49,1176,1,49,48,48,48,48,48.9999999999998,1.02083333333333,0.0208333333333333,0,1,0,1,0.0208333333333333,48.0000000000001,1.51179305480872e-16,0,1,1,1,96,1128,1128,0,1128,55272,NA
"14",14,14,"LAT",1,1,49,1176,1,49,48,48,48,48,48.9999999999998,1.02083333333333,0.0208333333333333,0,1,0,1,0.0208333333333333,48.0000000000001,1.51179305480872e-16,0,1,1,1,96,1128,1128,0,1128,55272,NA
"15",15,15,"LAT",1,1,49,1176,1,49,48,48,48,48,48.9999999999998,1.02083333333333,0.0208333333333333,0,1,0,1,0.0208333333333333,48.0000000000001,1.51179305480872e-16,0,1,1,1,96,1128,1128,0,1128,55272,NA
"16",16,16,"LAT",1,1,49,1176,1,49,48,48,48,48,48.9999999999998,1.02083333333333,0.0208333333333333,0,1,0,1,0.0208333333333333,48.0000000000001,1.51179305480872e-16,0,1,1,1,96,1128,1128,0,1128,55272,NA
"17",17,17,"LAT",1,1,49,1176,1,49,48,48,48,48,48.9999999999998,1.02083333333333,0.0208333333333333,0,1,0,1,0.0208333333333333,48.0000000000001,1.51179305480872e-16,0,1,1,1,96,1128,1128,0,1128,55272,NA
"18",18,18,"LAT",1,1,49,1176,1,49,48,48,48,48,48.9999999999998,1.02083333333333,0.0208333333333333,0,1,0,1,0.0208333333333333,48.0000000000001,1.51179305480872e-16,0,1,1,1,96,1128,1128,0,1128,55272,NA
"19",19,19,"LAT",1,1,49,1176,1,49,48,48,48,48,48.9999999999998,1.02083333333333,0.0208333333333333,0,1,0,1,0.0208333333333333,48.0000000000001,0,0,1,1,1,96,1128,1128,0,1128,55272,NA
"20",20,20,"LAT",1,1,49,1176,1,49,48,48,48,48,48.9999999999998,1.02083333333333,0.0208333333333333,0,1,0,1,0.0208333333333333,48.0000000000001,0,0,1,1,1,96,1128,1128,0,1128,55272,NA
"21",1,1,"LAT",1,1,144,264,1,144,2,4,3.66666666666667,2,0.0681483474218644,0.019385937292529,0.000895317698354006,0.666207529843893,22,0.0596887360694442,0,0.257481957737431,3.88376726970422,0.529384302326735,0.00233100233100233,17,12,8,223.309716278415,0,0,0,0,0,0.589637305699483
"22",2,2,"LAT",1,1,144,746,1,144,5,12,10.3611111111111,5,0.458827485098835,0.0475697222529837,0.0016799456388038,0.570650259830805,11,0.029600100567229,0.480462300495322,0.0889879307313462,11.2374789680074,0.507083150738444,0.0114607614607615,8.75,6,4.25174825174825,345.221883933413,7,24.25,7.144365475111,30,3492,0.560180230268493
"23",3,3,"LAT",1,1,144,1402,1,144,9,24,19.4722222222222,9,1.62390985459493,0.0923315880006381,0.0023729108603287,0.49686864699095,8,0.0196330162338999,0.544534115920763,0.0467841350350715,21.374767306275,0.480974086620409,0.0316627816627817,6,4,3.003108003108,389.414503301744,28,103.083333333333,34.1853238047611,138,14844,0.52009345387965
"24",4,4,"LAT",1,1,144,2190,1,144,14,40,30.4166666666667,14,4.11067801385402,0.154110962287213,0.00298904087329523,0.400611955547215,6,0.013647965599297,0.59280912014031,0.0298630188152609,33.4862327946888,0.452799110534419,0.067016317016317,4.63888888888889,3,2.37937062937063,432.938847484402,75,281.666666666667,103.21787669745,414,40560,0.455140934665178
"25",5,5,"LAT",1,1,144,3070,1,144,20,60,42.6388888888889,20,8.41649216198862,0.231308273964941,0.00353922245100177,0.320870990673641,5,0.0121820738572975,0.622711159288665,0.0213888916054135,46.7532408152884,0.425468901380598,0.121406371406371,3.80555555555556,3,2.00641025641026,454.221663211523,160,590.416666666667,230.228026217366,954,85020,0.358543664610807
"26",6,6,"LAT",1,1,144,4004,1,144,27,82,55.6111111111111,27,14.8330217839196,0.319965162718297,0.00403542864886105,0.265819969241548,4,0.00987007633946205,0.655661426347572,0.0165491908000232,60.4259152053887,0.397081632027451,0.184537684537685,3.25,2,1.75679875679876,468.319485274511,301,1064.66666666667,428.291646271246,1862,153312,0.242269873616121
"27",7,7,"LAT",1,1,144,4956,1,144,35,102,68.8333333333333,35,23.3192824729536,0.414071620110152,0.00447581245247421,0.224961094272048,4,0.00702347531622797,0.688854869709024,0.0135378664152736,73.8668834013448,0.361206731935088,0.231934731934732,2.86111111111111,2,1.58294483294483,477.114067683262,515,1712.41666666667,683.028770037764,3082,246588,0.140039754185242
"28",8,8,"LAT",1,1,144,5892,1,144,44,118,81.8333333333333,44,33.5828162468416,0.508046972880904,0.0048765826887839,0.182467891151383,3,0.00496246402219055,0.726994158004489,0.0115495571380791,86.5834064496709,0.318282446060998,0.252913752913753,2.58333333333333,2,1.45221445221445,482.634776231398,826,2537.25,960.199611386244,4475,365364,0.0646240639168729
"29",9,9,"LAT",1,1,144,6780,1,144,54,130,94.1666666666667,54,45.2489863063882,0.59800902431423,0.0052481288961689,0.130316576169717,3,0.00350133840843298,0.767217773028373,0.010180205107764,98.2298479661613,0.272341977129945,0.250582750582751,2.27777777777778,2,1.3482905982906,478.881066100001,1256,3510,1205.63859409875,5868,505440,0.0140286765986807
"30",10,10,"LAT",1,1,144,7590,1,144,65,138,105.416666666667,65,57.9619048100053,0.680567367878062,0.00559226362544587,0.093545247977281,3,0.00235137906911374,0.809218743112391,0.00921076842122893,108.568574766814,0.224901062414661,0.227855477855478,2.08333333333333,2,1.26379176379176,470.692191315072,1835,4589.41666666667,1368.75909039993,7112,660876,-0.0146178568639302
"31",11,11,"LAT",1,1,144,8294,1,144,77,142,115.194444444444,77,71.414129734527,0.751529934772178,0.00590664732435071,0.0709096174357726,2,0.00138470746984508,0.850051141045762,0.00851625596947998,117.422492182449,0.176291807548965,0.187451437451437,2,2,1.19444444444444,462.833680813701,2590,5702.16666666667,1418.01065221324,8075,821112,-0.0246375969189601
"32",12,12,"LAT",1,1,144,8866,1,144,88,143,123.138888888889,88,83.6979639043269,0.807009994572528,0.0061823455057557,0.0494359485940226,2,0.000702806031924695,0.887600194094705,0.00802386250759191,124.628257158424,0.129378470715327,0.138888888888889,1.97222222222222,1,1.13888888888889,440.097260302622,3463,6757.91666666667,1362.54675931825,8723,973140,-0.0270021509516635
"33",13,13,"LAT",1,1,144,9306,1,144,98,143,129.25,98,94.4101908217547,0.849615982268234,0.00641134175974693,0.0398773298000976,2,0.000333720403892984,0.919346148729546,0.0076795200970315,130.216470217527,0.0900248576230506,0.0961538461538462,1.91666666666667,1,1.09615384615385,413.216993503345,4410,7678.58333333333,1235.87507855374,9163,1105716,-0.0306815247017579
"34",14,14,"LAT",1,1,144,9636,1,144,107,143,133.833333333333,107,103.886892757159,0.883718896243821,0.00659386757771455,0.00975334039485594,2,0.000157913912486354,0.94474962828401,0.00743872342674546,134.431668262401,0.0603403643492878,0.0641025641025641,1.83333333333333,1,1.06410256410256,387.46697352408,5389,8436.66666666667,1060.33012407833,9493,1214880,-0.0357493959411739
"35",15,15,"LAT",1,1,144,9876,1,144,115,143,137.166666666667,115,112.270116157282,0.911736760231411,0.00673295137145612,0.00622973965876751,2,7.28166531183983e-05,0.964026343894624,0.00727207667217054,137.51230151724,0.0386457639631023,0.0407925407925408,1.72222222222222,1,1.04079254079254,363.561293485779,6353,9026.5,858.443623393787,9733,1299816,-0.0404623886178157
"36",16,16,"LAT",1,1,144,10044,1,144,122,143,139.5,122,119.63684823484,0.935032006469993,0.00683382267914155,0.00324579912899367,2,3.17041669043559e-05,0.977929394738202,0.00715916323794742,139.681128473152,0.0233723346961143,0.0244755244755245,1.58333333333333,1,1.02447552447552,342.21407385611,7255,9460,651.252907594545,9901,1362240,-0.042204193297298
"37",17,17,"LAT",1,1,144,10156,1,144,128,143,141.055555555556,128,126.028124496095,0.954374634005182,0.00690299630239301,0.000473535454239564,2,1.24967311793843e-05,0.987448710021921,0.00708522865867897,141.138705350753,0.01310770879752,0.0135975135975136,1.41666666666667,1,1.01359751359751,323.828190957973,8058,9759.83333333333,457.223392631251,10013,1405416,-0.0394968651891518
"38",18,18,"LAT",1,1,144,10226,1,144,133,143,142.027777777778,133,131.456557889358,0.97024798762812,0.00694729642516121,0,2,4.24553377916985e-06,0.993574989878599,0.00703928917747314,142.059798196693,0.00662113945990638,0.0067987567987568,1.27777777777778,1,1.00679875679876,308.755814387206,8743,9952.91666666667,291.501574321937,10083,1433220,-0.0336020295348389
"39",19,19,"LAT",1,1,144,10266,1,144,137,143,142.583333333333,137,135.925444542189,0.983003087736021,0.00697315507379174,0,2,1.15444626462639e-06,0.997184912451603,0.00701296832474716,142.592972574998,0.00286639031691819,0.00291375291375291,1.16666666666667,1,1.00291375291375,297.326420906027,9301,10066,163.189366169396,10123,1449504,-0.0265137813815504
"40",20,20,"LAT",1,1,144,10286,1,144,140,143,142.861111111111,140,139.438447187191,0.992890888974216,0.0069863176312948,0,2,2.17323861224354e-07,0.999043314026003,0.00699970923607581,142.863077061273,0.000964246047376419,0.000971250971250971,1.08333333333333,1,1.00097125097125,289.726154122545,9725,10123.6666666667,74.7789282611627,10143,1457808,-0.0195955072114623
"41",1,1,"LAT",1,1,100,180,1,100,2,4,3.6,2,0.0978869674096877,0.0285980083204871,0.00155162330858025,0.641975308641975,18,0.0699027286733076,0,0.260554279056601,3.83797189445799,0.516590305319305,0.00404040404040404,14,10,6.66666666666667,153.496600314833,0,0,0,0,0,0.5706106870229
"42",2,2,"LAT",1,1,100,502,1,100,5,12,10.04,5,0.650674534207399,0.0706041577677066,0.00287532475190232,0.538170029047158,9,0.0349638699152235,0.486963835155593,0.0913063177369675,10.9521446575118,0.489934003606976,0.0197979797979798,7.24,5,3.58585858585859,236.304674837114,7,23.16,7.45995369227645,30,2316,0.530851686708999
"43",3,3,"LAT",1,1,100,930,1,100,9,24,18.6,9,2.2582370784714,0.137034214020311,0.0040168800636754,0.454534628280726,6,0.0219108842841552,0.556579857109933,0.0488947238741084,20.4521044555799,0.458229840218692,0.0545454545454545,5,4,2.56,265.60104230147,28,96.6,34.7423416457541,138,9660,0.468054615911797
"44",4,4,"LAT",1,1,100,1430,1,100,14,40,28.6,14,5.55602817312792,0.226580777923868,0.0050087610081139,0.365135214435914,5,0.0177178846153622,0.611327198558012,0.0318952066408625,31.3526734991851,0.42583081333764,0.115151515151515,3.88,3,2.04888888888889,291.666841445756,75,257.76,100.855844719785,414,25776,0.360954777963891
"45",5,5,"LAT",1,1,100,1970,1,100,20,58,39.4,20,10.9500169952927,0.33318124612869,0.00588122403838559,0.276210801618181,4,0.0134904398501974,0.65060062286816,0.0234003953558266,42.7343207152696,0.391197424366028,0.187878787878788,3.2,2,1.74141414141414,301.29246053891,160,526.44,213.158276661008,922,52644,0.223189376106585
"46",6,6,"LAT",1,1,100,2520,1,100,27,74,50.4,27,18.4005730460147,0.44670887270882,0.00663790649325646,0.200190854119426,3,0.0090010082547664,0.69595718303045,0.0185759010417536,53.833189450798,0.347001891721705,0.238383838383838,2.76,2,1.54181818181818,312.2982117793,301,920.64,364.940385888607,1648,92064,0.107939038232343
"47",7,7,"LAT",1,1,100,3052,1,100,35,86,61.04,35,27.542549566436,0.558168027255483,0.00731718704913696,0.148187639671642,3,0.00596666053066814,0.743478260869565,0.0156022091547889,64.0934876644095,0.29422338962399,0.252121212121212,2.4,2,1.39757575757576,313.286803927463,515,1429.56,520.468326790324,2455,142956,0.0306790461423149
"48",8,8,"LAT",1,1,100,3540,1,100,44,94,70.8,44,37.9531192445428,0.661375297716142,0.00793610908745465,0.104866258099524,3,0.00380453863008372,0.794805560774,0.0136694727534555,73.1557111262545,0.238159400777262,0.234343434343434,2.12,2,1.28686868686869,310.482485750465,826,2030.76,636.380438912372,3215,203076,-0.0130764709844651
"49",9,9,"LAT",1,1,100,3960,1,100,54,98,79.2,54,49.2732724530304,0.749588953224628,0.00849355219598615,0.0705231290174472,2,0.00206974713036491,0.844961338412281,0.0123789537855804,80.7822710482086,0.180245378990803,0.18989898989899,2,2,1.2,306.151283968218,1256,2670.72,678.229871940126,3808,267072,-0.0282016721576797
"50",10,10,"LAT",1,1,100,4290,1,100,63,99,85.8,63,59.4933619680457,0.81584545359592,0.00897166216079834,0.0531578289620248,2,0.000930084432894404,0.89063365970811,0.0115239538501941,86.775772707833,0.124737013185379,0.133333333333333,1.96,1,1.13333333333333,289.422909547206,1767,3278.28,646.508354254771,4191,327828,-0.0310614744006684
"51",11,11,"LAT",1,1,100,4530,1,100,71,99,90.6,71,68.1570419786005,0.864426316431968,0.00935220840727197,0.0106479978948292,2,0.000380088378312506,0.927581919465847,0.0109679544800983,91.174703707472,0.0798499621686534,0.0848484848484849,1.88,1,1.08484848484848,269.209395775797,2322,3789.84,567.09614241985,4431,378984,-0.0360309364549191
"52",12,12,"LAT",1,1,100,4698,1,100,78,99,93.96,78,75.6191304930687,0.902060136489442,0.00963722671590436,0.0106093215395046,2,0.000153029267624649,0.95525861832918,0.0106074997487568,94.2729223365947,0.0482354863612778,0.0509090909090909,1.76,1,1.05090909090909,250.46413095749,2885,4186.44,458.430090503217,4599,418644,-0.0424662982220678
"53",13,13,"LAT",1,1,100,4810,1,100,84,99,96.2,84,82.0281244960947,0.932073687177419,0.00983671078135247,0.00273868543099315,2,5.79761438220222e-05,0.974482632317929,0.0103787460692359,96.3507530995624,0.0270331316371194,0.0282828282828283,1.6,1,1.02828282828283,233.79537824532,3416,4469.64,338.877991810229,4711,446964,-0.0463472936822279
"54",14,14,"LAT",1,1,100,4880,1,100,89,99,97.6,89,87.4565578893576,0.956128006452413,0.00996595388781034,0,2,1.92795331723929e-05,0.986881937436932,0.0102395422063061,97.6606160560713,0.0136671831013138,0.0141414141414141,1.4,1,1.01414141414141,219.800086130052,3881,4655.28,224.773649557401,4781,465528,-0.0438790454617038
"55",15,15,"LAT",1,1,100,4920,1,100,93,99,98.4,93,91.9254445421888,0.975124030035045,0.0100420337832103,0,2,5.15940724136859e-06,0.994216614090431,0.0101606549967306,98.4188519659188,0.00593008198042399,0.00606060606060606,1.24,1,1.00606060606061,208.930927401437,4263,4765.32,129.479367725776,4821,476532,-0.0365413495067524
"56",16,16,"LAT",1,1,100,4940,1,100,96,99,98.8,96,95.4384471871911,0.989654845132153,0.010081045751634,0,2,9.59903941083493e-07,0.99802132662185,0.0101210537109682,98.803941620851,0.00200059570560154,0.00202020202020202,1.12,1,1.0020202020202,201.607883241702,4555,4821.96,60.5640023763158,4841,482196,-0.027809378071817
"57",17,17,"LAT",1,1,100,4948,1,100,98,99,98.96,98,97.9999999999999,0.999999999999996,0.0100969696969697,0,2,8.49899250818024e-08,0.999595632834614,0.010105054113252,98.9603804979709,0.000404280632950119,0.000404040404040404,1.04,1,1.00040404040404,197.920760995942,4752,4845.12,19.1037993999924,4849,484512,-0.0199958771235157
"58",18,18,"LAT",1,1,100,4950,1,100,99,99,99,99,99.9999999999996,1.01010101010101,0.0101010101010101,0,1,0,1,0.0101010101010101,98.9999999999998,1.45008721583694e-16,0,1,1,1,198,4851,4851,0,4851,485100,NA
"59",19,19,"LAT",1,1,100,4950,1,100,99,99,99,99,99.9999999999996,1.01010101010101,0.0101010101010101,0,1,0,1,0.0101010101010101,98.9999999999998,1.45008721583694e-16,0,1,1,1,198,4851,4851,0,4851,485100,NA
"60",20,20,"LAT",1,1,100,4950,1,100,99,99,99,99,99.9999999999996,1.01010101010101,0.0101010101010101,0,1,0,1,0.0101010101010101,98.9999999999998,1.45008721583694e-16,0,1,1,1,198,4851,4851,0,4851,485100,NA
"61",1,1,"LAT",1,1,225,420,1,225,2,4,3.73333333333333,2,0.0437047985323876,0.0121083203391222,0.000457313844629707,0.692227891156463,28,0.0498505615613232,0,0.254897789552079,3.92314112161293,0.546695655068084,0.00119047619047619,21.4666666666667,14,10,352.34747567927,0,0,0,0,0,0.607280887669871
"62",2,2,"LAT",1,1,225,1202,1,225,5,12,10.6844444444444,5,0.297451889396355,0.0294788833607969,0.000868919068251979,0.605464478226804,14,0.0247820289219216,0.474471977382338,0.0870420343954951,11.4887020615382,0.528744663497967,0.00587301587301587,10.9822222222222,7,5.25111111111111,546.88125742562,7,25.36,6.68949069169587,30,5706,0.585719436667509
"63",3,3,"LAT",1,1,225,2290,1,225,9,24,20.3555555555556,9,1.06922316211821,0.0569866571354976,0.00124128578337986,0.552387254247631,10,0.0160417909743338,0.533768592182636,0.0450233373984639,22.2107035546885,0.507826172732408,0.0162698412698413,7.48888888888889,5,3.66865079365079,623.797184255101,28,109.733333333333,32.7719392163479,138,24690,0.561647550944539
"64",4,4,"LAT",1,1,225,3630,1,225,14,40,32.2666666666667,14,2.76638749273934,0.0953182568444389,0.00157958774926448,0.481190947795005,7,0.0122765330138969,0.576934663274869,0.0281836046566493,35.4816217507533,0.485680424345996,0.0345238095238095,5.74222222222222,4,2.87809523809524,693.561303213025,75,306.426666666667,102.148068298636,414,68946,0.523727633338009
"65",5,5,"LAT",1,1,225,5170,1,225,20,60,45.9555555555556,20,5.83331821899971,0.144542104860938,0.00188851701651986,0.45400504697163,6,0.00889901915529952,0.599961055714668,0.019746494512169,50.6418999779296,0.462376657630277,0.0626984126984127,4.70666666666667,3,2.40357142857143,733.60869723557,160,657.306666666667,236.833499379989,954,147894,0.470652744537145
"66",6,6,"LAT",1,1,225,6860,1,225,27,84,60.9777777777778,27,10.6722759930941,0.20385272934738,0.00217061446627002,0.402010429327916,5,0.00779971642969806,0.624179892491257,0.0149177961928363,67.0340301659442,0.439142232592932,0.102777777777778,3.99555555555556,3,2.08880952380952,767.092518687175,301,1216.90666666667,464.675611890396,1908,273804,0.397979695242243
"67",7,7,"LAT",1,1,225,8652,1,225,35,112,76.9066666666667,35,17.5628048290817,0.271475625841037,0.00243143852261431,0.339040400227078,4,0.00779504013035618,0.645763059531407,0.0118987737124497,84.0422739490959,0.418777840861568,0.156666666666667,3.49333333333333,2,1.86222222222222,788.500633330207,515,2014.82666666667,797.462488593843,3420,453336,0.307435347238642
"68",8,8,"LAT",1,1,225,10500,1,225,44,140,93.3333333333333,44,26.5861284526723,0.344662598697922,0.00266960123540914,0.260981873015873,4,0.00606139775439757,0.670378244975755,0.00988948589958396,101.117490853804,0.394753814437128,0.208333333333333,3.12,2,1.69444444444444,797.392698327593,826,3085.76,1237.95709999522,5544,694296,0.215160734525212
"69",9,9,"LAT",1,1,225,12360,1,225,54,164,109.866666666667,54,37.5976879701677,0.420145636267089,0.00288703208512766,0.22199165278956,4,0.00447408707090458,0.69656666932134,0.00848950520707504,117.792495040419,0.363097811547308,0.241666666666667,2.83555555555556,2,1.56634920634921,805.948968335336,1256,4431.52,1754.68216515536,8072,997092,0.136881492089618
"70",10,10,"LAT",1,1,225,14190,1,225,65,184,126.133333333333,65,50.3301175513043,0.495244050424149,0.00308982191482535,0.152295053390486,3,0.00337360350554635,0.726013679960585,0.00747948580500638,133.699030397337,0.327841499754968,0.258333333333333,2.62222222222222,2,1.46309523809524,812.522630575729,1835,6051.54666666667,2298.58611215678,10842,1361598,0.0760558669198772
"71",11,11,"LAT",1,1,225,15950,1,225,77,200,141.777777777778,77,64.4664042877362,0.56800081802052,0.00328104562313885,0.147568960603768,3,0.00256443674955388,0.757178670261108,0.00673117585906206,148.562453416474,0.290771295511688,0.259920634920635,2.37333333333333,2,1.37706349206349,806.713278681923,2590,7909.30666666667,2801.22884055246,13626,1779594,0.031378819844352
"72",12,12,"LAT",1,1,225,17602,1,225,90,212,156.462222222222,90,79.6926691394496,0.63674512795215,0.00346146880801465,0.111453256537083,3,0.00191914389089738,0.789945027401693,0.00616598276182586,162.180148506267,0.252715820424702,0.247936507936508,2.17777777777778,2,1.30428571428571,795.911885764535,3557,9959.22666666667,3196.79351169708,16230,2240826,0.00124549004181408
"73",13,13,"LAT",1,1,225,19110,1,225,104,220,169.866666666667,104,95.7217238500409,0.699564310675655,0.0036309076427631,0.0922713771738217,3,0.00137599741214923,0.822791241295209,0.00573404158767672,174.397060905373,0.213977083604593,0.223809523809524,2.05333333333333,2,1.24206349206349,774.153569300591,4768,12120.8266666667,3431.83699912619,18474,2727186,-0.0156788448927249
"74",14,14,"LAT",1,1,225,20440,1,225,119,224,181.688888888889,119,112.3103367522,0.754180729239533,0.00378778738820946,0.0717646177442642,2,0.000905010583136531,0.854828150572831,0.00540301528178833,185.081838167412,0.17452090507887,0.188888888888889,1.99555555555556,1,1.18888888888889,763.961462927823,6265,14299.4133333333,3482.37804791086,20216,3217368,-0.0217798978280266
"75",15,15,"LAT",1,1,225,21560,1,225,133,224,191.644444444444,133,127.660829493746,0.798741230545385,0.00392853459043972,0.0578675853036442,2,0.000488528408874723,0.884484010650601,0.00515190698700709,194.102883169661,0.134067788476855,0.144444444444444,1.97777777777778,1,1.14444444444444,729.074391878497,7945,16369.92,3373.44735354546,21336,3683232,-0.0236662552033303
"76",16,16,"LAT",1,1,225,22470,1,225,146,224,199.733333333333,146,141.434249724646,0.834657304976625,0.00405028870041654,0.0351460959962639,2,0.00026924531443021,0.910665680657229,0.00496318888834012,201.483365331767,0.100971455911357,0.108333333333333,1.94222222222222,1,1.10833333333333,692.367277119797,9760,18236.4,3148.55178727345,22246,4103190,-0.0262864036507936
"77",17,17,"LAT",1,1,225,23198,1,225,158,224,206.204444444444,158,153.943821573235,0.864447587678456,0.00415293251387171,0.0277936889550391,2,0.000148576184144536,0.932856121513202,0.00482117610695095,207.418268450772,0.074357540579497,0.0794444444444444,1.88888888888889,1,1.07944444444444,655.676954074616,11654,19856.1866666667,2837.04937907075,22974,4467642,-0.0299003397842198
"78",18,18,"LAT",1,1,225,23770,1,225,169,224,211.288888888889,169,165.322609962388,0.889667312609291,0.00423710636981321,0.0119870289687191,2,8.13064767319419e-05,0.951053791929298,0.00471473485217776,212.101004903403,0.0533587224062644,0.0567460317460317,1.81777777777778,1,1.05674603174603,620.480953113438,13573,21212.5066666667,2466.90518796904,23546,4772814,-0.0339842857281954
"79",19,19,"LAT",1,1,225,24210,1,225,179,224,215.2,179,175.643610581335,0.911299768822666,0.00430411806984733,0.0059441780332868,2,4.35815442809566e-05,0.965489714815513,0.00463568615940186,215.717795729517,0.0371399294640501,0.0392857142857143,1.72888888888889,1,1.03928571428571,587.605497360339,15458,22308.1333333333,2065.90637320696,23986,5019330,-0.0373976847858811
"80",20,20,"LAT",1,1,225,24540,1,225,188,224,218.133333333333,188,184.95307975016,0.929967240359524,0.00435578596562369,0.00242400262631943,2,2.249795919969e-05,0.976576419907907,0.0045778448884189,218.443399541521,0.024917490845199,0.0261904761904762,1.62222222222222,1,1.02619047619048,557.564559469746,17250,23161.4933333333,1659.87188382546,24316,5211336,-0.038832495310166
"81",1,1,"LAT",1,1,289,544,1,289,2,4,3.76470588235294,2,0.0340538006321942,0.00931878352386363,0.000313859577650361,0.724808742430796,32,0.0443682556215946,0,0.253856652971436,3.93923101204883,0.551755764307107,0.000816993464052288,24.4705882352941,16,11.3333333333333,454.58438257544,0,0,0,0,0,0.615147732001663
"82",2,2,"LAT",1,1,289,1566,1,289,5,12,10.8373702422145,5,0.232805703640249,0.0225921937733347,0.000599896212489669,0.631136140103639,16,0.0223095170528946,0.471812334468407,0.0862579508739763,11.5931341965335,0.535875775859894,0.00403690888119954,12.4844290657439,8,5.91753171856978,707.917409844041,7,25.8892733564014,6.41624910638262,30,7482,0.596634885025243
"83",3,3,"LAT",1,1,289,3002,1,289,9,24,20.7750865051903,9,0.841925443678498,0.043540272724808,0.000861622102353664,0.570522161330599,11,0.0146869079928852,0.52908560311284,0.04431563643982,22.5653985892313,0.517419561816053,0.0111976163014225,8.49134948096886,6,4.11274509803922,808.781138210121,28,112.920415224913,31.7520323906691,138,32634,0.578454428566001
"84",4,4,"LAT",1,1,289,4790,1,289,14,40,33.1487889273356,14,2.19628401897942,0.0727450293291632,0.00110202168747952,0.517388021321386,8,0.0112939328895087,0.570215666831929,0.027512043608865,36.3477179019074,0.497879603030252,0.0237889273356401,6.49134948096886,4,3.21049596309112,904.772420032967,75,318.373702422145,100.266790643942,414,92010,0.549527399226417
"85",5,5,"LAT",1,1,289,6870,1,289,20,60,47.5432525951557,20,4.68193222116344,0.110483624885847,0.00132343397703605,0.478508249482487,7,0.00854716961160483,0.59062816646026,0.0190944650486718,52.3711974884343,0.477707158592006,0.0432525951557093,5.28719723183391,4,2.66974240676663,958.830309176718,160,689.792387543253,235.944611138256,954,199350,0.510247924797385
"86",6,6,"LAT",1,1,289,9184,1,289,27,84,63.5570934256055,27,8.68629519772062,0.156580286613244,0.00152803624912026,0.430025104019337,6,0.00651919105098169,0.61174472772334,0.0142758417185366,70.0484090336714,0.456743203427397,0.0709823144944252,4.49480968858131,3,2.30940023068051,1009.0856891132,301,1291.39100346021,471.668951763491,1908,373212,0.458439462639831
"87",7,7,"LAT",1,1,289,11676,1,289,35,112,80.80276816609,35,14.5406817301475,0.210286369838944,0.00171743868441662,0.376932483524266,5,0.00603912038938419,0.629355597062991,0.0112604806454099,88.8061559261798,0.436372231267112,0.108323721645521,3.92733564013841,3,2.05267204921184,1036.06545554229,515,2163.90311418685,828.520705851695,3420,625368,0.390843604195623
"88",8,8,"LAT",1,1,289,14292,1,289,44,144,98.9065743944637,44,22.4671273910913,0.270270443696572,0.00189441579111415,0.347970937357951,4,0.00604485981731234,0.649008216715881,0.00924983477253617,108.110039215956,0.41852728906238,0.156574394463668,3.49480968858131,2,1.85870818915802,1063.88413978247,826,3358.42214532872,1326.89587176533,5700,970584,0.310081290733678
"89",9,9,"LAT",1,1,289,16980,1,289,54,176,117.508650519031,54,32.5260012323707,0.334604837554632,0.00205770861641687,0.284531399789956,4,0.00488282592502454,0.669116172034383,0.00784440765291807,127.479351436817,0.397743290608051,0.203094963475586,3.16262975778547,2,1.70972702806613,1069.43903733469,1256,4893.63321799308,1959.10514322894,8748,1414260,0.227926507291554
"90",10,10,"LAT",1,1,289,19690,1,289,65,204,136.262975778547,65,44.5942850851202,0.40101052848843,0.00220822755407202,0.225710252179478,4,0.00373008877343072,0.691968934749578,0.00682608901574434,146.496771093009,0.370578923036139,0.235198000768935,2.89965397923875,2,1.5927047289504,1075.60714515645,1835,6791.85467128028,2699.88107113085,12358,1962846,0.15597250680605
"91",11,11,"LAT",1,1,289,22374,1,289,77,228,154.837370242215,77,58.4449238816526,0.467547809387169,0.00234935614570798,0.184093567123194,3,0.00289242615547528,0.716543908882177,0.00606715373571091,164.821931924035,0.340163325491242,0.2540369088812,2.70588235294118,2,1.49673202614379,1083.39228818006,2590,9038.34602076125,3490.22461341332,16322,2612082,0.0976516077874763
"92",12,12,"LAT",1,1,289,24986,1,289,90,248,172.913494809689,90,73.7988285819846,0.532751233397913,0.00248327153759539,0.141165207162613,3,0.00227022174620974,0.743359292649958,0.00548876046032178,182.190497695972,0.30799551883977,0.260717031910804,2.49826989619377,2,1.41546520569012,1083.21055047363,3557,11615.3979238754,4260.73661440798,20414,3356850,0.0523959981839746
"93",13,13,"LAT",1,1,289,27482,1,289,104,264,190.186851211073,104,90.3643798430041,0.595452896220303,0.0026106227017003,0.130294890877917,3,0.00177516291310605,0.771340619735272,0.00504030322142912,198.40076203123,0.274843141871516,0.256295655517109,2.29065743944637,2,1.34568435217224,1069.78466817129,4768,14467.3287197232,4931.79746284099,24382,4181058,0.0190212479643765
"94",14,14,"LAT",1,1,289,29820,1,289,119,276,206.36678200692,119,107.860205846034,0.654474654412529,0.00273159946645607,0.0889059350513994,3,0.00135995784501568,0.800232517363771,0.00468830029202355,213.296917371388,0.241072656523628,0.241782006920415,2.13840830449827,2,1.28513071895425,1051.79356186374,6265,17529.5501730104,5433.19089713686,28020,5066040,-0.00345981417765108
"95",15,15,"LAT",1,1,289,31960,1,289,135,284,221.176470588235,135,126.034200836497,0.708406980714123,0.00284585847788084,0.0714304523136712,3,0.000999734937100224,0.828986803698257,0.00441009666322278,226.752399406417,0.206794426642555,0.218137254901961,2.04152249134948,2,1.23226643598616,1021.8415540521,8085,20701.785467128,5713.96496371772,31136,5982816,-0.0160218659762331
"96",16,16,"LAT",1,1,289,33864,1,289,152,288,234.352941176471,152,144.68332950581,0.755667967335247,0.00295231944410617,0.0726769059639288,2,0.000681163010420631,0.856938423836242,0.00419017207985987,238.653683176048,0.171938386146174,0.186274509803922,1.99653979238754,1,1.18627450980392,1006.98740879301,10276,23870.1176470588,5756.98106408404,33576,6898464,-0.0206763667206585
"97",17,17,"LAT",1,1,289,35496,1,289,168,288,245.647058823529,168,162.063138739257,0.795047854828697,0.0030488956530339,0.0382061161878195,2,0.000395322067424832,0.883003092429275,0.00401794091370243,248.883699755187,0.136293729076004,0.147058823529412,1.98269896193772,1,1.14705882352941,965.421500812438,12704,26889.8823529412,5597.69686766104,35208,7771176,-0.0223402586087336
"98",18,18,"LAT",1,1,289,36856,1,289,183,288,255.058823529412,183,177.869240265941,0.827543107780503,0.00313399694470913,0.0466103972828694,2,0.000233524366282416,0.906415116692335,0.00388406370483081,257.462306490043,0.106403113275113,0.11437908496732,1.95501730103806,1,1.11437908496732,921.490608142819,15315,29651.1280276817,5287.13148054593,36568,8569176,-0.0245334800544799
"99",19,19,"LAT",1,1,289,37976,1,289,197,288,262.809688581315,197,192.401648752868,0.854984902656633,0.00320751199193447,0.0339100210153461,2,0.000138328502533574,0.926770325493191,0.00377984430149192,264.561161846084,0.0816684256234016,0.0874663590926567,1.91349480968858,1,1.08746635909266,877.259476333721,18046,32101.9515570934,4858.77671337374,37688,9277464,-0.0275047472782984
"100",20,20,"LAT",1,1,289,38886,1,289,210,288,269.107266435986,210,205.78824211698,0.878564129640394,0.00326969069722949,0.0174795562457754,2,8.16073090685514e-05,0.944013674824645,0.0036988867577209,270.351612660929,0.0614926388120965,0.0655997693194925,1.85813148788927,1,1.06559976931949,834.296821295423,20837,34217.4186851211,4344.44722635301,38598,9888834,-0.0310222386129547
"101",1,1,"LAT",1,1,324,612,1,324,2,4,3.77777777777778,2,0.0303844939755841,0.00827217683629357,0.000264308145588208,0.73217966380452,34,0.0415462568001894,0,0.253456820677734,3.94544521361089,0.550802550720193,0.000687994496044032,26,18,12,510.56631467239,0,0,0,0,0,0.618348115299331
"102",2,2,"LAT",1,1,324,1766,1,324,5,12,10.9012345679012,5,0.208085406695416,0.0200180207883307,0.000506439038868067,0.651213176022748,17,0.0207624225777707,0.470732250166926,0.0859566452331603,11.6337718542582,0.535797940431591,0.00340175056377327,13.2469135802469,9,6.25077399380805,794.529323636827,7,26.1111111111111,6.28921136284697,30,8460,0.600996632950472
"103",3,3,"LAT",1,1,324,3394,1,324,9,24,20.9506172839506,9,0.754264065283738,0.0385229152545425,0.000729062015752049,0.588204894838512,12,0.0138043247876524,0.527200227855312,0.0440438053237544,22.7046685146586,0.518375487647145,0.00944081336238199,9,6,4.33470932232542,907.854052205681,28,114.259259259259,31.2492339087383,138,37020,0.585021351754563
"104",4,4,"LAT",1,1,324,5430,1,324,14,40,33.5185185185185,14,1.97365587395693,0.0643098907088946,0.000934398515536625,0.531521388914326,9,0.0103361526774287,0.567541218016769,0.0272544989495078,36.6911900252733,0.499937310979795,0.0200665061346176,6.87654320987654,5,3.37709742766502,1017.71532116819,75,323.407407407407,99.185759711163,414,104784,0.559330489399358
"105",5,5,"LAT",1,1,324,7810,1,324,20,60,48.2098765432099,20,4.22429872142995,0.0976824342919074,0.00112433671831569,0.511639153978697,7,0.00812424470724322,0.586959880517073,0.0188450478432303,53.0643386166423,0.480977212626932,0.0365019302067806,5.60493827160494,4,2.80288957688339,1080.23115983951,160,703.518518518518,234.731497283585,954,227940,0.524767379566027
"106",6,6,"LAT",1,1,324,10472,1,324,27,84,64.641975308642,27,7.87754431382369,0.138612421786855,0.0013007488235233,0.467103643839646,6,0.00625872250484717,0.606929050016708,0.0140311041652894,71.270228502318,0.461354662319873,0.0599319649887245,4.76543209876543,3,2.41967664258686,1137.10314568033,301,1322.96296296296,472.519849225339,1908,428640,0.479995635243942
"107",7,7,"LAT",1,1,324,13356,1,324,35,112,82.4444444444444,35,13.2706474851571,0.186638466182295,0.00146421357077034,0.409229859553225,5,0.00545775798557036,0.623108166916493,0.0110180955982729,90.7597861246318,0.441782138626105,0.0915032679738562,4.1358024691358,3,2.14757481940144,1177.13986605841,515,2227.2962962963,836.937546551919,3420,721644,0.422069972979067
"108",8,8,"LAT",1,1,324,16404,1,324,44,144,101.259259259259,44,20.6589973094907,0.240824636431,0.00161742831934023,0.362159380185788,5,0.0053584137346476,0.641024064280736,0.00900806956619813,111.011576082005,0.42383460006897,0.132324274739135,3.69135802469136,3,1.94209379658296,1209.15982174935,826,3474.77777777778,1354.60923043609,5700,1125828,0.350308335927939
"109",9,9,"LAT",1,1,324,19560,1,324,54,178,120.740740740741,54,30.1752022794404,0.299780525625413,0.00176052206080678,0.309286395538242,4,0.00476146430283373,0.658949396758747,0.0076017858390565,131.548036365638,0.405706788086123,0.177273248480679,3.33333333333333,2,1.7823644077514,1219.84750380618,1256,5091.55555555556,2027.4412429977,8844,1649664,0.27154209517918
"110",10,10,"LAT",1,1,324,22770,1,324,65,210,140.555555555556,65,41.7840128408162,0.361655057767201,0.00189254241256139,0.264053537803037,4,0.00380853003386631,0.679240943748931,0.00658139817295936,151.943397697566,0.383396126553269,0.21499828001376,3.04938271604938,2,1.65714940947139,1224.46622920988,1835,7110.18518518519,2843.71689407539,12766,2303700,0.197249784877463
"111",11,11,"LAT",1,1,324,25982,1,324,77,238,160.382716049383,77,55.3136255488316,0.424600169977573,0.00201563583030866,0.218104523177261,4,0.00298328903526674,0.70104057544649,0.0058195464210998,171.834697696426,0.356700310409898,0.240301188701601,2.82716049382716,2,1.5556702213049,1231.83751921068,2590,9525.85185185185,3754.66051978751,17214,3086376,0.134164507440706
"112",12,12,"LAT",1,1,324,29146,1,324,90,262,179.913580246914,90,70.5249012341244,0.487145259684684,0.00213213802049579,0.170128762984937,3,0.00236308021541593,0.725109216421621,0.00523753266637132,190.929596758548,0.327625176438767,0.254137522455376,2.65432098765432,2,1.47032068187899,1238.18864285508,3557,12333.7407407407,4696.92895853821,21983,3996132,0.0832556095084168
"113",13,13,"LAT",1,1,324,32214,1,324,104,282,198.851851851852,104,87.1431292065805,0.548167317724856,0.00224318225546129,0.14367867043104,3,0.00188000419087964,0.750533430398624,0.00478468716920641,209.000079761925,0.297201551655415,0.257424607269808,2.44444444444444,2,1.39697282421741,1231.7093388522,4768,15489.962962963,5587.91832160266,26804,5018748,0.0436857147990419
"114",14,14,"LAT",1,1,324,35140,1,324,119,298,216.913580246914,119,104.88940929287,0.60670957125526,0.00234911794932461,0.113773783636087,3,0.00148258503260776,0.777266807851726,0.00442733504848695,225.869510450028,0.265978420924158,0.251041547223178,2.25925925925926,2,1.33325688950044,1216.81658701766,6265,18944.5925925926,6347.32912656463,31440,6138048,0.0144714675994524
"115",15,15,"LAT",1,1,324,37880,1,324,135,310,233.827160493827,135,123.496007828007,0.661751052168241,0.00245000987606314,0.0967560989157112,3,0.00114170046178295,0.804419230407707,0.0041425293915868,241.398407946347,0.234217995921157,0.235829224477315,2.12345679012346,2,1.27741466957153,1191.73703097868,8085,22610,6902.68316476028,35663,7325640,-0.00517862796121034
"116",16,16,"LAT",1,1,324,40392,1,324,152,318,249.333333333333,152,142.727047714328,0.712069198728598,0.00254551459768299,0.0779517480032579,3,0.000841307128643122,0.831554318190307,0.00391434591476191,255.470523498898,0.201991300952333,0.212590299277606,2.03703703703704,2,1.22826128502083,1161.00232504708,10276,26387.3333333333,7204.61345314847,39287,8549496,-0.01613811750126
"117",17,17,"LAT",1,1,324,42636,1,324,170,322,263.185185185185,170,162.399183239883,0.756332231155129,0.00263474063616,0.0466250103827176,2,0.000572068033129442,0.857779731058534,0.00373163243893306,267.979233315358,0.169230009503721,0.182089209952987,2,2,1.18518518518519,1139.78919385562,12880,30144,7241.22699008817,42144,9766656,-0.0202618126687808
"118",18,18,"LAT",1,1,324,44574,1,324,187,323,275.148148148148,187,180.789865345967,0.793546586020772,0.00271606317853302,0.0627350500810664,2,0.000358373850516912,0.88239089680429,0.00358662698774258,278.813493406907,0.137225175754947,0.148148148148148,1.98765432098765,1,1.14814814814815,1097.41247423961,15755,33732.3333333333,7051.31526628331,44251,10929276,-0.0218332308825598
"119",19,19,"LAT",1,1,324,46206,1,324,203,323,285.222222222222,203,197.609968803472,0.824561495181482,0.00278826827242066,0.0489705735233119,2,0.000217825570568638,0.904607492320846,0.00347232085144151,287.991819530404,0.108721057358993,0.116959064327485,1.96296296296296,1,1.11695906432749,1049.16575709764,18836,37030.7777777778,6691.61304002252,45883,11997972,-0.0238608449084793
"120",20,20,"LAT",1,1,324,47566,1,324,218,323,293.617283950617,218,213.153295451927,0.850956865505863,0.00285125703594428,0.0365551123375398,2,0.000132898131051614,0.924143496002349,0.00338207855590304,295.676159932658,0.0848566461718686,0.0909681611435997,1.92592592592593,1,1.0909681611436,1001.09768235055,22063,39985.5555555556,6196.14262508059,47243,12955320,-0.0265784807925754
"121",1,1,"LAT",1,1,400,760,1,400,2,4,3.8,2,0.0246233188097228,0.00664571362259453,0.00019257346173509,0.752218663434903,38,0.0377348739379312,0,0.252823833328879,3.95532330490052,0.555114887912407,0.00050125313283208,29,20,13.3333333333333,632.257098443441,0,0,0,0,0,0.623687858981976
"122",2,2,"LAT",1,1,400,2202,1,400,5,12,11.01,5,0.169110499400862,0.0160303061055018,0.000370549500757452,0.672250930332511,19,0.0188328818040402,0.468932554434413,0.0854792665043318,11.6987433432097,0.541576658297915,0.0024812030075188,14.75,10,6.91729323308271,987.673448203106,7,26.49,6.05322259291681,30,10596,0.60817559986971
"123",3,3,"LAT",1,1,400,4250,1,400,9,24,21.25,9,0.615229019856856,0.030765401365862,0.000535521583063766,0.611817190311419,13,0.0125351385040706,0.524079320113314,0.0436131238055745,22.9288781160909,0.525876438362234,0.0068922305764411,10,7,4.77894736842105,1129.98141458178,28,116.55,30.2773727104188,138,46620,0.595651285460054
"124",4,4,"LAT",1,1,400,6830,1,400,14,40,34.15,14,1.61754350912462,0.0512672382810152,0.000688870207389313,0.539616261047956,10,0.00918904026222443,0.563151913977036,0.0268467971463766,37.2483911040749,0.509275175337279,0.0146616541353383,7.63,5,3.70989974937343,1266.53494098495,75,332.04,96.9051852964709,414,132816,0.574883026666903
"125",5,5,"LAT",1,1,400,9870,1,400,20,60,49.35,20,3.4835401726835,0.0778329360377987,0.000831762845237794,0.483977785168693,8,0.00754544974438067,0.580995453419524,0.0184508472079066,54.1980532780888,0.492247349022893,0.0266917293233083,6.2,4,3.06867167919799,1351.82340561135,160,727.11,231.427384909858,954,290844,0.547241775383248
"126",6,6,"LAT",1,1,400,13300,1,400,27,84,66.5,27,6.54716941130406,0.110575392733473,0.000965171522282212,0.473683057267228,7,0.00602008209773411,0.599183027149774,0.0136451716731,73.2859962452064,0.474830844647015,0.043859649122807,5.24,4,2.64157894736842,1429.03498294179,301,1377.36,470.971087023429,1908,550944,0.512375203756543
"127",7,7,"LAT",1,1,400,17052,1,400,35,112,85.26,35,11.1365722894208,0.149357818166375,0.00109002648713539,0.439371725701775,6,0.00478483137315217,0.613179425548552,0.0106369349777361,94.0120440797158,0.456941487650929,0.0670175438596491,4.58,3,2.3365664160401,1475.46742433842,515,2336.79,844.818703927811,3420,934716,0.468659902341716
"128",8,8,"LAT",1,1,400,21060,1,400,44,144,105.3,44,17.5380877181282,0.193740277196074,0.00120686328805299,0.389474786685534,5,0.00438201985188462,0.628509442284612,0.0086290814413555,115.887189939757,0.439395839402739,0.0969924812030075,4.06,3,2.10867167919799,1521.64323612578,826,3676.29,1388.80934775477,5700,1470516,0.413793956293336
"129",9,9,"LAT",1,1,400,25260,1,400,54,180,126.3,54,25.9628565554341,0.242974140955005,0.00131726155436057,0.339107508358049,5,0.00433499835948849,0.643245910835443,0.00722288216697816,138.448887422231,0.423373646472864,0.134586466165414,3.67,3,1.93010025062657,1550.14122617596,1256,5435.28,2118.99988742503,8940,2174112,0.348053968955332
"130",10,10,"LAT",1,1,400,29590,1,400,65,218,147.95,65,36.5177768956712,0.296014100322392,0.00142103897893017,0.307051273910048,4,0.00391565667900561,0.659693610121074,0.00620071323057693,161.271770329388,0.407241061111365,0.175563909774436,3.35,2,1.7874686716792,1563.46140618397,1835,7664.67,3046.7945440387,13292,3065868,0.276992130226607
"131",11,11,"LAT",1,1,400,33990,1,400,77,254,169.95,77,49.1699262247437,0.351501240521309,0.00151754039738199,0.274121897905178,4,0.00321088454360475,0.677055748344656,0.0054355949067837,183.972502945719,0.387546724978642,0.210651629072682,3.09,2,1.67295739348371,1564.75574056646,2590,10377.66,4148.33251572878,18588,4151064,0.209184972020122
"132",12,12,"LAT",1,1,400,38402,1,400,90,286,192.01,90,63.7703815591058,0.40806028509797,0.00160802056318754,0.230414557496684,4,0.00257224330425589,0.696440456092981,0.00484923412534914,206.218131389563,0.364018101714915,0.235563909774436,2.88,2,1.57854636591479,1569.98564671652,3557,13593.09,5381.99061680699,24592,5437236,0.15010423704987
"133",13,13,"LAT",1,1,400,42770,1,400,104,314,213.85,104,80.1111255267657,0.464562536956294,0.00169393784900573,0.18774396619553,3,0.00207853784526066,0.717193514304595,0.00439110342796172,227.733191988189,0.338298624641138,0.251002506265664,2.72,2,1.49824561403509,1576.59123466903,4768,17289.09,6673.21035657184,31048,6915636,0.100961596659783
"134",14,14,"LAT",1,1,400,47040,1,400,119,338,235.2,119,97.946902621773,0.520124289744695,0.00177618016926738,0.134971851237838,3,0.00169162998725062,0.739586017082874,0.00402744280160383,248.296512020425,0.311277721245922,0.257644110275689,2.55,2,1.42844611528822,1575.03966145015,6265,21443.52,7939.24364304681,37692,8577408,0.0613001468616141
"135",15,15,"LAT",1,1,400,51160,1,400,135,358,255.8,135,117.019497358262,0.574025170613007,0.00185503731848467,0.150330743483016,3,0.00137386678679022,0.76294937422218,0.00373507170532401,267.732477150195,0.283461376027731,0.256140350877193,2.36,2,1.3671679197995,1560.06131763971,8085,25993.38,9085.96137184871,44227,10397352,0.0303732892059881
"136",16,16,"LAT",1,1,400,55080,1,400,152,374,275.4,152,137.0714865828,0.62556702443186,0.00193063945220118,0.124863944515378,3,0.00110232830217037,0.787155244646829,0.00349771771390137,285.900716351577,0.25512736771106,0.247117794486216,2.21,2,1.31293233082707,1536.16390162692,10276,30869.82,10027.2190437818,50403,12347928,0.00752884924973917
"137",17,17,"LAT",1,1,400,58752,1,400,170,386,293.76,170,157.859448111724,0.673956730121217,0.00200293370306657,0.0693738938111243,3,0.000863551010742181,0.811555927625396,0.00330375591523513,302.685799331768,0.226401161812435,0.231177944862155,2.1,2,1.2646365914787,1502.43612017105,12880,35965.44,10690.9611556904,55980,14386176,-0.00778244709398148
"138",18,18,"LAT",1,1,400,62130,1,400,189,394,310.65,189,179.178773035388,0.7182617708199,0.00207162425595684,0.0873460052673262,3,0.000649699831909141,0.835797447782114,0.00314478039805856,317.987227539752,0.197298540622137,0.208897243107769,2.03,2,1.22155388471178,1462.51364022906,15951,41162.13,11032.2466460031,60760,16464852,-0.0163040673320434
"139",19,19,"LAT",1,1,400,65170,1,400,209,398,325.85,209,200.884645267733,0.757521100067659,0.00213610041685385,0.0665781788492457,2,0.000455791833323464,0.859226530039319,0.00301468573436018,331.709533966476,0.167750620349549,0.180827067669173,2,2,1.18333333333333,1436.13975086148,19536,46307.61,11047.6968446744,64563,18523044,-0.0196188472725044
"140",20,20,"LAT",1,1,400,67830,1,400,228,399,339.15,228,221.290449024882,0.791045494855004,0.00219534422769088,0.0576637541117148,2,0.000298233959237559,0.881319669174469,0.00290907467470782,343.751918331363,0.138814275549339,0.15,1.99,1,1.15,1386.78308947467,23457,51235.14,10786.6255709754,67431,20494056,-0.0210333957502619
"141",1,1,"LAT",1,1,484,924,1,484,2,4,3.81818181818182,2,0.020357116238134,0.00545550799172024,0.000144623769562954,0.773195779689286,42,0.0345674353851539,0,0.25235040529265,3.96274378414532,0.558652968666983,0.000376435159043855,32,22,14.6666666666667,766.917076410026,0,0,0,0,0,0.627964860907765
"142",2,2,"LAT",1,1,484,2686,1,484,5,12,11.099173553719,5,0.140118638308288,0.013123510811364,0.000279250047628478,0.694948823191209,21,0.0172713305098883,0.467493152659651,0.0851218019346991,11.7478716059976,0.546318035460785,0.00186506510617183,16.2479338842975,11,7.58385093167702,1198.63152277617,7,26.801652892562,5.83928274149896,30,12972,0.61383903265693
"143",3,3,"LAT",1,1,484,5202,1,484,9,24,21.495867768595,9,0.511155552663564,0.0251260087006695,0.000404882012886947,0.615828894071292,14,0.0114463328134944,0.521601455868972,0.0432905129532778,23.0997493857204,0.532026267836596,0.00518453878137673,11,8,5.22314049586777,1375.70217644852,28,118.438016528926,29.3611460170849,138,57324,0.60388479575076
"144",4,4,"LAT",1,1,484,8390,1,484,14,40,34.6694214876033,14,1.34863434527064,0.0417934578399337,0.000522382672351561,0.597016781712721,11,0.00857380606946616,0.559699965905217,0.0265415810132357,37.67673069292,0.516929541159388,0.0110363944356039,8.37190082644628,6,4.04305049364338,1546.24196105596,75,339.173553719008,94.5848663312357,414,164160,0.586670010210853
"145",5,5,"LAT",1,1,484,12170,1,484,20,60,50.2892561983471,20,2.91741890088647,0.0633881959070914,0.000632518040751592,0.539580356075833,9,0.00687165804353392,0.576352605691757,0.0181561715066267,55.0776907805159,0.501428486986253,0.0201050596307513,6.80165289256198,5,3.33512995568332,1650.84491695113,160,746.652892561983,227.460140006602,954,361380,0.5638350496543
"146",6,6,"LAT",1,1,484,16464,1,484,27,84,68.0330578512397,27,5.51397198190803,0.0900655711901293,0.000735915752987844,0.510004150469712,7,0.00567794042981776,0.593223668565639,0.0133573175618676,74.8653309594729,0.485722505065759,0.0330578512396694,5.75206611570248,4,2.86350803346851,1747.26965441441,301,1422.54545454545,466.685737557675,1908,688512,0.535529954749349
"147",7,7,"LAT",1,1,484,21196,1,484,35,112,87.5867768595041,35,9.4439039519732,0.121832178393112,0.000833325452616889,0.449216852061766,6,0.00458515206811197,0.605639000094829,0.0103534546199798,96.5861190013069,0.469622547592924,0.0505449754461612,5,4,2.52617079889807,1812.77733392381,515,2427.99173553719,844.877415204388,3420,1175148,0.500954397586576
"148",8,8,"LAT",1,1,484,26292,1,484,44,144,108.644628099174,44,14.9961334722567,0.158507299027021,0.000924854351380625,0.406313763141652,6,0.00382208680543325,0.619143635158552,0.0083481591754257,119.786887023391,0.453264784851071,0.0731995277449823,4.4297520661157,3,2.27428434543059,1869.1073131829,826,3844.63636363636,1404.20188717954,5700,1860804,0.458536802838435
"149",9,9,"LAT",1,1,484,31680,1,484,54,180,130.909090909091,54,22.4154243112843,0.199695292427188,0.00101130537483995,0.380020292492475,5,0.00360290870198727,0.631685525469646,0.00694308653592772,144.028163097982,0.437418210328554,0.101637492941841,4,3,2.07833273445922,1908.35251138384,1256,5723.30578512397,2170.42216402017,8940,2770080,0.406635384355593
"150",10,10,"LAT",1,1,484,37290,1,484,65,220,154.090909090909,65,31.8788575207892,0.244794101144579,0.00109346960561474,0.351295805001798,5,0.00357922855554441,0.645531248421159,0.00592084126101233,168.894918123345,0.422966802889345,0.136457745153397,3.65289256198347,3,1.92048662799651,1943.48486827955,1835,8130.81818181818,3171.06391352891,13410,3935316,0.346063882199871
"151",11,11,"LAT",1,1,484,43054,1,484,77,262,177.909090909091,77,43.4740315794515,0.292998568642699,0.00117111437393089,0.304292262798985,4,0.00327539465877577,0.659762274125284,0.00515453767387441,194.003820181287,0.408445818590674,0.174101261057783,3.36363636363636,2,1.79164313946923,1954.78926177271,2590,11096.1818181818,4404.33312140515,19210,5370552,0.281346221067072
"152",12,12,"LAT",1,1,484,48906,1,484,90,302,202.090909090909,90,57.170184415381,0.34328210519651,0.0012437827542848,0.2783364746871,4,0.00274153999755363,0.675591058620812,0.00456607912888357,219.006279079641,0.390855135405987,0.206851119894598,3.12396694214876,2,1.68615574149171,1953.31255178063,3557,14659.2148760331,5856.01141714289,26194,7095060,0.219050579452082
"153",13,13,"LAT",1,1,484,54782,1,484,104,338,226.371900826446,104,72.836721957463,0.394594725334857,0.00131224514427387,0.237222821481574,4,0.00223866175615097,0.692527378342892,0.00410517549043791,243.594945533821,0.369882784549746,0.231114076963879,2.92561983471074,2,1.59789880738497,1953.65890965675,4768,18817.9090909091,7471.90427472697,34042,9107868,0.163657511026925
"154",14,14,"LAT",1,1,484,60620,1,484,119,370,250.495867768595,119,90.2906061331963,0.446052630322649,0.00137743805354359,0.213665165227108,3,0.00183905521153217,0.711080267986207,0.00373817783695356,267.510012529247,0.346892317185384,0.247420563626097,2.76859504132231,2,1.52209845490478,1963.08290438395,6265,23575.5371900826,9183.36564332417,42528,11410560,0.116467631655112
"155",15,15,"LAT",1,1,484,66360,1,484,135,398,274.214876033058,135,109.313578778086,0.496945909212684,0.00144002819472794,0.187312743843198,3,0.00152277555733182,0.730742202213409,0.00344189264836026,290.537823855839,0.322654732264311,0.256283900552675,2.62809917355372,2,1.45562342795544,1961.31485833868,8085,28892.1818181818,10895.419686878,51335,13983816,0.0772994655986511
"156",16,16,"LAT",1,1,484,71944,1,484,152,422,297.289256198347,152,129.668545879661,0.546702167079192,0.00150027393458253,0.154221698425319,3,0.00126291292866018,0.751589374123573,0.00319994926296749,312.504954866892,0.297628586227737,0.258200297725989,2.45454545454545,2,1.39672843625413,1951.39392980642,10276,34727.652892562,12510.6856731265,60159,16808184,0.0456061195272541
"157",17,17,"LAT",1,1,484,77316,1,484,170,442,319.487603305785,170,151.113385841709,0.59480464549249,0.00155829245441544,0.13152690210585,3,0.00104143481795498,0.773122041052761,0.0030005646068363,333.270611044888,0.272086977016602,0.253648854439368,2.29752066115702,2,1.34418151018942,1927.15358372227,12880,40999.5371900826,13927.3515956406,68688,19843776,0.0208464464032611
"158",18,18,"LAT",1,1,484,82422,1,484,189,458,340.586776859504,189,173.40810349916,0.640707452739666,0.00161411695481901,0.108114597848315,3,0.000847169788569941,0.795195133776031,0.00283511950199854,352.718818129211,0.246178676023692,0.243091559297093,2.17355371900826,2,1.2970073404856,1893.20168232044,15951,47619.8925619835,15056.2303057402,76660,23048028,0.00257815271216056
"159",19,19,"LAT",1,1,484,87210,1,484,209,470,360.371900826446,209,196.331671757557,0.683778078950022,0.0016676618770773,0.0777118798804683,3,0.000673317215726907,0.817322510025459,0.00269722963150305,370.750783811737,0.219963338927285,0.226973290214397,2.08264462809917,2,1.25448727820269,1849.96765240338,19536,54461.5289256198,15827.5298264457,83823,26359380,-0.00962183346318645
"160",20,20,"LAT",1,1,484,91630,1,484,230,478,378.636363636364,230,219.710093906086,0.723294914810002,0.00171869186179033,0.0817519593632101,3,0.000515696881866426,0.83921772085053,0.00258212811803894,387.277452661595,0.193432777325689,0.205721814417467,2.02479338842975,2,1.21615933473641,1800.37968480461,23695,61387.0909090909,16201.9050143876,89967,29711352,-0.0164128051645458
"161",1,1,"LAT",1,1,729,1404,1,729,2,4,3.85185185185185,2,0.0135232845161143,0.00357709925110607,7.81862845717205e-05,0.783948080778565,52,0.028743070154881,0,0.251581894145044,3.97484883957297,0.566606911755741,0.000203500203500203,39.4814814814815,26,18,1160.30710061433,0,0,0,0,0,0.635675156174918
"162",2,2,"LAT",1,1,729,4106,1,729,5,12,11.2647462277092,5,0.0934350705996415,0.0085598760920555,0.000151942393121107,0.712018860166617,26,0.0143519005326736,0.464902883226978,0.0845403783563973,11.8286671936136,0.55650816523121,0.00100996397292694,19.9903978052126,13,9.25034293552812,1819.58802127281,7,27.3827160493827,5.38442787044859,30,19962,0.62385988741492
"163",3,3,"LAT",1,1,729,8002,1,729,9,24,21.9533607681756,9,0.342405219639025,0.016308963962357,0.000221636262384307,0.685318946132,18,0.00948940895207203,0.517182410423453,0.0427652062946413,23.3834952907805,0.544823061261461,0.00281131762613244,13.4938271604938,9,6.33394383394383,2093.65258114538,28,121.9670781893,27.3274609771342,138,88914,0.618135870575603
"164",4,4,"LAT",1,1,729,12990,1,729,14,40,35.6378600823045,14,0.90849785612336,0.0270164688887882,0.000287593462433796,0.611945397092926,13,0.0070686269082502,0.553614509736343,0.0260446102122297,38.3956600560078,0.532491392052694,0.00599195043639488,10.2427983539095,7,4.87591009813232,2358.91220277861,75,352.551440329218,89.0362495707249,414,257010,0.606559470158347
"165",5,5,"LAT",1,1,729,18970,1,729,20,60,52.0438957475994,20,1.97910237831558,0.040854340834038,0.000350108402362831,0.571182986259413,11,0.0057082472561118,0.568267525835769,0.0176768888792831,56.5710406864623,0.519849725694086,0.0109287146324183,8.29355281207133,6,4.00117577895356,2528.31430369675,160,783.415637860082,216.66847828052,954,571110,0.591018655903079
"166",6,6,"LAT",1,1,729,25844,1,729,27,84,70.9026063100137,27,3.77296644894003,0.057961993488296,0.000409434661535134,0.537061896697773,9,0.0046584600598217,0.582988504771734,0.0128900894710248,77.5789805220408,0.507020094295877,0.0179909253983328,6.99725651577503,5,3.41820045523749,2688.94259093191,301,1507.8353909465,450.621921042222,1908,1099212,0.572165919674566
"167",7,7,"LAT",1,1,729,33516,1,729,35,112,91.9506172839506,35,6.5302142351594,0.0784321381469208,0.000465827194042749,0.516531424887926,8,0.00410270952903251,0.592880658848017,0.00989464662865999,101.064751226535,0.494119489477686,0.0275403608736942,6.06858710562414,4,3.00171844616289,2798.75487308333,515,2600.72427983539,828.036328618092,3420,1895928,0.54998527101332
"168",8,8,"LAT",1,1,729,41892,1,729,44,144,114.930041152263,44,10.5004095799587,0.102295648055185,0.000519462338816081,0.487954734607902,7,0.00347501796889579,0.603558341921447,0.00789511942740348,126.66052859556,0.481073988451376,0.0399312621534844,5.36625514403292,4,2.68966218966219,2900.53621142996,826,4164.64197530864,1399.97057247112,5700,3036024,0.524082226612748
"169",9,9,"LAT",1,1,729,50880,1,729,54,180,139.588477366255,54,15.9289860135938,0.129506992018547,0.000570628884790261,0.453611353117522,6,0.00286092020471424,0.612796237110294,0.00649372208826245,153.994887124523,0.467716559459502,0.0555103332881111,4.84362139917695,3,2.44647944647945,2969.52281847578,1256,6272.83950617284,2206.25970290872,8940,4572900,0.493753556031272
"170",10,10,"LAT",1,1,729,60390,1,729,65,220,165.679012345679,65,23.0425535438402,0.159931563137108,0.000619217644094551,0.403773708873226,6,0.00251262945993217,0.622856809570331,0.00547342874406065,182.700834661477,0.454260854138017,0.074616741283408,4.38820301783265,3,2.25315425315425,3035.16208985776,1835,9023.71193415638,3297.57362586539,13410,6578286,0.457988406223695
"171",11,11,"LAT",1,1,729,70334,1,729,77,264,192.960219478738,77,32.0339255998451,0.193337747205765,0.00066568281062232,0.387117223243303,5,0.00239520153947707,0.632639926691422,0.00470760071791862,212.422433405128,0.44117338551058,0.0975821161006346,4.04252400548697,3,2.09465020576132,3086.2497150595,2590,12478.0823045267,4704.16204877433,19350,9096522,0.415893747837054
"172",12,12,"LAT",1,1,729,80626,1,729,90,312,221.196159122085,90,43.0499981167247,0.229403672811339,0.000710291866279847,0.351613952953554,5,0.00237646951982035,0.643300741910557,0.0041182689308646,242.820470636447,0.428943177048551,0.124730550656477,3.7517146776406,3,1.96175703583111,3121.05561084306,3557,16718.4773662551,6460.60245994403,27090,12187770,0.367780308511726
"173",13,13,"LAT",1,1,729,91182,1,729,104,364,250.156378600823,104,56.1811291866489,0.26772182218918,0.00075301724485529,0.321768523086671,4,0.00237641930184484,0.654273847145933,0.00365528358806184,273.57658466391,0.417997969141493,0.156378600823045,3.49794238683128,2,1.84910836762689,3148.23870080963,4768,21784.0576131687,8570.3225237742,36918,15880578,0.315673593336427
"174",14,14,"LAT",1,1,729,101920,1,729,119,416,279.615912208505,119,71.4439466803176,0.30778165313325,0.000793592998411539,0.285210046339096,4,0.0021204200527591,0.666260992198369,0.00328520592979795,304.394921161458,0.405760306174263,0.187340779933373,3.28395061728395,2,1.7535763276504,3148.67006092631,6265,27731.5226337449,11029.6809119331,48780,20216280,0.262964451677496
"175",15,15,"LAT",1,1,729,112760,1,729,135,464,309.355281207133,135,88.7723567662048,0.34899510166468,0.000832069694125037,0.279421448837772,4,0.00179807056802339,0.678966691050038,0.00298503932056738,335.00396229619,0.390376581888972,0.212424064275916,3.09739368998628,2,1.67198782013597,3139.38821847651,8085,34570.6666666667,13792.2713202115,62156,25202016,0.213119907987608
"176",16,16,"LAT",1,1,729,123624,1,729,152,508,339.160493827161,152,108.045139089209,0.390807466908769,0.000868791251644686,0.242419892971188,4,0.00151856805484245,0.692789798455256,0.00273851330548042,365.161636424684,0.372981990059415,0.231922398589065,2.93827160493827,2,1.60112452705045,3135.03925279904,10276,42324.1481481481,16797.2480804721,76824,30854304,0.16812401010287
"177",17,17,"LAT",1,1,729,134436,1,729,170,548,368.82304526749,170,129.10951238605,0.432744799381809,0.000904092186441119,0.217846265391948,4,0.0012903665563601,0.707457282895698,0.00253384022164368,394.65787600108,0.35426466251298,0.246122190566635,2.80658436213992,2,1.53849168663983,3137.84588715708,12880,50966.2222222222,19947.2718774184,92448,37154376,0.128592945979346
"178",18,18,"LAT",1,1,729,145122,1,729,189,584,398.139917695473,189,151.787899193683,0.474410495795346,0.000938227444891217,0.170946939234988,3,0.00110405004940784,0.723114332357311,0.00236231520143733,423.313535548329,0.334657129758266,0.255302310857866,2.69684499314129,2,1.4823180934292,3139.87728360899,15951,60479.037037037,23137.6818797655,108690,44089218,0.094469800004181
"179",19,19,"LAT",1,1,729,155610,1,729,209,616,426.913580246914,209,175.884452146147,0.515475387953723,0.000971320629204266,0.161545699214314,3,0.000948061933384315,0.739482624924993,0.00221740635729856,450.977330658639,0.31444121884473,0.259734093067426,2.57064471879287,2,1.43151841299989,3126.59155272098,19536,70796.6666666667,26243.6729538739,125130,51610770,0.0654781898664169
"180",20,20,"LAT",1,1,729,165830,1,729,230,644,454.951989026063,230,201.194479108808,0.555652657536206,0.00100342548359203,0.160597097526065,3,0.000813760331670897,0.756562454856748,0.00209414508980552,477.521832115685,0.293803761102288,0.259681333755408,2.42798353909465,2,1.38535401498364,3103.06937453984,23695,81856.024691358,29143.4120883818,141398,59673042,0.0413055225487776
"181",1,1,"LAT",1,1,961,1860,1,961,2,4,3.87096774193548,2,0.01026135321621,0.00269432485433299,5.16416988449744e-05,0.792730662504336,60,0.0252163671497371,0,0.251209643094077,3.9807389066888,0.570026003929185,0.000134408602150538,45.4838709677419,30,20.6666666666667,1533.38024892761,0,0,0,0,0,0.639935555583307
"182",2,2,"LAT",1,1,961,5458,1,961,5,12,11.3590010405827,5,0.0710397998294694,0.00642761382530837,0.000100726050044405,0.737471031996091,30,0.0125924454127359,0.463474054223367,0.0842580116163114,11.8683076044298,0.561206273125263,0.000667707249392993,22.9916753381894,15,10.5835934790149,2407.76989382617,7,27.7148803329865,5.08530124591519,30,26634,0.629295878251214
"183",3,3,"LAT",1,1,961,10674,1,961,9,24,22.2143600416233,9,0.260932647058933,0.0122101179837261,0.000147439749050648,0.688185902019512,20,0.00841257761786222,0.514766364830303,0.0425096219647869,23.5240859311418,0.551007388267127,0.00186004162330905,15.4942767950052,10,7.22268470343392,2775.3096945344,28,123.989594172737,25.9403943353341,138,119154,0.625702683630942
"184",4,4,"LAT",1,1,961,17390,1,961,14,40,36.1914672216441,14,0.694224850847893,0.0201722344826292,0.000191950614839941,0.641744369686266,15,0.00628649898333179,0.550324923061271,0.0258026249597606,38.7557468110128,0.540248317385384,0.00396722164412071,11.7460978147763,8,5.5423517169615,3137.14672852581,75,360.24349635796,85.0310177587925,414,346194,0.616866400772301
"185",5,5,"LAT",1,1,961,25490,1,961,20,60,53.0489073881374,20,1.51733314094758,0.0304356311733157,0.000234413793761785,0.607478480241561,12,0.00504805907168098,0.563948730740114,0.0174435843466606,57.3276673031619,0.529223608176756,0.00724072147069025,9.49635796045786,6,4.53416579951439,3368.25902243879,160,804.618106139438,208.210812751947,954,773238,0.604720510614793
"186",6,6,"LAT",1,1,961,34860,1,961,27,84,72.5494276795005,27,2.90420984312103,0.0431075872814248,0.000274965550470137,0.581241372341262,10,0.00413376829815141,0.577593334089841,0.0126629415462296,78.9705927607122,0.518054245957144,0.0119276795005203,7.99687825182102,5,3.86212278876171,3583.65983764801,301,1557.19042663892,436.058279447738,1908,1496460,0.59005368297939
"187",7,7,"LAT",1,1,961,45388,1,961,35,112,94.4599375650364,35,5.05061139092433,0.0582744309891492,0.000313721491721569,0.547412198715463,9,0.00350950588114203,0.586250198753993,0.00967206923010563,103.390492376478,0.506781220820099,0.0182708983697537,6.92715920915713,5,3.38232743669788,3739.94878733648,515,2701.01144640999,807.255234365507,3420,2595672,0.573057091606409
"188",8,8,"LAT",1,1,961,56964,1,961,44,144,118.551508844953,44,8.16719868563519,0.075994261644434,0.000350820201576994,0.519623250196083,8,0.00315062014638474,0.595584012470601,0.00767597733210801,130.276570231269,0.495481936500896,0.0265088449531738,6.12278876170656,4,3.02232049947971,3885.82138502503,826,4351.09261186264,1376.20555209694,5700,4181400,0.553629981315678
"189",9,9,"LAT",1,1,961,69480,1,961,54,180,144.599375650364,54,12.4715222379051,0.0962893155572767,0.000386324541374853,0.493235489646917,7,0.00273249670054597,0.603292798353087,0.00627713223287714,159.308417108436,0.484109658733552,0.036875650364204,5.49843912591051,4,2.74271592091571,3990.64692411611,1256,6594.16857440166,2188.55739031896,8940,6336996,0.531485024626724
"190",10,10,"LAT",1,1,961,82830,1,961,65,220,172.382934443288,65,18.1790595392456,0.11913856646199,0.000420432582638259,0.47197608120232,6,0.0023265147677069,0.6116581820635,0.00525866568254844,190.162307392658,0.472509714319993,0.0496011099549081,4.99791883454735,3,2.51838362816511,4093.91627889662,1835,9547.78563995838,3304.63049558271,13410,9175422,0.506172336832474
"191",11,11,"LAT",1,1,961,96910,1,961,77,264,201.685744016649,77,25.4936174562393,0.144471323653625,0.000453052053971325,0.457837406007642,6,0.00199282507493536,0.619512320507797,0.00449404536305163,222.51666799397,0.460747948285293,0.0649106833159903,4.59833506763788,3,2.33568331599029,4154.58088516612,2590,13292.2976066597,4768.17902292598,19350,12773898,0.477065008553572
"192",12,12,"LAT",1,1,961,111618,1,961,90,312,232.295525494277,90,34.5972253145713,0.172161578967137,0.000484326042479292,0.42761732161559,5,0.00185471049410123,0.628006032759593,0.00390538540632333,256.056674555312,0.449088958853871,0.083025494276795,4.23621227887617,3,2.18381893860562,4228.51851709764,3557,17936.7096774194,6634.21692314423,27090,17237178,0.443436572319575
"193",13,13,"LAT",1,1,961,126854,1,961,104,364,264.004162330905,104,45.6409975445935,0.2020282363559,0.000514486915924724,0.399863310870729,5,0.00180796666127353,0.636501827469979,0.00344259876121268,290.478231522904,0.437862290197425,0.104162330905307,3.96149843912591,3,2.05469129379119,4277.14196518946,4768,23546.0915712799,8932.58206674341,36918,22627794,0.404939464397445
"194",14,14,"LAT",1,1,961,142520,1,961,119,420,296.607700312175,119,58.7382322282635,0.233840781007482,0.000543600499257475,0.374401369525794,5,0.00180139819994514,0.645673512964189,0.00307227770492411,325.491409320597,0.427379953238671,0.128533645508151,3.7159209157128,3,1.94347467915366,4312.23542167388,6265,30211.1550468262,11697.9798506114,49224,29032920,0.36213098916056
"195",15,15,"LAT",1,1,961,158520,1,961,135,480,329.906347554631,135,73.956996922391,0.267318762712841,0.00057162651572004,0.350785346638465,4,0.00180019118242013,0.655165698055194,0.00277144433594035,360.822689827072,0.417914434979963,0.156347554630593,3.49843912591051,2,1.84703433922997,4339.89818236609,8085,37973.9438085328,14930.1517331876,64344,36492960,0.316557640270501
"196",16,16,"LAT",1,1,961,174760,1,961,152,540,363.704474505723,152,91.3073499125222,0.302120229970765,0.000598412907082642,0.311756899685753,4,0.00163891557359125,0.665425212295873,0.00252387779908779,396.215696481593,0.407442468797445,0.183641172389872,3.3111342351717,2,1.76348421782865,4336.96852257427,10276,46898.4474505723,18623.132078804,82156,45069408,0.270519169198378
"197",17,17,"LAT",1,1,961,191148,1,961,170,596,397.810613943809,170,110.734642376252,0.337854887270947,0.000623980076196104,0.274638194918918,4,0.00142394272839243,0.676252623595254,0.00231786061572152,431.432327387258,0.394456606628869,0.206447277141866,3.14464099895942,2,1.69073881373569,4321.68620926417,12880,56997.1030176899,22725.6824271114,102004,54774216,0.226386271172226
"198",18,18,"LAT",1,1,961,207594,1,961,189,648,432.037460978148,189,132.139151344626,0.374146435190185,0.000648498696965627,0.258108710490468,4,0.00122854314517814,0.687926222896314,0.00214474245964635,466.256447482692,0.37977674634972,0.224960978147763,2.99895941727367,2,1.62659989594173,4308.98096393155,15951,68300.0728407908,27173.8979234305,123646,65636370,0.185685827169392
"199",19,19,"LAT",1,1,961,224010,1,961,209,696,466.201873048907,209,155.394418528625,0.410664215801076,0.000672142492234723,0.206913136299387,4,0.00106328836985793,0.700265301803126,0.00199801738186579,500.496146367945,0.363929064564336,0.239373048907388,2.87408949011446,2,1.56928546652792,4301.92467446506,19536,80784.767950052,31863.7121595837,146714,77634162,0.149051862390579
"200",20,20,"LAT",1,1,961,240310,1,961,230,740,500.124869927159,230,180.354018133064,0.447124015387084,0.000695059979905611,0.201130969765845,3,0.000925331604572804,0.713392878351742,0.00187271674721464,533.983583735947,0.347260898838116,0.249869927159209,2.77003121748179,2,1.51742976066597,4306.94311869619,23695,94441.7419354839,36683.7273386761,170850,90758514,0.116586770233401
"201",1,1,"LAT",1,1,1444,2812,1,1444,2,4,3.89473684210526,2,0.00683101398665893,0.00177731150789588,2.80279693527646e-05,0.818222085696537,74,0.020708315687,0,0.25081331028108,3.98702923253685,0.573667459924196,7.2947441368494e-05,56,38,25.3333333333333,2311.08609115747,0,0,0,0,0,0.645119294330203
"202",2,2,"LAT",1,1,1444,8286,1,1444,5,12,11.4764542936288,5,0.0474024239458874,0.00422340649446738,5.49186979440818e-05,0.762116016657453,37,0.0103420117515943,0.461737825671805,0.0839566047796978,11.9109151998702,0.566446611446527,0.000362817537332773,28.2493074792244,19,12.9168399168399,3635.84621475679,7,28.1301939058172,4.66088570349349,30,40620,0.635815898128246
"203",3,3,"LAT",1,1,1444,16274,1,1444,9,24,22.5401662049861,9,0.17456271234674,0.007991982157472,8.0740647547077e-05,0.725848215114372,25,0.0068840758993531,0.51185073121533,0.0422362244492154,23.6763586954226,0.558101556303601,0.00101166583161043,19,13,8.77809388335704,4203.30262301719,28,126.523545706371,23.9206385870657,138,182700,0.634631613217873
"204",4,4,"LAT",1,1,1444,26630,1,1444,14,40,36.8836565096953,14,0.465822672415519,0.0131554340852231,0.000105556794381946,0.675751988029729,19,0.00516168403455957,0.546389685634439,0.0255434173968745,39.1490294529799,0.54930037714674,0.00215962819840936,14.3739612188366,10,6.70878421570942,4757.59904928552,75,369.905817174515,78.9771899275582,414,534144,0.628811316467746
"205",5,5,"LAT",1,1,1444,39210,1,1444,20,60,54.3074792243767,20,1.02171086674398,0.0197837039398539,0.000129424919803687,0.63293169854694,15,0.00412705897130761,0.558828732368139,0.0171935261627905,58.1614260234855,0.540285779527715,0.00394492084242777,11.601108033241,8,5.46726483568589,5116.09869136843,160,831.315789473684,194.796992609918,954,1200420,0.620285906235619
"206",6,6,"LAT",1,1,1444,53872,1,1444,27,84,74.6149584487535,27,1.96370489098633,0.0279424935597895,0.000152399365065288,0.623649323173195,13,0.00342543698176882,0.571260507650322,0.0124195173281399,80.518427051446,0.531157941145879,0.00650384029885415,9.75069252077562,7,4.63960124624945,5460.49162763847,301,1619.50138504155,411.251182362574,1908,2338560,0.609928054132093
"207",7,7,"LAT",1,1,1444,70476,1,1444,35,112,97.612188365651,35,3.43169160052329,0.0376911939772768,0.000174527414695875,0.602427219297223,11,0.00293900027885858,0.578548136830759,0.00943373936902794,106.002504508776,0.521963850966315,0.00997076343336731,8.42659279778393,6,4.04851196817956,5716.02863285301,515,2827.95290858726,767.757873950517,3420,4083564,0.598062804985287
"208",8,8,"LAT",1,1,1444,88884,1,1444,44,144,123.108033240997,44,5.58092261506983,0.049080542820258,0.000195856466047293,0.54783021723546,10,0.00248342212259298,0.586424657796171,0.00744166231344522,134.378578048785,0.512721211045661,0.0144781474421364,7.43490304709141,5,3.60521612599175,5957.73740643483,826,4587.74792243767,1320.96331432217,5700,6624708,0.584772661591061
"209",9,9,"LAT",1,1,1444,108960,1,1444,54,180,150.914127423823,54,8.5784498200575,0.0621500518889076,0.000216434394298939,0.528052562533557,9,0.00227683647320846,0.592506554602706,0.00604600416408134,165.398496736223,0.503442534446505,0.0201565298518207,6.66759002770083,5,3.26035709692219,6139.95755322361,1256,7003.14681440443,2121.43499938157,8940,10112544,0.570014861923606
"210",10,10,"LAT",1,1,1444,130570,1,1444,65,220,180.84487534626,65,12.5990494202219,0.0769252793060092,0.000236284231443526,0.517832669206472,8,0.00206030549886292,0.599110166084463,0.00503005100980113,198.805140952147,0.494172890493827,0.0271345285195701,6.04986149584488,4,2.98468679632115,6306.5428847142,1835,10216.7451523546,3237.94955804025,13410,14752980,0.553666442388839
"211",11,11,"LAT",1,1,1444,153582,1,1444,77,264,212.717451523546,77,17.8206719582968,0.0934150524956145,0.000255447915428975,0.484944660478063,7,0.00183750203462804,0.605003011094225,0.00426737415812556,234.336142776674,0.484856216231517,0.0355388416330245,5.54847645429363,4,2.75928688117054,6443.54839333605,2590,14334.6648199446,4726.77955692304,19350,20699256,0.535539240254121
"212",12,12,"LAT",1,1,1444,177866,1,1444,90,312,246.351800554017,90,24.4194922956465,0.111608802907802,0.000274003637142742,0.463519365479646,7,0.0016163624710584,0.611349387577522,0.00368016119647401,271.727227861135,0.475401020637489,0.0454942477103142,5.11634349030471,4,2.57092506954003,6573.88159619833,3557,19501.0886426593,6661.91658103564,27090,28159572,0.515380402578613
"213",13,13,"LAT",1,1,1444,203294,1,1444,104,364,281.570637119114,104,32.5647115979669,0.131474299157968,0.00029191719680134,0.460262203973913,6,0.00140478321846108,0.617451659594874,0.00321838134534776,310.715198944812,0.465816128793798,0.0571236056000599,4.78393351800554,3,2.41187469165309,6651.05335091937,4768,25815.864265928,9097.92970416173,36918,37278108,0.492863694636765
"214",14,14,"LAT",1,1,1444,229740,1,1444,119,420,318.19944598338,119,42.4130855566222,0.152955404429698,0.000309187470717452,0.424776778218615,6,0.0012827075912176,0.623979508889728,0.00284867396183931,351.04052390549,0.456210953403282,0.0705478544813725,4.45983379501385,3,2.27623276376739,6730.52970063059,6265,33415.7119113573,12104.923640104,49224,48252288,0.467587457189721
"215",15,15,"LAT",1,1,1444,257080,1,1444,135,480,356.06648199446,135,54.1034571698262,0.175970749545929,0.000325917442435096,0.404352201533995,5,0.00122453757208858,0.630513825718399,0.00254809807777611,392.449571985379,0.44675313383784,0.0858860138638532,4.19113573407202,3,2.15855126381442,6810.64036534613,8085,42386.8421052632,15726.2803539588,64344,61206600,0.439179828330325
"216",16,16,"LAT",1,1,1444,285192,1,1444,152,544,395.002770083103,152,67.7523531087518,0.200415298329445,0.00034217296684904,0.401468229833207,5,0.0012025199985825,0.637479345961806,0.00230045457937895,434.69669384647,0.437620977561464,0.103255183587594,3.96952908587258,3,2.05510411327586,6871.98285634634,10276,52850.3434903047,20016.6940782521,82728,76315896,0.407534462846477
"217",17,17,"LAT",1,1,1444,313956,1,1444,170,612,434.842105263158,170,83.4505243001628,0.226162606435754,0.00035797094813971,0.353349536967228,5,0.00119735526147176,0.644616785495782,0.00209403911407813,477.545998676455,0.428981745032222,0.122770543823175,3.76731301939058,3,1.96346101055242,6905.35764756891,12880,64872.1994459834,24996.3446866553,104760,93675456,0.37297814738311
"218",18,18,"LAT",1,1,1444,343254,1,1444,189,684,475.421052631579,189,101.259057687764,0.253064582791398,0.000373300724249038,0.350569234464256,5,0.00119630523271498,0.652218715954277,0.00192022413121392,520.77254094699,0.42098515926865,0.144545355071671,3.58448753462604,3,1.88187313672078,6943.51746373186,15951,78550.5789473684,30689.8829572662,130950,113427036,0.33628632902626
"219",19,19,"LAT",1,1,1444,372970,1,1444,209,758,516.578947368421,209,121.203000150537,0.280947368128911,0.000388112793290927,0.328418839746254,4,0.00114897831936582,0.660126130198413,0.00177253803613116,564.162787830865,0.412987690503212,0.167304956778641,3.42105263157895,2,1.8092059671007,6947.4751868283,19536,93925.4210526316,37078.6927735628,161334,135628308,0.298605088643381
"220",20,20,"LAT",1,1,1444,402990,1,1444,230,830,558.157894736842,230,143.262945428934,0.309607768729749,0.00040236179157278,0.300540667947771,4,0.00104946438971995,0.668555879901064,0.001646050697693,607.514702555357,0.403749557809631,0.188386767334136,3.27423822714681,2,1.74454957834459,6929.01127223838,23695,111065.567867036,44138.5094324734,195366,160378680,0.261299001605812
"221",1,1,"LAT",1,1,1936,3784,1,1936,2,4,3.90909090909091,2,0.00509577077947917,0.00131856518067641,1.80514467755014e-05,0.829513503222649,86,0.0180077300556956,0,0.250610474520294,3.99025620103929,0.576507237805989,4.69814423302795e-05,65,44,29.3333333333333,3104.14000833318,0,0,0,0,0,0.648190408573795
"222",2,2,"LAT",1,1,1936,11178,1,1936,5,12,11.547520661157,5,0.0354085586227595,0.0031257579556236,3.54686376067912e-05,0.780626862199383,43,0.00899203822238846,0.460710333031492,0.0838019373666512,11.9328983484569,0.570256115055234,0.000233839451598437,32.75,22,14.9167958656331,4889.38949906581,7,28.3822314049587,4.3695652111552,30,54948,0.639631061411943
"223",3,3,"LAT",1,1,1936,22010,1,1936,9,24,22.7376033057851,9,0.130581282333124,0.00590061896202917,5.22847860669044e-05,0.745081249467168,29,0.00598663062236007,0.510135552208587,0.0420955937304834,23.7554554142291,0.563033457641037,0.000652401392359109,22,15,10.1113460183228,5657.37403130347,28,128.064049586777,22.5057220154638,138,247932,0.639783906172969
"224",4,4,"LAT",1,1,1936,36110,1,1936,14,40,37.3037190082645,14,0.349015730965386,0.00969017278021022,6.85308489006335e-05,0.71731654010205,22,0.00447485119947994,0.544092087983751,0.0254098438916777,39.3548265885854,0.555416033876909,0.00139342686911397,16.6260330578512,11,7.70865633074935,6414.39341992346,75,375.793388429752,74.6170009078467,414,727536,0.63559982806183
"225",5,5,"LAT",1,1,1936,53310,1,1936,20,60,55.0723140495868,20,0.766916512676569,0.0145405030961743,8.42353877022637e-05,0.673450604673309,18,0.00356387417744565,0.555862375463561,0.0170645168188251,58.6011318466882,0.547614444726306,0.00254660772631174,13.3987603305785,9,6.26709910948812,6908.77309010121,160,847.617768595041,184.810272358939,954,1640988,0.628986457046111
"226",6,6,"LAT",1,1,1936,73444,1,1936,27,84,75.8719008264463,27,1.47711315484078,0.0204959701512149,9.94254756240507e-05,0.644308445012367,15,0.00298664244125586,0.567622236073447,0.0122938626995687,81.3413997241956,0.539716567701597,0.00420056804834818,11.2479338842975,8,5.30608302902172,7385.56766864854,301,1657.63636363636,391.942315008948,1908,3209184,0.62083758194657
"227",7,7,"LAT",1,1,1936,96348,1,1936,35,112,99.5330578512397,35,2.58763509189078,0.0275983098985566,0.000114126063063002,0.618796981779055,13,0.00255030215107908,0.574161771129736,0.00931072030594918,107.403075931842,0.531763297158909,0.00644286415956606,9.71487603305785,7,4.61967027569565,7737.31998410449,515,2905.81611570248,735.146945017507,3420,5625660,0.611518802501454
"228",8,8,"LAT",1,1,1936,121860,1,1936,44,144,125.888429752066,44,4.22001862161986,0.0358856141107309,0.000128358961566258,0.573075391500671,11,0.00223840693696299,0.581256974267711,0.00732078675648544,136.597340321941,0.523775810591237,0.00935998462425524,8.56404958677686,6,4.10496081320606,8074.44668673051,826,4733.25,1271.25485686825,5700,9163572,0.601168046235813
"229",9,9,"LAT",1,1,1936,149820,1,1936,54,180,154.772727272727,54,6.50733094333843,0.0453911984639674,0.000142150677903976,0.578734002272936,10,0.00192487364575003,0.586480383162534,0.00592690152604559,168.722222835242,0.515762905210117,0.0130373502466526,7.67148760330578,5,3.70451876054413,8336.7674907395,1256,7255.19008264463,2052.43907563629,8940,14046048,0.589813639926419
"230",10,10,"LAT",1,1,1936,180070,1,1936,65,220,186.022727272727,65,9.59190411575532,0.0561423737366336,0.000155513609893885,0.552471068039419,9,0.00174555321696154,0.592172582007219,0.00491242347536562,203.565512015548,0.507723557405753,0.017559314070942,6.9504132231405,5,3.38437653490508,8584.1049582102,1835,10630.0227272727,3150.52731003338,13410,20579724,0.577422431427037
"231",11,11,"LAT",1,1,1936,212454,1,1936,77,264,219.477272727273,77,13.6227816512008,0.0681591452674995,0.000168482177648709,0.527499165652601,8,0.00163106439053209,0.597068870403635,0.00415097162936116,240.907452348428,0.499684213548166,0.0230091613812544,6.36363636363636,4,3.12215175005873,8782.3751084444,2590,14980.2272727273,4626.99788886551,19350,29001720,0.563919760538097
"232",12,12,"LAT",1,1,1936,246818,1,1936,90,312,254.977272727273,90,18.75289299254,0.0814528792350973,0.000181043047296815,0.503910391482398,8,0.00148591776703624,0.602347173567452,0.00356476717447764,280.523229443879,0.491655705368859,0.0294691097016678,5.87603305785124,4,2.90417921284729,8972.33675904322,3557,20472.4400826446,6563.87578661757,27090,39634644,0.549197106392101
"233",13,13,"LAT",1,1,1936,283010,1,1936,104,364,292.365702479339,104,25.1359808672086,0.0960249723126961,0.000193247874987094,0.479596489167197,7,0.00134300744073179,0.607282814679816,0.00310380448227649,322.1852425661,0.483569687737211,0.0370203087962073,5.45867768595041,4,2.71947701112606,9120.35123577437,4768,27228.8863636364,9026.69959193267,36918,52715124,0.533113399565572
"234",14,14,"LAT",1,1,1936,320880,1,1936,119,420,331.487603305785,119,32.9233355050667,0.111865621702528,0.000205118577580431,0.496992550138974,7,0.00119869658234927,0.612551720998156,0.00273474227729486,365.665170097556,0.475375389952637,0.0457428406688449,5.09917355371901,4,2.56080573173596,9268.59284959993,6265,35416.0661157025,12101.2519132731,49224,68565504,0.515492451153805
"235",15,15,"LAT",1,1,1936,360280,1,1936,135,480,372.190082644628,135,42.2604213374177,0.128952791662243,0.000216631201438477,0.437189092001756,6,0.00105914764479263,0.617709493839848,0.00243465483857814,410.73583990411,0.467084851081079,0.0557157195634997,4.81404958677686,3,2.42360497149081,9356.24783422983,8085,45149.0454545455,15850.427904722,64344,87408552,0.496117306886814
"236",16,16,"LAT",1,1,1936,401064,1,1936,152,544,414.322314049587,152,53.2833297585364,0.147251110503533,0.000227783087209784,0.403794799277363,6,0.000971324875962056,0.623180903598278,0.00218735639221228,457.172870210055,0.458766802733958,0.0670168919640378,4.53512396694215,3,2.30413009588485,9443.17125437646,10276,56586.458677686,20355.6932744264,82728,109551384,0.474727390154648
"237",17,17,"LAT",1,1,1936,443088,1,1936,170,612,457.735537190083,170,66.1151849291382,0.166711085607383,0.000238625468616752,0.407978005946276,6,0.000925357574422451,0.628680750051605,0.00198115484089746,504.756104549102,0.450526310568493,0.0797232365942725,4.28099173553719,3,2.19872295897666,9533.74107951442,12880,69829.8842975207,25669.034208637,104760,135190656,0.451062490314487
"238",18,18,"LAT",1,1,1936,486210,1,1936,189,684,502.28305785124,189,80.8631473605719,0.187269679075765,0.000249197681177816,0.379331995613873,5,0.000902557633165546,0.634495433077845,0.00180743261325389,553.270972686344,0.442478783072646,0.093910564417964,4.08057851239669,3,2.10469173767271,9615.72150778093,15951,85023.0185950413,31857.7166713791,130950,164604564,0.424977183007196
"239",19,19,"LAT",1,1,1936,530290,1,1936,209,760,547.820247933884,209,97.6161010604169,0.208851584580458,0.000259514982145831,0.371546081708641,5,0.000894607444189812,0.640437231860153,0.00165972422952626,602.509731562714,0.434736270107492,0.109653618638819,3.89669421487603,3,2.02022337540308,9664.72545649515,19536,102248.200413223,38952.691617966,161730,197952516,0.396545210053117
"240",20,20,"LAT",1,1,1936,575190,1,1936,230,840,594.204545454545,230,116.442476454234,0.231369859315344,0.000269579565355,0.341937643750145,5,0.000892762548978222,0.646711368617208,0.00153310175246561,652.27242640076,0.427402019880114,0.127026074700493,3.72727272727273,3,1.94397676554125,9699.0907794804,23695,121627.772727273,46994.9112145569,197670,235471368,0.366098272132091
