"","p","GraphName","GraphID","GraphReplicate","order","edges","connected","max_component","minDegree","maxDegree","mean_degree","minCut","FiedlerValue","Normalized_FiedlerValue","closeness_centr","modularity","diameter","betw_centr","transitivity","threshold","spectral_radius","eigen_centr","deg_centr","mean_eccentr","radius","mean_path_length","graph_energy","min_triangle","mean_triangle","sd_triangle","max_triangle","num_triangle","deg_assort_coef"
"1",0.09,"ER","1","1",100,448,1,100,1,15,8.96,1,0.865973937301411,0.383636839791841,0.00432378826319602,0.229225625797194,4,0.027225662820682,0.107524148449415,0.100930495573563,9.90780828249433,0.442626265967167,0.061010101010101,3.61,3,2.34888888888889,246.048362945719,0,4.23,3.05126236502239,14,423,0.0388373614966266
"2",0.09,"ER","1","1",100,445,1,100,2,17,8.9,2,1.71366233378701,0.449201960444394,0.00437844140880489,0.228683247064765,4,0.0344653995185892,0.0807141061101333,0.100096677239661,9.99034161349534,0.556751152007309,0.0818181818181818,3.27,3,2.31959595959596,243.363117830778,0,3.21,2.92773225579392,17,321,-0.0385951367907047
"3",0.09,"ER","1","1",100,431,1,100,1,18,8.62,1,0.826294940775896,0.401267265078928,0.00430029498494377,0.252991747460447,5,0.0504034211057141,0.0833106452491152,0.104512327841656,9.5682492262068,0.512957064107591,0.0947474747474747,3.68,3,2.36323232323232,241.85161797974,0,3.06,2.7407143505873,14,306,-0.0188552327559563
"4",0.09,"ER","1","1",100,430,1,100,2,19,8.6,2,1.63035674800509,0.408651906258279,0.0043042692193987,0.254699837750135,4,0.0370046232204291,0.0909583107742285,0.102814635452047,9.72624175151016,0.621043249262331,0.105050505050505,3.36,3,2.3589898989899,242.308110360881,0,3.36,3.02354397715962,18,336,0.0320385572772384
"5",0.09,"ER","1","1",100,427,1,100,2,17,8.54,2,1.66862090242184,0.396788770718655,0.00428255413150133,0.263172616533848,4,0.0481934171532792,0.0892316166345359,0.104659091010979,9.55483169536703,0.535075166818715,0.0854545454545454,3.45,3,2.37151515151515,239.25039393224,0,3.24,2.39578754896965,13,324,-0.0504811413070568
"6",0.09,"ER","1","1",100,440,1,100,2,17,8.8,2,1.71257640923317,0.410387256108043,0.00434925183401238,0.267141012396694,4,0.0341352570525582,0.0852006253256905,0.102116745269791,9.79271320641896,0.528191544163151,0.0828282828282828,3.36,3,2.33414141414141,244.71597508915,0,3.27,2.73346267247573,13,327,-0.0104018745638746
"7",0.09,"ER","1","1",100,438,1,100,2,16,8.76,2,1.66753293384485,0.430621058274201,0.0043271795607433,0.259205396050958,4,0.0326954502955668,0.0901725039205436,0.101764256615706,9.82663297759173,0.527230637047192,0.0731313131313131,3.48,3,2.34727272727273,243.063469475918,0,3.45,3.09569593683445,12,345,0.0108139038934823
"8",0.09,"ER","1","1",100,423,1,100,3,15,8.46,3,1.88130568745948,0.405038451119744,0.00426156541233843,0.288715076929955,4,0.0290153174986749,0.0822266176886126,0.105935561365873,9.43970076815161,0.490910582880272,0.0660606060606061,3.58,3,2.38262626262626,238.563144055056,0,2.91,2.83233493996053,14,291,-0.017695240308739
"9",0.09,"ER","1","1",100,417,1,100,2,15,8.34,2,1.51746591286065,0.393728203819249,0.00425888066063414,0.256088654256451,5,0.0325988335241636,0.0876037789865445,0.106050419983235,9.42947703703658,0.488682671273927,0.0672727272727273,3.65,3,2.38747474747475,236.773561557756,0,3.06,2.55769782848134,12,306,-0.0379514482864671
"10",0.09,"ER","1","1",100,434,1,100,3,17,8.68,3,2.38019588437865,0.430108518682986,0.004327857225324,0.247504725095033,4,0.0321515281326812,0.0793347873500545,0.104999805368801,9.52382717746575,0.552057626336386,0.084040404040404,3.32,3,2.3430303030303,243.762288974521,0,2.91,2.22971212527899,10,291,-0.0361000830948198
"11",0.09,"ER","1","1",100,422,1,100,1,15,8.44,1,0.789534224212073,0.403394947380415,0.00426733699213106,0.261460883627951,5,0.0247812548933071,0.0797598627787307,0.107178679691339,9.33021383431733,0.499945108618838,0.0662626262626263,3.84,3,2.3830303030303,239.84355606207,0,2.79,2.13813380348756,9,279,-0.0415360558041697
"12",0.09,"ER","1","1",100,419,1,100,2,16,8.38,2,1.65161411794877,0.412950426555026,0.00426828748676987,0.268957798144235,4,0.0281536355148641,0.0738060781476122,0.107873402515629,9.27012569066889,0.557367293788506,0.076969696969697,3.49,3,2.37737373737374,238.779544427499,0,2.55,2.31104069434294,14,255,-0.0501742052129643
"13",0.09,"ER","1","1",100,420,1,100,1,16,8.4,1,0.876217568095273,0.384511687565786,0.0042602133912182,0.247267573696145,5,0.0361338483658264,0.0876650744591177,0.104807528088565,9.54129935356339,0.488081093183922,0.0767676767676768,3.74,3,2.38606060606061,238.710085846127,0,3.12,2.88247929197885,15,312,-0.0493465938649586
"14",0.09,"ER","1","1",100,427,1,100,3,16,8.54,3,2.44713369837438,0.41585397004189,0.00431024467505677,0.264159842921313,4,0.027194202189667,0.0800770500825537,0.10450957767763,9.56850101418074,0.54983684038268,0.0753535353535354,3.42,3,2.35474747474747,241.710845392707,0,2.91,2.71581600364542,11,291,-0.067650383331696
"15",0.09,"ER","1","1",100,429,1,100,2,18,8.58,2,1.62673771004875,0.419068877308116,0.00431539365602262,0.270181644307518,4,0.0416653748491257,0.0869685256764219,0.105736787570617,9.45744639094642,0.558986813487405,0.0951515151515152,3.41,3,2.35131313131313,242.679549553485,0,3.15,2.61068124550979,13,315,-0.0728702179252421
"16",0.09,"ER","1","1",100,422,1,100,1,14,8.44,1,0.854404036122383,0.398392740343813,0.00427056449368404,0.273921295568383,4,0.0267755375424931,0.0866050808314088,0.108363849345948,9.22816978204176,0.43317143462581,0.0561616161616162,3.64,3,2.37656565656566,241.053839995388,0,3,2.44948974278318,11,300,-0.0716466939348273
"17",0.09,"ER","1","1",100,438,1,100,2,14,8.76,2,1.77717481253764,0.412286762216674,0.00434433889891135,0.268994599778987,4,0.0257555851592873,0.0755310778914241,0.10299255430403,9.7094397430715,0.387413145347985,0.0529292929292929,3.35,3,2.33757575757576,243.04450594987,0,2.88,2.23507394856536,10,288,-0.0675228292084774
"18",0.09,"ER","1","1",100,438,1,100,2,16,8.76,2,1.73283014265468,0.416293951265487,0.00433865431432516,0.242061258105544,4,0.0284950003550956,0.0922131147540984,0.100721787433261,9.92833850037273,0.496688972288149,0.0731313131313131,3.42,3,2.3420202020202,241.742601570005,0,3.6,2.91287632501768,12,360,-0.093321717859118
"19",0.09,"ER","1","1",100,437,1,100,3,16,8.74,3,2.57389957192245,0.408556512016802,0.0043390486033344,0.251213547748587,4,0.0236916653490746,0.0834894300240835,0.104430021571658,9.57579041879083,0.503654955015381,0.0733333333333333,3.31,3,2.3379797979798,244.390526126422,0,3.12,2.69034938213976,14,312,-0.0581810442700483
"20",0.09,"ER","1","1",100,436,0,99,0,16,8.72,0,4.21884699306002e-15,2.22044604925031e-16,-1,0.276497138288023,4,0.0233524298338597,0.0945805106826472,0.101182036764205,9.88317721188401,0.553185543817147,0.0735353535353535,3.36,0,2.33415790558648,240.582078022974,0,3.63,3.68358356478958,20,363,-0.0039753339182986
"21",0.09,"ER","1","1",100,436,1,100,1,15,8.72,1,0.866772372845681,0.436870120953754,0.00435135530221906,0.228823857419409,4,0.0290099917458419,0.083838650145004,0.10312556187718,9.69691686326011,0.488957587398507,0.0634343434343434,3.56,3,2.33555555555556,242.676618014969,0,3.18,2.62228214278396,13,318,-0.108123852790538
"22",0.09,"ER","1","1",100,436,1,100,2,16,8.72,2,1.66300762019469,0.412749472753453,0.00432130859808981,0.236020221361838,4,0.0301738198552228,0.0749601275917065,0.103636006552605,9.64915605361936,0.473813757854868,0.0735353535353535,3.49,3,2.35070707070707,241.215435209157,0,2.82,2.00695759493787,8,282,-0.0604100572111543
"23",0.09,"ER","1","1",100,428,1,100,2,17,8.56,2,1.6118067417659,0.43522720344382,0.00430942817102509,0.265023146126299,4,0.0341521211944954,0.0801781737193764,0.105799476196357,9.45184263619664,0.548940760130748,0.0852525252525252,3.47,3,2.35575757575758,241.569818632203,0,2.88,2.33238075793812,12,288,0.00308747363739399
"24",0.09,"ER","1","1",100,433,1,100,2,18,8.66,2,1.78068745339283,0.412346059725572,0.00431427135233948,0.275600168543221,4,0.0446276195702587,0.0891956464029732,0.103236656794893,9.68648182773651,0.524067202006542,0.0943434343434343,3.6,3,2.35393939393939,241.118332836104,0,3.36,2.73222446095677,12,336,-0.0978444617038983
"25",0.09,"ER","1","1",100,434,1,100,1,17,8.68,1,0.849297483697902,0.406214958836699,0.00430343215217614,0.245035995667778,5,0.0341543094734965,0.0913385826771654,0.101663273091024,9.83639390701742,0.523497002683018,0.084040404040404,3.7,3,2.36242424242424,240.47521217144,0,3.48,2.80864466397671,12,348,-0.027107787126483
"26",0.09,"ER","1","1",100,423,1,100,4,16,8.46,4,2.5452309602442,0.37869440505173,0.00425785641390523,0.284707900899239,4,0.0252493583109714,0.0999138673557278,0.107221090422357,9.32652331794874,0.518212633079914,0.0761616161616162,3.46,3,2.38222222222222,240.394975713754,0,3.48,2.83726999245772,12,348,-0.00422455114144197
"27",0.09,"ER","1","1",100,420,1,100,3,16,8.4,3,2.17875838076423,0.396494474209772,0.00427531327682533,0.270354308390023,4,0.0353427422756803,0.0772122614227877,0.107426398862227,9.3086988914381,0.511109400339589,0.0767676767676768,3.51,3,2.37373737373737,240.118127352401,0,2.67,2.3183719470457,11,267,-0.00908289981540379
"28",0.09,"ER","1","1",100,409,1,100,3,16,8.18,3,2.36542727300969,0.400678769176378,0.00424248923879531,0.28479624105547,4,0.0339644472113846,0.0943678849610545,0.109099915184305,9.16590996712209,0.514145967039522,0.078989898989899,3.46,3,2.39252525252525,235.680333217975,0,3.15,2.64145276832139,11,315,-0.0901903626467712
"29",0.09,"ER","1","1",100,410,1,100,3,15,8.2,3,2.26154091844713,0.381984803003744,0.0042303043750778,0.246954193932183,4,0.0310949543265294,0.087047562069997,0.108019866268686,9.25755636016642,0.501433818306491,0.0686868686868687,3.5,3,2.40040404040404,236.095972379429,0,2.91,2.69340758973543,11,291,0.0214861847234325
"30",0.09,"ER","1","1",100,409,1,100,3,15,8.18,3,2.26998815013789,0.383593024280203,0.00422389104150807,0.278250369139352,4,0.0360132255079438,0.0764038048481129,0.111611238008908,8.95967124672688,0.449078525665314,0.0688888888888889,3.53,3,2.40060606060606,235.403930084963,0,2.49,2.19040607830575,9,249,-0.117373305985595
"31",0.09,"ER","1","1",100,411,1,100,3,16,8.22,3,2.27834031005408,0.368521171229404,0.00421898917586227,0.27406302354355,4,0.0368905177797647,0.0930722891566265,0.108757925715163,9.19473218548684,0.52499399417908,0.0785858585858586,3.57,3,2.40585858585859,237.279903662329,0,3.09,2.65183374709317,11,309,0.0147252517125274
"32",0.09,"ER","1","1",100,417,1,100,3,18,8.34,3,2.21238121938085,0.399357615444385,0.00425348571452735,0.250999200639488,4,0.0487202661270992,0.085212298682284,0.107676641732889,9.28706527159974,0.592047110414016,0.0975757575757576,3.47,3,2.38666666666667,238.888370541718,0,2.91,2.37024910253771,9,291,0.0362067645826462
"33",0.09,"ER","1","1",100,413,1,100,2,16,8.26,2,1.56801334532285,0.382667489786749,0.00422233163962524,0.268082125122384,4,0.0272351913981972,0.0767857142857143,0.108724054455669,9.19759665886757,0.541700135002012,0.0781818181818182,3.59,3,2.40565656565657,235.261373586091,0,2.58,2.37486841740758,14,258,-0.00935551532913751
"34",0.09,"ER","1","1",100,418,1,100,1,17,8.36,1,0.825312770595428,0.391735667533846,0.00423850668422132,0.248569171951192,5,0.0354852106923616,0.0797457382259463,0.106866048391923,9.35750890996342,0.54163820010515,0.0872727272727273,3.88,3,2.39959595959596,238.349850781169,0,2.76,2.17478664923642,9,276,-0.00446498286494101
"35",0.09,"ER","1","1",100,419,1,100,2,17,8.38,2,1.72987971508546,0.421786903393503,0.00428706670143268,0.255384168465662,4,0.0335447012213604,0.0789702053803876,0.107290169205281,9.32051843526017,0.522266635808552,0.0870707070707071,3.42,3,2.36666666666667,238.83802784937,0,2.73,2.45301298962576,12,273,-0.0520192823519624
"36",0.09,"ER","1","1",100,431,1,100,3,14,8.62,3,2.4453079567314,0.406573773755155,0.00431512387529558,0.265109468618278,4,0.0268931031974615,0.0955414012738854,0.106097198630981,9.42531954569432,0.490667614888354,0.0543434343434343,3.42,3,2.35090909090909,243.932258951883,0,3.45,2.47155535211855,13,345,-0.0437121866524584
"37",0.09,"ER","1","1",100,419,1,100,3,15,8.38,3,2.25273647655161,0.410813869940327,0.0042344378004799,0.260977665882514,4,0.0275786569974751,0.0919439579684764,0.107653554216656,9.28905698726371,0.487307952653663,0.0668686868686869,3.55,3,2.39717171717172,239.029233166176,0,3.15,2.80826701657154,14,315,0.0367966949972489
"38",0.09,"ER","1","1",100,416,1,100,2,17,8.32,2,1.65727874287519,0.429918997039645,0.00427012716393,0.270577154215976,4,0.0314225812307855,0.0841283607979185,0.107072504756654,9.33946583460171,0.598520447761074,0.0876767676767677,3.48,3,2.37757575757576,237.233790515653,0,2.91,2.85719011504929,17,291,-0.091407512375064
"39",0.09,"ER","1","1",100,435,1,100,3,16,8.7,3,2.52758921232943,0.405337791559855,0.00432545150449376,0.234815695600476,4,0.024980597765017,0.0908849322349189,0.10233976644447,9.77137270039208,0.53088370863918,0.0737373737373737,3.35,3,2.34626262626263,242.892968338341,0,3.42,2.90655824095799,15,342,0.0074960135769114
"40",0.09,"ER","1","1",100,449,1,100,3,15,8.98,3,2.39934444554229,0.41653275561974,0.00440226586994988,0.261581043744823,4,0.0198727350485531,0.0853474320241692,0.100951746024632,9.90572267819921,0.496604375705652,0.0608080808080808,3.21,3,2.30343434343434,248.597479041523,0,3.39,2.88112982888816,16,339,-0.0523373955172905
"41",0.09,"ER","1","1",100,461,1,100,2,18,9.22,2,1.57314164944176,0.410730176978814,0.00442165170759874,0.265507879221348,4,0.0334279182418135,0.0998810939357907,0.0988307628706827,10.1183070023295,0.514008499109198,0.0886868686868687,3.34,3,2.29575757575758,250.619418249346,0,4.2,3.03847383275276,17,420,-0.08010165340703
"42",0.09,"ER","1","1",100,471,1,100,3,18,9.42,3,2.49979940443619,0.407316080337888,0.00442648630114789,0.258660482056969,4,0.0259058566601768,0.112844036697248,0.0967121558980006,10.3399618250127,0.569751844792214,0.0866666666666667,3.28,3,2.29232323232323,253.530072647385,0,4.92,3.65612810597122,23,492,-0.0119766212477164
"43",0.09,"ER","1","1",100,467,1,100,3,19,9.34,3,2.35474596951391,0.42069790128666,0.00442786171913583,0.23656397158958,4,0.0285831914188303,0.0994246260069045,0.0954003836340891,10.4821381414516,0.578289842835077,0.0975757575757576,3.28,3,2.29212121212121,251.545392713735,0,4.32,4.01482102699334,20,432,0.052718919283336
"44",0.09,"ER","1","1",100,465,1,100,2,16,9.3,2,1.49813885744143,0.399895911949522,0.00443029114770203,0.252140131807145,4,0.0202351930744034,0.0915230554261761,0.0967958333754743,10.3310231972586,0.513995918483509,0.0676767676767677,3.41,3,2.29292929292929,251.255141372951,0,3.93,3.18219478290749,15,393,0.0136454454247777
"45",0.09,"ER","1","1",100,463,1,100,4,16,9.26,4,2.83931094509096,0.421347486033381,0.00442336144626166,0.257614207278105,4,0.0224540258636863,0.0960678125735814,0.0968494734178021,10.3253013641702,0.490069267206659,0.0680808080808081,3.2,3,2.29414141414141,252.359493513851,0,4.08,3.43681788457247,15,408,0.0611623712426611
"46",0.09,"ER","1","1",100,470,1,100,4,19,9.4,4,2.90143285153648,0.439376238234724,0.00445852180940204,0.261095518334088,4,0.0300001853168189,0.0970183486238532,0.0971029662321963,10.2983465778868,0.548919444472303,0.096969696969697,3.16,3,2.27414141414141,252.926940547821,0,4.23,2.98770206619797,17,423,-0.0780251723407037
"47",0.09,"ER","1","1",100,466,1,100,3,17,9.32,3,2.45175396594673,0.415561100287093,0.00443563599035778,0.244080292508611,4,0.0282164973881619,0.0844765342960289,0.1006764434107,9.93281016017414,0.452962253822478,0.0775757575757576,3.21,3,2.28444444444444,253.521714105421,0,3.51,2.34626287848346,13,351,-0.0648586466820793
"48",0.09,"ER","1","1",100,455,1,100,3,18,9.1,3,2.43224262117647,0.415487458138903,0.00441208016843297,0.223422291993721,4,0.0366000846504312,0.090711175616836,0.0977495315025479,10.2302280597011,0.529815318845676,0.0898989898989899,3.27,3,2.30161616161616,249.657493398876,0,3.75,2.8440084103926,12,375,0.0461072133160878
"49",0.09,"ER","1","1",100,470,1,100,3,17,9.4,3,2.54194688504089,0.428174782974792,0.00444462709419233,0.242965142598461,4,0.0259786691765907,0.0889598540145985,0.0963539445793989,10.378402299617,0.501155664350441,0.0767676767676768,3.14,3,2.28262626262626,251.233063952867,0,3.9,3.1091263510296,16,390,-0.0417597096857524
"50",0.09,"ER","1","1",100,464,1,100,3,21,9.28,3,2.56445027044236,0.417849825107141,0.00441875993393806,0.252814729488704,4,0.0453980046071177,0.098762549614756,0.0971120749840749,10.2973806312344,0.620873078457984,0.118383838383838,3.21,3,2.29616161616162,250.524166936547,0,4.23,3.50714998397574,24,423,-0.000972384547826215
"51",0.09,"ER","1","1",100,480,1,100,5,18,9.6,5,3.35524411592187,0.445518079491698,0.00448581067058408,0.242918836805556,4,0.0287976761324193,0.0923179101173345,0.095281502929861,10.4952164822182,0.538775864367602,0.0848484848484849,3.09,3,2.26020202020202,255.426507169565,0,4.17,3.10768028723625,14,417,-0.0123916179147735
"52",0.09,"ER","1","1",100,478,1,100,3,16,9.56,3,2.47830208232243,0.418052116992562,0.00447319874519753,0.201469249487929,4,0.0218062861267833,0.0824510024780356,0.0962731146311889,10.3871159028238,0.45948009291474,0.0650505050505051,3.21,3,2.26909090909091,253.937840899689,0,3.66,2.67883586958246,14,366,0.06554581521901
"53",0.09,"ER","1","1",100,466,1,100,2,15,9.32,2,1.69491609407258,0.421993897112007,0.00442260277544574,0.266135865460775,4,0.0223417292888308,0.0931279620853081,0.0989726991848689,10.1037963825976,0.475989233113725,0.0573737373737374,3.36,3,2.29353535353535,251.453855005856,0,3.93,2.78253935327522,15,393,-0.0349950198184472
"54",0.09,"ER","1","1",100,453,1,100,3,17,9.06,3,2.59775980382455,0.419334246929414,0.00440386978909299,0.254735416087988,4,0.0293837855773402,0.0806100217864924,0.0987343454599879,10.1281878695925,0.518017501914873,0.0802020202020202,3.34,3,2.30525252525253,246.47703013966,0,3.33,2.85704869974722,11,333,-0.0760569291490242
"55",0.09,"ER","1","1",100,441,1,100,2,17,8.82,2,1.69813954691019,0.404050146554754,0.00435144322377459,0.254428453165091,4,0.0366402861729708,0.0970724191063174,0.101764211724844,9.82663731237719,0.525175165179283,0.0826262626262626,3.41,3,2.33252525252525,243.385788818365,0,3.78,3.1352669726674,16,378,-0.0847391912849403
"56",0.09,"ER","1","1",100,437,1,100,1,16,8.74,1,0.790148110271625,0.405552098004759,0.00431004512659034,0.26228864370657,5,0.0275730841614235,0.0865615816190222,0.103642387215657,9.648562010823,0.507292003354965,0.0733333333333333,3.75,3,2.3569696969697,243.15794592175,0,3.24,2.49896948457729,13,324,-0.00802909994233312
"57",0.09,"ER","1","1",100,434,1,100,2,15,8.68,2,1.76618534742088,0.385085560487001,0.00428773817823883,0.263870012104738,4,0.0252731945865856,0.0881401617250674,0.103521089006614,9.65986746851275,0.549519019619125,0.0638383838383838,3.53,3,2.36767676767677,240.808528624057,0,3.27,2.8099929903935,12,327,0.0398169588708794
"58",0.09,"ER","1","1",100,435,1,100,2,16,8.7,2,1.55856357370981,0.402145474868196,0.00428238855632758,0.274916105165808,4,0.0318195498807917,0.0947030497592295,0.103209348552454,9.6890447815565,0.531359165311488,0.0737373737373737,3.65,3,2.37232323232323,242.251460827106,0,3.54,2.76858276109827,13,354,0.010966648054862
"59",0.09,"ER","1","1",100,435,1,100,3,18,8.7,3,2.39330106467159,0.399685020428986,0.00432995985995065,0.308981371383274,4,0.0378884637096067,0.0914927768860353,0.104238434790917,9.59339040350921,0.532735460221196,0.0939393939393939,3.3,3,2.34181818181818,242.951135266998,0,3.42,2.85749059932881,15,342,-0.102087484778036
"60",0.09,"ER","1","1",100,426,0,99,0,15,8.52,0,0,2.22044604925031e-16,-1,0.258970883202187,4,0.023493166443619,0.0769445218845832,0.105148832684257,9.51032906853866,0.533868552770494,0.0654545454545455,3.33,0,2.35394763966193,238.778060781874,0,2.76,2.45410396328808,13,276,0.00696411142892957
"61",0.09,"ER","1","1",100,416,1,100,3,17,8.32,3,1.98185132476906,0.368687234785298,0.0042428342442835,0.264096593010355,4,0.0441771573800124,0.0759717314487632,0.109161435632193,9.16074430689415,0.495306630141589,0.0876767676767677,3.59,3,2.39191919191919,237.23659744952,0,2.58,1.97550658379725,10,258,-0.10367239168793
"62",0.09,"ER","1","1",100,423,1,100,3,17,8.46,3,2.10083444441019,0.410555657695208,0.0042813083216136,0.259371035438638,4,0.043062440820186,0.0846941599778577,0.10426424697025,9.59101541571902,0.506718165231135,0.0862626262626263,3.52,3,2.37272727272727,238.641224126094,0,3.06,2.79906189191084,14,306,-0.0354960309254527
"63",0.09,"ER","1","1",100,439,1,100,1,18,8.78,1,0.883619744581437,0.417162671338463,0.0043385453391575,0.236357221060497,4,0.0367506625457344,0.0901386748844376,0.100804474016443,9.92019461196612,0.555052919208949,0.0931313131313131,3.61,3,2.34323232323232,243.220248057048,0,3.51,2.94561821468205,17,351,-0.0589703353755225
"64",0.09,"ER","1","1",100,425,1,100,1,15,8.5,1,0.887324631255257,0.395280834887296,0.00425881275328031,0.267335640138408,4,0.0346338923339118,0.0978886756238004,0.103933124274679,9.62157163059158,0.428130961121314,0.0656565656565657,3.7,3,2.38909090909091,237.948392152108,0,3.57,2.76067258676452,11,357,-0.0284906971000115
"65",0.09,"ER","1","1",100,428,1,100,3,18,8.56,3,2.34342825470849,0.402170496299439,0.00430852606669589,0.241901585291292,4,0.0394415630753814,0.0741847826086957,0.103500906316308,9.661751143936,0.576209099055863,0.0953535353535354,3.4,3,2.35676767676768,239.804178260285,0,2.73,2.44889173036921,13,273,-0.0467010203847361
"66",0.09,"ER","1","1",100,431,1,100,3,18,8.62,3,2.47601285310677,0.398257149867924,0.00430897659088138,0.260248383675798,4,0.0413017350957244,0.0988387793680799,0.103235600155496,9.6865809710388,0.575030970109282,0.0947474747474747,3.28,3,2.35474747474747,240.981443272131,0,3.66,3.21995043565593,14,366,-0.0128502862506694
"67",0.09,"ER","1","1",100,428,1,100,3,15,8.56,3,2.46639320898225,0.408428452569251,0.00429588363247315,0.25628057035549,4,0.0322693087966828,0.0891914420672409,0.105682580164476,9.46229736673427,0.516175422866528,0.0650505050505051,3.44,3,2.36262626262626,241.650040477209,0,3.21,2.50371441234536,14,321,-0.0279771556189556
"68",0.09,"ER","1","1",100,436,1,100,3,17,8.72,3,2.47738900970095,0.426595926597076,0.00433103512628697,0.24734870802121,4,0.036081715313252,0.0839654721422966,0.10140665010643,9.86128620707281,0.522408082449179,0.0836363636363636,3.36,3,2.34444444444444,242.615197697405,0,3.21,3.17278515764394,17,321,-0.00389694278869138
"69",0.09,"ER","1","1",100,446,1,100,2,20,8.92,2,1.73243433366315,0.393678341728237,0.00435630034366486,0.239922882020551,4,0.0466290344072589,0.0957995578481945,0.0987085554576506,10.1308341041323,0.585361586365942,0.111919191919192,3.39,3,2.33232323232323,243.575993466506,0,3.9,3.17979733805649,16,390,-0.0780187909529748
"70",0.09,"ER","1","1",100,446,1,100,2,18,8.92,2,1.77892489816852,0.410583095406391,0.00436503636669031,0.262598282692192,4,0.0333101470837057,0.0988112927191679,0.0987622749807599,10.1253236642717,0.556555597369882,0.0917171717171717,3.37,3,2.32848484848485,245.964945789157,0,3.99,3.41859147555944,15,399,-0.0499368089838232
"71",0.09,"ER","1","1",100,448,1,100,4,15,8.96,4,2.57581261418504,0.403646717563308,0.00438842764442381,0.244011080994898,4,0.0246898950268506,0.0862547288776797,0.10116676110127,9.88466952103937,0.444397879589331,0.061010101010101,3.31,3,2.31313131313131,247.888090740956,0,3.42,2.63687908580035,13,342,-0.0656888848835466
"72",0.09,"ER","1","1",100,442,1,100,2,19,8.84,2,1.39462514209377,0.421567904247539,0.0043585324229251,0.225635224504003,4,0.0398436416170673,0.078030303030303,0.0994755630162621,10.0527201825088,0.547598158241814,0.102626262626263,3.45,3,2.33171717171717,244.41834128623,0,3.09,2.82519329811558,12,309,-0.00924567246228014
"73",0.09,"ER","1","1",100,439,1,100,2,17,8.78,2,1.64646317642979,0.421621409589523,0.0043391226421696,0.250800379823683,4,0.0298099509576231,0.0888435026806229,0.100207802779265,9.97926281452127,0.51696246952086,0.083030303030303,3.44,3,2.3410101010101,242.584103315775,0,3.48,2.93181779030614,14,348,-0.0492361245986418
"74",0.09,"ER","1","1",100,454,1,100,4,18,9.08,4,2.73477065192998,0.39861904659958,0.00439563415650681,0.270207067864698,4,0.0332185370882849,0.0861772649152959,0.0988039628570226,10.121051535626,0.562967565741711,0.0901010101010101,3.35,3,2.30909090909091,249.037820710345,0,3.51,2.96612184306019,15,351,0.0480074208185761
"75",0.09,"ER","1","1",100,469,1,100,3,17,9.38,3,2.35783866234127,0.431631112566709,0.00444073470667626,0.249853383099731,4,0.0252282662266454,0.0927044609665428,0.097403143502235,10.2666091056605,0.507863196089883,0.076969696969697,3.19,3,2.28464646464646,252.198188511284,0,3.99,3.03013484381754,12,399,0.0295963668550387
"76",0.09,"ER","1","1",100,469,1,100,1,16,9.38,1,0.826013551400975,0.415365439150134,0.00441811569890404,0.232616236514655,5,0.0286131156266993,0.0924252953439889,0.0976390118976373,10.2418078651634,0.467909129513722,0.0668686868686869,3.6,3,2.29858585858586,251.076161544808,0,3.99,2.96952535063784,14,399,-0.0480254849233089
"77",0.09,"ER","1","1",100,462,1,100,2,18,9.24,2,1.79677156698921,0.406850400573314,0.00440044648891873,0.234649369389629,4,0.0300244980291694,0.103811082534487,0.0962879162956823,10.3855191645147,0.530130489020983,0.0884848484848485,3.32,3,2.30888888888889,249.120430844395,0,4.44,3.1279773695221,14,444,0.0498972015778531
"78",0.09,"ER","1","1",100,473,1,100,2,19,9.46,2,1.7454471713259,0.413967763305251,0.00446588073212129,0.256077665389824,4,0.0389582005671198,0.0896427769040665,0.0959771027465176,10.4191517704079,0.5094478368784,0.0963636363636364,3.3,3,2.27292929292929,251.825868979732,0,3.99,3.25822967362042,16,399,-0.0784617915990867
"79",0.09,"ER","1","1",100,472,1,100,2,16,9.44,2,1.56482057752395,0.417506644522267,0.00445779016054228,0.233870026572824,4,0.0222835040026207,0.0953333333333333,0.0943766811224423,10.5958377440993,0.503774902829011,0.0662626262626263,3.39,3,2.28,252.074472065599,0,4.29,3.4503549810055,17,429,-0.0204468619114352
"80",0.09,"ER","1","1",100,479,1,100,2,17,9.58,2,1.7109690787399,0.455241968627553,0.00449045170400015,0.238786877672256,4,0.0257520746516741,0.0792079207920792,0.0947047769813515,10.5591294533845,0.476692576014661,0.0749494949494949,3.25,3,2.2610101010101,254.836034776022,0,3.6,3.16547026841227,16,360,0.00405149704665994
"81",0.09,"ER","1","1",100,473,1,100,3,17,9.46,3,2.45860220779402,0.423260220091431,0.00445634014886319,0.236616621001301,4,0.0225611931535168,0.099548532731377,0.0957337028104152,10.4456421369216,0.521616464625784,0.0761616161616162,3.23,3,2.27777777777778,253.042798223495,0,4.41,3.14014411301536,15,441,-0.00221980996067547
"82",0.09,"ER","1","1",100,465,1,100,2,17,9.3,2,1.66263102414765,0.437706908217614,0.00443191885254775,0.232806104751994,4,0.0327471515867106,0.0996610169491525,0.0945629460690703,10.5749666393598,0.452407203937108,0.0777777777777778,3.52,3,2.29656565656566,249.16891161921,0,4.41,3.30318181470686,14,441,-0.0223011475070768
"83",0.09,"ER","1","1",100,476,1,100,3,18,9.52,3,2.36194764716056,0.434092251017346,0.00446291502371963,0.238778599675164,4,0.0256610061691031,0.0955243820975284,0.0941999146119472,10.6157208753263,0.551153464472948,0.0856565656565657,3.23,3,2.27454545454545,254.742535508593,0,4.29,3.57402243468565,16,429,0.101778855083481
"84",0.09,"ER","1","1",100,483,1,100,2,17,9.66,2,1.7258524123522,0.457056018889643,0.00450774817928791,0.232477742199589,4,0.0220576382368053,0.0893478260869565,0.0944003544782443,10.5931805608893,0.515115981236026,0.0741414141414141,3.18,3,2.25131313131313,256.425342746169,0,4.11,3.0843200714307,14,411,-0.00632956236272183
"85",0.09,"ER","1","1",100,473,1,100,4,16,9.46,4,2.75843811897105,0.421165135801399,0.00445252136075426,0.251605737298249,4,0.0285575197620346,0.10663021189337,0.0966908025568295,10.342245317617,0.428928719965018,0.0660606060606061,3.18,3,2.27777777777778,254.204907315133,0,4.68,3.09408036956594,14,468,-0.0508154271164703
"86",0.09,"ER","1","1",100,470,1,100,3,16,9.4,3,2.57129943501062,0.45821286597155,0.00449154506361639,0.248834314169307,4,0.0281668038889107,0.0790934320074006,0.0983311361591891,10.1697187590825,0.456715058671108,0.0666666666666667,3.08,3,2.25717171717172,253.387813919687,0,3.42,2.51130776024498,13,342,-0.136404806473037
"87",0.09,"ER","1","1",100,476,1,100,4,16,9.52,4,2.84169202651432,0.424881090468527,0.00446864847870725,0.234376103382529,4,0.0194254455879144,0.0932432432432432,0.0961441031305896,10.4010539121857,0.462570966431761,0.0654545454545455,3.21,3,2.27050505050505,254.841817775188,0,4.14,3.27839576437604,16,414,0.0153798395040897
"88",0.09,"ER","1","1",100,473,1,100,3,16,9.46,3,2.37967750023881,0.446032474015483,0.00445889160524373,0.218509893665998,4,0.026092342563701,0.101364958603714,0.0953233830795819,10.4906054285247,0.45545904148085,0.0660606060606061,3.24,3,2.2769696969697,252.3098373433,0,4.53,3.29509890104634,13,453,-0.0321396682022897
"89",0.09,"ER","1","1",100,467,1,100,3,17,9.34,3,2.39238614933809,0.441876616053235,0.00442817178301352,0.249013017621246,4,0.0243590302616551,0.0938368860055607,0.0970807100278375,10.3007075217441,0.498188992519412,0.0773737373737374,3.34,3,2.29191919191919,251.594985144961,0,4.05,2.88281217921079,12,405,-0.0292195491018317
"90",0.09,"ER","1","1",100,469,1,100,4,17,9.38,4,2.94272395101618,0.418140312774952,0.00445085946325834,0.243399966357672,4,0.0293823771655301,0.0880314232902033,0.0972579555761749,10.2819352316816,0.462678546868973,0.076969696969697,3.17,3,2.2789898989899,252.266579294228,0,3.81,3.10325667971601,14,381,-0.012291359113371
"91",0.09,"ER","1","1",100,461,1,100,3,16,9.22,3,2.6062016041286,0.414746132593252,0.00441175312956659,0.268667566969852,4,0.0267860390661235,0.103620771796093,0.0980775530725537,10.1960129374378,0.489995634815146,0.0684848484848485,3.24,3,2.29959595959596,250.215013262426,0,4.35,3.47973933773578,18,435,0.0050491156616431
"92",0.09,"ER","1","1",100,466,1,100,4,16,9.32,4,2.72464291350493,0.43521619188706,0.00446250024622981,0.238604966015215,4,0.0260062681438675,0.0793725122922032,0.0974804129411325,10.2584711105388,0.469783736999833,0.0674747474747475,3.23,3,2.27434343434343,252.927774389309,0,3.39,2.70014964044737,12,339,0.0196754504287767
"93",0.09,"ER","1","1",100,458,1,100,2,16,9.16,2,1.81429947009898,0.417796339663862,0.00441213025346843,0.248317156423409,4,0.0361304399785902,0.0867469879518072,0.0995156660580611,10.0486691152382,0.43605444064785,0.0690909090909091,3.24,3,2.29919191919192,248.198180688128,0,3.6,2.59369865776129,11,360,-0.110465034603338
"94",0.09,"ER","1","1",100,453,1,100,3,17,9.06,3,2.44220125580461,0.439532924528836,0.00438885811876199,0.230630722824048,4,0.0318677227097799,0.0790454884414616,0.100227538775203,9.97729777883565,0.489827404874313,0.0802020202020202,3.29,3,2.31171717171717,249.129610195563,0,3.18,2.48786956038594,10,318,0.00947267431107926
"95",0.09,"ER","1","1",100,443,1,100,4,16,8.86,4,2.26401376734759,0.386868886232117,0.00434124071422505,0.269142772702027,4,0.026702663471203,0.0818253343823761,0.103545664143222,9.65757483207431,0.5072998024704,0.0721212121212121,3.35,3,2.33656565656566,244.293288890829,0,3.12,2.13333333333333,8,312,-0.0334460157692036
"96",0.09,"ER","1","1",100,448,1,100,4,16,8.96,4,2.68234432518144,0.422551128154723,0.00435563436568978,0.23881686463648,4,0.028123034201105,0.0925548189699133,0.101618037169591,9.84077264089541,0.488003103170616,0.0711111111111111,3.33,3,2.32909090909091,246.112513377232,0,3.63,2.95301592110558,15,363,0.0275170149589519
"97",0.09,"ER","1","1",100,446,1,100,4,15,8.92,4,2.61269303758393,0.413499653425578,0.00437521005345807,0.236783365842868,4,0.0211878881774175,0.0724377087079373,0.102314226743672,9.77381183269165,0.467982167814088,0.0614141414141414,3.29,3,2.31878787878788,247.339670866594,0,2.82,2.2669340305774,11,282,-0.043244466451429
"98",0.09,"ER","1","1",100,437,1,100,3,17,8.74,3,2.43455206782413,0.421052225378679,0.00432632208598478,0.268051359121114,4,0.0306705844343304,0.0821268754935509,0.102647380383071,9.74208982506996,0.502851861963408,0.0834343434343434,3.39,3,2.34525252525253,242.00549461998,0,3.12,2.84367098069813,12,312,-0.055596755591594
"99",0.09,"ER","1","1",100,436,1,100,4,15,8.72,4,2.78639206111832,0.417897992708416,0.00430839821267756,0.279877009510984,4,0.0296109799470407,0.0901393062004917,0.105750528464829,9.45621751982624,0.497265723370664,0.0634343434343434,3.32,3,2.35313131313131,243.613907749093,0,3.3,2.3419753382238,12,330,-0.00132558172515447
"100",0.09,"ER","1","1",100,444,1,100,3,19,8.88,3,2.41451848084906,0.407058555258267,0.00435542524407423,0.237473115006899,4,0.0371181217051709,0.0868263473053892,0.0991662469932721,10.0840762892625,0.549892442548101,0.102222222222222,3.36,3,2.33272727272727,243.216414328619,0,3.48,3.04006911138879,15,348,-0.0390690626389732
"101",0.09,"ER","1","1",100,452,1,100,2,18,9.04,2,1.76657579746777,0.414679692202074,0.00438045756059421,0.240810263137286,4,0.0353548633309614,0.0878877400295421,0.0996298435475696,10.0371531700994,0.522235362769628,0.0905050505050505,3.39,3,2.31737373737374,246.934688349696,0,3.57,2.73863122930069,14,357,-0.0410153504296778
"102",0.09,"ER","1","1",100,452,1,100,3,18,9.04,3,2.60384523541511,0.420713614324137,0.0043917869866459,0.251522241365808,4,0.0423265520948345,0.0844653000740924,0.100210854907464,9.97895887549721,0.536503764183412,0.0905050505050505,3.33,3,2.31090909090909,246.984381270036,0,3.42,2.63687908580035,14,342,-0.0654866368313178
"103",0.09,"ER","1","1",100,454,1,100,3,17,9.08,3,2.43248605194877,0.438392728866578,0.00440007936898174,0.268409536377574,4,0.0289618463980822,0.0789862204724409,0.0998970652492328,10.0103040815574,0.522241940175432,0.08,3.28,3,2.30707070707071,248.139971391997,0,3.21,2.56351636655906,11,321,-0.00296444553539457
"104",0.09,"ER","1","1",100,456,1,100,3,20,9.12,3,2.54376435502376,0.444709639843332,0.00440972027770939,0.248398545706371,4,0.0423194729082792,0.0874488075162611,0.0983476154733415,10.1680147015976,0.601639164822441,0.10989898989899,3.24,3,2.30141414141414,248.431712172703,0,3.63,2.95984916350598,15,363,-0.00133153131096891
"105",0.09,"ER","1","1",100,474,1,100,4,19,9.48,4,3.02016006635947,0.441944244991521,0.00445155792130604,0.246161138706404,4,0.0394209252713334,0.104529616724739,0.0923918545308737,10.8234649588708,0.567866297292241,0.0961616161616162,3.24,3,2.28121212121212,251.500325740464,0,4.8,4.08742837332603,21,480,0.0142375382604838
"106",0.09,"ER","1","1",100,461,1,100,3,19,9.22,3,2.49641742016968,0.436780845015242,0.00441273586269804,0.247377906183389,4,0.0423150008727021,0.0935027571325821,0.0990347951527583,10.0974611848041,0.540562475447956,0.0987878787878788,3.29,3,2.29878787878788,249.829985889387,0,3.9,2.85862155097823,14,390,-0.0243976472087321
"107",0.09,"ER","1","1",100,474,1,100,2,17,9.48,2,1.6838809689716,0.442231853882943,0.00445006738074125,0.226025476686428,4,0.0284391173163935,0.0924932975871314,0.0948697386664949,10.5407689960589,0.473027010858996,0.075959595959596,3.34,3,2.28262626262626,251.560932354935,0,4.14,3.24432682781137,14,414,0.022388104717095
"108",0.09,"ER","1","1",100,467,1,100,2,18,9.34,2,1.73632236194614,0.42861329964275,0.00445122388323097,0.205329017052671,4,0.0307304848301059,0.0998415213946117,0.0947489246226849,10.5542094961211,0.561540707821966,0.0874747474747475,3.3,3,2.28282828282828,251.04759666097,0,4.41,3.59599946068018,17,441,0.00578276763746295
"109",0.09,"ER","1","1",100,474,1,100,4,18,9.48,4,2.74362477322731,0.409843106558339,0.00447320971905609,0.236807669711051,4,0.0312159818276064,0.101948346171273,0.0970975729319212,10.2989186012007,0.480798401113718,0.0860606060606061,3.16,3,2.26767676767677,255.71113096718,0,4.5,2.76156887045437,13,450,-0.10417829342723
"110",0.09,"ER","1","1",100,479,1,100,3,18,9.58,3,2.47360524879215,0.442583286720217,0.00447749957292877,0.250003268814205,4,0.033536230705132,0.0993112641635192,0.0957065501801107,10.4486056400329,0.457536342510276,0.0850505050505051,3.16,3,2.2650505050505,255.359923707701,0,4.47,3.10572947237127,13,447,-0.0282114138126388
"111",0.09,"ER","1","1",100,471,1,100,4,18,9.42,4,3.1611817088501,0.41638737271396,0.0044416291056281,0.274802673987225,4,0.0289083949313431,0.0955147571461771,0.0982758964618021,10.1754350354736,0.529081279947563,0.0866666666666667,3.23,3,2.28242424242424,253.123185770069,0,4.11,3.0247965120639,15,411,-0.0517419079773547
"112",0.09,"ER","1","1",100,481,1,100,4,18,9.62,4,3.24741494589994,0.442361512330082,0.00449185187334043,0.238592502625767,4,0.0308010209170635,0.10666961130742,0.0955622609192125,10.4643819681641,0.464259876954305,0.0846464646464647,3.12,3,2.25717171717172,257.338554977172,0,4.83,3.56485368818719,18,483,-0.0242631585967293
"113",0.09,"ER","1","1",100,490,1,100,5,17,9.8,5,3.28631259426954,0.428404861824363,0.0045176251493365,0.244593919200333,4,0.0266000094176888,0.0935098206660974,0.0943669245161276,10.5969332488853,0.465402036204579,0.0727272727272727,3.11,3,2.24383838383838,257.823456289142,0,4.38,3.22484045490563,19,438,-0.0178238028948521
"114",0.09,"ER","1","1",100,488,1,100,4,18,9.76,4,3.10645256191161,0.455364493635568,0.00452673392773322,0.253021281241602,4,0.0233882794078988,0.101338432122371,0.0937559253747353,10.6659925333047,0.512890422285737,0.0832323232323232,3.11,3,2.23979797979798,258.262480407008,0,4.77,3.5272532020703,17,477,-0.0835117469610619
"115",0.09,"ER","1","1",100,475,1,100,3,18,9.5,3,2.53101847991034,0.457910719744294,0.00447809652971822,0.248228254847645,4,0.0390895747924307,0.101580135440181,0.0963628682018859,10.3774412142335,0.470323431420003,0.0858585858585859,3.12,3,2.26464646464646,255.120124643586,0,4.5,2.90419411099593,13,450,-0.0380647808798765
"116",0.09,"ER","1","1",100,477,1,100,4,16,9.54,4,3.24101201616735,0.467660493179249,0.00447588281490343,0.221459682062506,4,0.0189849591285813,0.0924541128484025,0.0966399330594284,10.3476892868402,0.492624101799745,0.0652525252525253,3.14,3,2.2650505050505,255.338309420868,0,4.08,3.09995112375937,16,408,0.0239334089866469
"117",0.09,"ER","1","1",100,479,1,100,3,17,9.58,3,2.53345168532181,0.460924257905662,0.00449009102534701,0.233247327199585,4,0.0260421802260763,0.096626768226333,0.0941624163835379,10.6199483658835,0.503871744487992,0.0749494949494949,3.12,3,2.2610101010101,253.320604739371,0,4.44,3.63573731979991,17,444,-0.0355106669457463
"118",0.09,"ER","1","1",100,481,1,100,3,18,9.62,3,2.53220238153694,0.456195025634442,0.00449721114487073,0.237012720380704,4,0.0305444768165609,0.101145879241957,0.0956988043041379,10.4494513517841,0.474485334808958,0.0846464646464647,3.14,3,2.25515151515152,256.827859128804,0,4.59,3.19436056104182,13,459,-0.0537480816379235
"119",0.09,"ER","1","1",100,475,1,100,3,16,9.5,3,2.63050586178155,0.443558455444078,0.00446180328417008,0.239273130193906,4,0.0214213661276149,0.0888272033310201,0.0983742229121284,10.1652645418428,0.438798631446044,0.0656565656565657,3.16,3,2.27111111111111,254.914220482566,0,3.84,2.78059654961254,12,384,-0.017295773641641
"120",0.09,"ER","1","1",100,465,1,100,4,16,9.3,4,3.16318835632366,0.424914431875028,0.00445768072026398,0.250428951323852,4,0.0262351382700064,0.0936829558998808,0.0998274506233619,10.0172847624136,0.419952079971773,0.0676767676767677,3.18,3,2.27393939393939,252.974180941932,0,3.93,2.96870886468046,14,393,-0.0862381199724859
"121",0.09,"ER","1","1",100,475,1,100,4,17,9.5,4,2.8006265037189,0.435746829348496,0.00446105649025066,0.253963434903047,4,0.0292726412197459,0.0940267999091528,0.0970501421125606,10.3039519389903,0.453145876048408,0.0757575757575758,3.19,3,2.27414141414141,252.881042467523,0,4.14,2.68937302595368,12,414,-0.0270953287723962
"122",0.09,"ER","1","1",100,467,1,100,4,17,9.34,4,2.92799647699859,0.412120473901892,0.00442526892951646,0.247919427389735,4,0.0271650791917709,0.0947068597199145,0.0985759933359753,10.1444577544526,0.531235461938673,0.0773737373737374,3.16,3,2.29070707070707,253.211478467831,0,3.99,2.86213524869427,15,399,0.0380065101453624
"123",0.09,"ER","1","1",100,464,1,100,3,16,9.28,3,2.29382533195238,0.429377971435911,0.00442190563468223,0.255564432223543,4,0.0282344619229878,0.0868516284680338,0.100276475424822,9.97242868542694,0.381300364873445,0.0678787878787879,3.28,3,2.29333333333333,252.032455152125,0,3.6,2.48632624203224,10,360,-0.0192691305409938
"124",0.09,"ER","1","1",100,466,1,100,3,16,9.32,3,2.47391026357004,0.425075274274407,0.00445057981722624,0.246217005286522,4,0.0259549661180286,0.093947183921477,0.0976516963466318,10.2404775074293,0.427060642391847,0.0674747474747475,3.18,3,2.2789898989899,251.51557854774,0,4.02,3.17496520302255,12,402,-0.0558145383515498
"125",0.09,"ER","1","1",100,460,1,100,4,18,9.2,4,3.09395153674171,0.42917320475704,0.00441116419526055,0.243884688090737,4,0.0370553175561127,0.0953757225433526,0.0989831440664968,10.1027302116025,0.517304256685628,0.0888888888888889,3.15,3,2.29878787878788,249.343386201509,0,3.96,3.18747549010185,16,396,-0.0207062452779856
"126",0.09,"ER","1","1",100,460,1,100,4,16,9.2,4,2.66407924646896,0.416601119566872,0.00441510019681471,0.234432892249527,4,0.0301386899189914,0.0927835051546392,0.0987726526470346,10.1242598350934,0.479140398643416,0.0686868686868687,3.21,3,2.29818181818182,248.896187002373,0,3.87,3.01060415427491,15,387,-0.026278733792952
"127",0.09,"ER","1","1",100,462,1,100,4,18,9.24,4,2.72904026205638,0.412730716754448,0.00441500083078058,0.269592961151403,4,0.0322715845101246,0.0964083175803403,0.0979596853975691,10.2082810488978,0.539403760698178,0.0884848484848485,3.22,3,2.29777777777778,249.109719217584,0,4.08,3.189882997126,17,408,-0.0389102175162036
"128",0.09,"ER","1","1",100,455,1,100,3,19,9.1,3,2.47468472168022,0.424099183825939,0.00438201321481353,0.277084893128849,4,0.0467275959063894,0.101098901098901,0.0992881094927288,10.0716994724654,0.575512435787521,0.1,3.22,3,2.31555555555556,248.790368304322,0,4.14,3.19412339185953,17,414,-0.000250062515628502
"129",0.09,"ER","1","1",100,460,1,100,4,19,9.2,4,2.76413265413437,0.429791291398574,0.00440288466116148,0.261616257088847,4,0.0437873690462954,0.0890014471780029,0.0989776535062026,10.1032906375916,0.570475430842826,0.098989898989899,3.25,3,2.30444444444444,249.164120650031,0,3.69,2.98716107920737,16,369,0.0109301801644885
"130",0.09,"ER","1","1",100,467,1,100,4,17,9.34,4,3.00771038655657,0.436981050714976,0.00445955395894677,0.238187162121886,4,0.0331639503084865,0.1027162748231,0.0962724250535588,10.3871903033883,0.492416258872447,0.0773737373737374,3.11,3,2.27555555555556,251.018583582931,0,4.5,3.6278941772902,15,450,-0.057874225310659
"131",0.09,"ER","1","1",100,468,1,100,3,19,9.36,3,2.3360756550919,0.449581069674132,0.00446395420338789,0.244379611366791,4,0.0376410415172537,0.0974729241877256,0.0952940944604111,10.4938297138176,0.451903401390075,0.0973737373737374,3.18,3,2.2749494949495,250.616177099815,0,4.32,3.53018727863299,14,432,-0.0672407671066648
"132",0.09,"ER","1","1",100,455,1,100,3,17,9.1,3,2.36281175726871,0.437014065211075,0.0044220294886928,0.235319405868856,4,0.0374510885782331,0.0905044510385757,0.101068081166793,9.89432062482416,0.504123539483177,0.0797979797979798,3.25,3,2.29353535353535,249.931050451484,0,3.66,2.48315537291983,11,366,-0.0798970655312005
"133",0.09,"ER","1","1",100,451,1,100,3,19,9.02,3,2.3079400414326,0.414094966770007,0.0043707523741801,0.252990398277295,4,0.0418065874478687,0.0889428918590522,0.0977931778331861,10.2256621796848,0.549368591983176,0.100808080808081,3.34,3,2.32525252525253,245.434406765073,0,3.66,3.23559745782613,16,366,0.00329243104743853
"134",0.09,"ER","1","1",100,450,1,100,3,18,9,3,2.24574009667372,0.415092475043972,0.00437275595128934,0.281688888888889,4,0.0357911155766956,0.0925972396486826,0.101006932670595,9.90031053869547,0.560758676840387,0.0909090909090909,3.22,3,2.31919191919192,247.059003128336,0,3.69,3.09020936821341,18,369,-0.055435223096381
"135",0.09,"ER","1","1",100,447,1,100,1,18,8.94,1,0.907379781611295,0.403936359104034,0.00437270620742971,0.219619736848691,4,0.0353080204936198,0.0800805842357089,0.100217232859445,9.97832380188047,0.542556899753478,0.0915151515151515,3.42,3,2.32323232323232,246.157949608119,0,3.18,2.73170683313972,15,318,0.00353947996730032
"136",0.09,"ER","1","1",100,446,1,100,3,16,8.92,3,2.34437335867252,0.430943866425475,0.00437850874619997,0.253272738241268,4,0.031190612105265,0.0938682816048448,0.100725359237573,9.92798643330105,0.465311532887473,0.0715151515151515,3.36,3,2.31979797979798,247.06426204503,0,3.72,2.88528135280573,13,372,-0.0341054927148721
"137",0.09,"ER","1","1",100,441,1,100,2,17,8.82,2,1.60079822615899,0.410446212274635,0.00433624333421835,0.265347257572719,4,0.0303207363416683,0.0921528136293237,0.10133555947149,9.8682042632956,0.525601856261913,0.0826262626262626,3.54,3,2.34262626262626,243.86424127825,0,3.57,2.96189606212444,14,357,0.00406303245385076
"138",0.09,"ER","1","1",100,447,1,100,4,14,8.94,4,2.7695940468731,0.441125126455329,0.00436912567460748,0.24835968349774,4,0.0190778153423298,0.0749024707412224,0.103619180116982,9.65072295371419,0.393933017176761,0.0511111111111111,3.24,3,2.32020202020202,247.411749311022,0,2.88,1.98112303627223,9,288,-0.0326443996511938
"139",0.09,"ER","1","1",100,454,1,100,3,16,9.08,3,2.18916979358968,0.40049346081544,0.00438489093092693,0.238656872828892,4,0.0287195613257664,0.0941938699227511,0.100969532657321,9.90397770180721,0.455550552118434,0.0698989898989899,3.35,3,2.31373737373737,249.404421990287,0,3.78,2.62690046644445,11,378,0.000435623180627051
"140",0.09,"ER","1","1",100,450,1,100,3,18,9,3,2.36880885372017,0.418433551807955,0.00437755750446606,0.218037037037037,4,0.0315428028234186,0.0906819885086185,0.100239525317541,9.9761047035306,0.545115976378944,0.0909090909090909,3.34,3,2.31919191919192,246.853528321022,0,3.63,2.97006954991177,16,363,-0.0109555143866609
"141",0.09,"ER","1","1",100,452,1,100,3,14,9.04,3,2.02973791597373,0.392796442561236,0.00437198799390138,0.248272182629807,4,0.0162530586676569,0.0849557522123894,0.101774334339404,9.8256599415834,0.421631421965214,0.0501010101010101,3.44,3,2.32080808080808,247.92959794983,0,3.36,2.21801622167106,9,336,0.0181565631511053
"142",0.09,"ER","1","1",100,444,1,100,3,16,8.88,3,2.24281675528982,0.415770612026409,0.00435607475761208,0.257586133430728,4,0.0294863494818539,0.0874772194740953,0.102835099667582,9.72430622649789,0.507525119330223,0.0719191919191919,3.32,3,2.32787878787879,247.050990435094,0,3.36,2.8868213269507,15,336,-0.0021056487734381
"143",0.09,"ER","1","1",100,443,1,100,4,15,8.86,4,2.72271338162107,0.398634038249816,0.00434505873968691,0.259738903128169,4,0.0222297501958008,0.0976520811099253,0.105185441709007,9.50701906796641,0.479151140738257,0.062020202020202,3.28,3,2.33232323232323,246.947427331466,0,3.66,2.41301186541348,10,366,-0.0642246869276591
"144",0.09,"ER","1","1",100,442,1,100,3,18,8.84,3,2.52903695759848,0.39890690895129,0.00433691800423439,0.290961999140067,4,0.0335587572339019,0.0923558570310462,0.102077287966819,9.79649851517472,0.606128114459375,0.0925252525252525,3.38,3,2.34020202020202,244.898972664908,0,3.54,3.06633726821174,18,354,0.040421762648323
"145",0.09,"ER","1","1",100,437,1,100,1,15,8.74,1,0.894608148451153,0.412872992456862,0.00431379830554241,0.247498285061973,4,0.0213778193987419,0.0781758957654723,0.105465154564101,9.48180471676267,0.488418447134992,0.0632323232323232,3.62,3,2.35414141414141,244.346552681255,0,2.88,2.19402310237093,9,288,0.00241214739319879
"146",0.09,"ER","1","1",100,443,1,100,2,15,8.86,2,1.70269702779503,0.415122130182257,0.00432368859651052,0.227866129254162,4,0.030164124278853,0.0911688311688312,0.102002006705801,9.8037286941251,0.473225460989193,0.062020202020202,3.48,3,2.34808080808081,245.865495162768,0,3.51,2.61887091100055,14,351,0.0320880252484232
"147",0.09,"ER","1","1",100,443,1,100,2,15,8.86,2,1.53884729297278,0.414399938219109,0.00435201017079326,0.248936300312358,4,0.0242473674378746,0.1,0.102902326195594,9.71795329581987,0.472053840946859,0.062020202020202,3.44,3,2.33151515151515,245.945768230978,0,3.84,2.90495918711225,15,384,-0.0645993600653584
"148",0.09,"ER","1","1",100,445,1,100,4,15,8.9,4,2.35099908310808,0.412859121849093,0.00433695158359046,0.257866431006186,4,0.0191290196083941,0.0920436817472699,0.102378750401939,9.76765194021223,0.488485239251543,0.0616161616161616,3.33,3,2.33878787878788,245.93717282346,0,3.54,2.68711854234346,12,354,0.0622431989576631
"149",0.09,"ER","1","1",100,442,1,100,2,20,8.84,2,1.78519052279367,0.411868325402443,0.00434348289251307,0.269038819843984,4,0.0467108193790428,0.0879377431906615,0.101884643301331,9.81502184821349,0.628939612637105,0.112727272727273,3.33,3,2.3359595959596,245.082720179562,0,3.39,3.13305930458723,22,339,0.00595057563616331
"150",0.09,"ER","1","1",100,437,1,100,3,14,8.74,3,2.23607184285272,0.415805814859387,0.00435046157207149,0.262461446622227,4,0.024194033701025,0.0861473012496676,0.103865791032139,9.62780902222725,0.444937400028273,0.0531313131313131,3.34,3,2.33272727272727,243.783096332235,0,3.24,2.4084027986207,10,324,-0.0700400582112815
"151",0.09,"ER","1","1",100,428,1,100,2,16,8.56,2,1.77079838677423,0.402998043398232,0.00428693146576384,0.246989365883483,4,0.0334023008157616,0.0847039473684211,0.104624507753161,9.55799001089957,0.480862929934946,0.0751515151515151,3.48,3,2.36767676767677,240.150870867102,0,3.09,2.3098165566236,13,309,-0.0543596397835145
"152",0.09,"ER","1","1",100,435,1,100,3,16,8.7,3,2.02477004892037,0.409458098117003,0.00432886208040871,0.278105430043599,4,0.0322603971075935,0.0869098712446352,0.104381025116248,9.58028529501709,0.457063216482798,0.0737373737373737,3.37,3,2.34383838383838,243.716854455885,0,3.24,2.59805677187759,11,324,-0.0756778201919615
"153",0.09,"ER","1","1",100,441,1,100,2,20,8.82,2,1.75463277776329,0.423910493542163,0.00435186882770394,0.22299350579234,4,0.0473345875349123,0.0895061728395062,0.10092170197048,9.90867157880976,0.622178361232254,0.112929292929293,3.32,3,2.33333333333333,244.786676983444,0,3.48,3.04338992280355,20,348,0.0103856399972493
"154",0.09,"ER","1","1",100,431,1,100,2,17,8.62,2,1.70145637805596,0.40684276569398,0.00431066358982004,0.263015379977498,4,0.0333134976547778,0.0978964401294498,0.103234508882937,9.68668336606269,0.546779520834485,0.0846464646464647,3.43,3,2.3559595959596,242.573568502345,0,3.63,2.71417900602884,13,363,-0.00357871029383544
"155",0.09,"ER","1","1",100,434,1,100,3,17,8.68,3,1.72087275027626,0.408761503544729,0.00431141662550041,0.250225636560556,4,0.0368760559743365,0.09043250327654,0.101485054506979,9.8536676642493,0.546737261614732,0.084040404040404,3.5,3,2.3569696969697,241.17395001464,0,3.45,2.90723583529445,15,345,-0.044789803129324
"156",0.09,"ER","1","1",100,439,1,100,2,17,8.78,2,1.63580173569866,0.395475854931231,0.00431404344308086,0.258228215918348,4,0.0321400504628136,0.0956112852664577,0.101922931816729,9.81133472296631,0.5115630668273,0.083030303030303,3.54,3,2.35333333333333,243.188112971839,0,3.66,3.09192496674806,12,366,-0.00386347233989029
"157",0.09,"ER","1","1",100,439,1,100,3,16,8.78,3,2.50392015720806,0.409509234936611,0.00432514575830913,0.216756347258472,4,0.0313285731143133,0.0860752829692024,0.103032684292377,9.70565803335072,0.446307170711506,0.0729292929292929,3.37,3,2.34666666666667,243.876511457232,0,3.27,2.57358375292768,11,327,-0.0219454795751879
"158",0.09,"ER","1","1",100,432,1,100,3,16,8.64,3,2.31897722359122,0.405656739343507,0.00432471121994993,0.25847425840192,4,0.0275203600544936,0.0894920720236496,0.103496433972814,9.6621686527159,0.521703175390202,0.0743434343434344,3.37,3,2.34767676767677,242.427470123192,0,3.33,2.60944283692744,14,333,-0.0654222949767926
"159",0.09,"ER","1","1",100,430,1,100,2,17,8.6,2,1.56102722213888,0.395079662818992,0.00426958568572105,0.262274202271498,4,0.0371955512555765,0.0989910008181074,0.103080344719718,9.70117050655067,0.514875251307698,0.0848484848484849,3.68,3,2.37979797979798,241.656784773467,0,3.63,3.30489383071881,14,363,0.0743047176239423
"160",0.09,"ER","1","1",100,428,1,100,2,18,8.56,2,1.62352963593124,0.39979940721733,0.0042999292579295,0.239821709319591,4,0.0349034088155882,0.0988023952095808,0.1032364644554,9.68649987458664,0.624264157987155,0.0953535353535354,3.36,3,2.36181818181818,240.794521494275,0,3.63,3.10312647814973,20,363,0.0123107862692436
"161",0.09,"ER","1","1",100,434,1,100,3,19,8.68,3,2.51236212082219,0.40505531715286,0.00430999674229503,0.251547601350634,4,0.038666365382101,0.0942534908700322,0.10408547991382,9.60748800724148,0.622391058017079,0.104242424242424,3.35,3,2.35333333333333,242.251906472034,0,3.51,2.98986503529723,20,351,-0.0788689945429246
"162",0.09,"ER","1","1",100,433,1,100,3,19,8.66,3,1.86835584590309,0.408324879845684,0.00431759381261189,0.254390924267557,5,0.0494436955495275,0.0890850722311397,0.103298617338253,9.68067168532837,0.584882373590152,0.104444444444444,3.62,3,2.35373737373737,242.177963939469,0,3.33,2.91306704281923,16,333,-0.0291467928653046
"163",0.09,"ER","1","1",100,422,1,100,2,17,8.44,2,1.69446574528666,0.397391343463023,0.00427257957804471,0.253284966644954,4,0.0353192914638849,0.0868577916548396,0.106977274888057,9.34777971346171,0.536239982324265,0.0864646464646465,3.46,3,2.37474747474747,238.10033200014,0,3.06,2.47745389014161,12,306,-0.109139501857676
"164",0.09,"ER","1","1",100,431,1,100,2,15,8.62,2,1.68843089379147,0.414073614983899,0.00432436906084011,0.251341777875873,4,0.0339438456393484,0.0719542109566639,0.10451854665067,9.56767991945274,0.481480475033604,0.0644444444444444,3.41,3,2.34848484848485,242.1611283949,0,2.64,2.11067512776114,9,264,-0.0164253895398925
"165",0.09,"ER","1","1",100,434,1,100,2,18,8.68,2,1.37440124440238,0.406695026295598,0.00429503136621931,0.281936864235809,4,0.0468167046191997,0.0850202429149798,0.104589470874181,9.56119188329177,0.501093689778501,0.0941414141414141,3.54,3,2.36363636363636,241.618423900492,0,3.15,2.40947204913349,11,315,-0.0643569236617461
"166",0.09,"ER","1","1",100,424,1,100,3,14,8.48,3,2.42951739378892,0.37503883296087,0.00427957693581874,0.298312900498398,4,0.0238893092318352,0.0863372093023256,0.10918152187722,9.159058994658,0.469658762352971,0.0557575757575758,3.42,3,2.36787878787879,242.46646286999,0,2.97,2.45136531736743,10,297,-0.0406413444225318
"167",0.09,"ER","1","1",100,412,1,100,1,16,8.24,1,0.737428588988216,0.39785713198218,0.00420932716476661,0.27315840324253,5,0.0279909838534292,0.0842490842490843,0.110381430809029,9.05949481421476,0.567129033473332,0.0783838383838384,3.9,3,2.41333333333333,237.65960676891,0,2.76,2.33168773140137,14,276,0.035771853688779
"168",0.09,"ER","1","1",100,419,1,100,3,14,8.38,3,2.17143449900959,0.412451133582586,0.00424230436237983,0.274602559794032,4,0.0288086163091485,0.0853080568720379,0.108781409580292,9.19274721534012,0.494157309876325,0.0567676767676768,3.49,3,2.39050505050505,239.9926208033,0,2.88,2.53970490610642,13,288,0.0725088469275304
"169",0.09,"ER","1","1",100,422,1,100,3,15,8.44,3,2.44686094239705,0.40246325000527,0.00427020975467941,0.238073044181398,4,0.0268654367333783,0.0915431560592851,0.1078703970167,9.27038397610775,0.494810787994161,0.0662626262626263,3.4,3,2.37515151515152,240.329657830809,0,3.15,2.96911713572512,15,315,0.0394583479148618
"170",0.09,"ER","1","1",100,430,1,100,3,16,8.6,3,2.28783536572096,0.420806489939597,0.00430933086575129,0.273858842617631,4,0.0278867005396378,0.0798226164079823,0.106157564163117,9.41995992356649,0.488675968824097,0.0747474747474747,3.33,3,2.35313131313131,242.28925340443,0,2.88,2.18941438597981,11,288,-0.0575741724240319
"171",0.09,"ER","1","1",100,425,1,100,3,16,8.5,3,2.33167020149164,0.415779777482088,0.00428654607005309,0.259631833910035,4,0.0279111776676399,0.0761117445838084,0.107203448657418,9.32805812241755,0.532363435650904,0.0757575757575758,3.35,3,2.36585858585859,240.693591224824,0,2.67,2.22045131457639,11,267,-0.00845294338716557
"172",0.09,"ER","1","1",100,433,1,100,3,15,8.66,3,2.06075986383533,0.389532306169398,0.00432032598204294,0.245713081834134,4,0.0231354576861775,0.0803498223558349,0.104595778684979,9.56061528077341,0.500122336326077,0.064040404040404,3.27,3,2.34828282828283,244.493247181667,0,2.94,2.57736848021937,14,294,0.0245865154664828
"173",0.09,"ER","1","1",100,446,1,100,4,16,8.92,4,2.58113012719888,0.426822923165323,0.00435577922391088,0.217735124374108,4,0.0214937001832095,0.0648606407918729,0.102748898351512,9.73246444530164,0.517437612161638,0.0715151515151515,3.35,3,2.32848484848485,246.739755097058,0,2.49,2.23152346384639,12,249,0.0817161650305806
"174",0.09,"ER","1","1",100,444,1,100,2,15,8.88,2,1.67320548844485,0.409817337157167,0.00434567487626338,0.266935009333658,4,0.01791920224059,0.0869905956112853,0.103142843389763,9.69529215149845,0.450209510809824,0.0618181818181818,3.44,3,2.33393939393939,246.2219706338,0,3.33,2.44971653688975,10,333,-0.0259638388830046
"175",0.09,"ER","1","1",100,446,1,100,2,20,8.92,2,1.80163903169854,0.407607050917855,0.00436087155237108,0.244630899475155,4,0.0529523176931494,0.0941057424740703,0.100248753486837,9.975186376071,0.594673704388909,0.111919191919192,3.31,3,2.32747474747475,246.50014443242,0,3.72,3.42916781729794,17,372,0.00917202778899235
"176",0.09,"ER","1","1",100,433,1,100,4,15,8.66,4,2.37178509654763,0.41735195572392,0.00432662043512854,0.251825440425838,4,0.0327066676804626,0.0857142857142857,0.105733544900216,9.45773643495759,0.457158628239855,0.064040404040404,3.35,3,2.34424242424242,244.415375915139,0,3.12,2.56739462325431,11,312,-0.0326867887184542
"177",0.09,"ER","1","1",100,451,1,100,3,16,9.02,3,2.3382132308828,0.422816304543583,0.0043822286364305,0.256844853270141,4,0.0318979518431809,0.0926987291303264,0.100313299933684,9.96876785691521,0.511603637405227,0.0705050505050505,3.26,3,2.3159595959596,247.605641944441,0,3.72,2.77098968572311,12,372,-0.00216164412072132
"178",0.09,"ER","1","1",100,456,1,100,3,18,9.12,3,2.47331338721587,0.422020250706564,0.00440577418308598,0.262535106955986,4,0.0459042652414687,0.091263081041616,0.099599690585322,10.0401918331599,0.461098021150893,0.0896969696969697,3.22,3,2.30282828282828,247.686268665492,0,3.75,2.78297493609797,11,375,-0.0555848725711212
"179",0.09,"ER","1","1",100,455,1,100,3,17,9.1,3,2.41596559376765,0.41417606091319,0.00440283593001983,0.249155899046009,4,0.0337881707501723,0.0879310344827586,0.100476593575901,9.95256670643986,0.476710531381987,0.0797979797979798,3.23,3,2.30444444444444,248.368660437498,0,3.57,2.47106487493987,12,357,-0.0459005451106907
"180",0.09,"ER","1","1",100,472,1,100,4,16,9.44,4,2.76107811171498,0.414941181581598,0.00444310218509211,0.233706190749785,4,0.0224168062989042,0.103827641531057,0.0966908401813018,10.3422412932283,0.4952598726181,0.0662626262626263,3.24,3,2.28424242424242,252.868508250206,0,4.53,3.17010977090636,18,453,0.028163896500092
"181",0.09,"ER","1","1",100,478,1,100,4,16,9.56,4,2.98869267746043,0.43822441883545,0.00448282506137471,0.236117189825108,4,0.0238964635075336,0.0990788586834419,0.0968300565307807,10.3273718494847,0.430912613861692,0.0650505050505051,3.17,3,2.26161616161616,256.538908879521,0,4.41,2.92358918751827,13,441,-0.0855375224374838
"182",0.09,"ER","1","1",100,466,1,100,3,17,9.32,3,2.57851148801993,0.43138583267323,0.00443739358349294,0.232650721140563,4,0.0277113601497112,0.0932642487046632,0.0988361391568564,10.1177566073576,0.474669830298233,0.0775757575757576,3.16,3,2.28484848484848,251.713030896428,0,3.96,3.29652403405022,15,396,-0.0712445398682137
"183",0.09,"ER","1","1",100,466,1,100,2,20,9.32,2,1.70519507098526,0.4164387876549,0.00441843961427328,0.240136123339903,4,0.0403800394401485,0.0946502057613169,0.0949151885274451,10.5357215795957,0.574206444928919,0.107878787878788,3.38,3,2.2989898989899,250.419314272588,0,4.14,3.47580380936728,16,414,0.0350481514036639
"184",0.09,"ER","1","1",100,465,1,100,3,17,9.3,3,2.51012649544965,0.433426574211691,0.00443796231636385,0.25282922881258,4,0.023656765075045,0.0875554517861312,0.0970288037190908,10.3062179648748,0.539217774953399,0.0777777777777778,3.28,3,2.28787878787879,251.07785545204,0,3.75,3.23920117350316,17,375,0.0150907945096678
"185",0.09,"ER","1","1",100,469,1,100,3,18,9.38,3,2.30791863616544,0.443559294198615,0.00444454539132378,0.227126626992967,4,0.0346882991308537,0.0930606617647059,0.0961645460304524,10.3988428301147,0.579290767081771,0.0870707070707071,3.27,3,2.28424242424242,252.909238371022,0,4.05,3.42709052914414,22,405,0.0579420706059144
"186",0.09,"ER","1","1",100,467,1,100,4,19,9.34,4,3.00600022494234,0.41333938470552,0.00441845731778729,0.280394701245822,4,0.0416875644145869,0.104156825696741,0.0988399011300599,10.1173715125851,0.555827731983307,0.0975757575757576,3.19,3,2.29454545454545,252.680335927277,0,4.41,2.88533386545674,14,441,0.00237296723910562
"187",0.09,"ER","1","1",100,472,1,100,3,17,9.44,3,2.48480609741955,0.432983786198379,0.00447320432539443,0.273635000718184,4,0.0331509874871896,0.0860289057123193,0.0974349910558187,10.263253366823,0.462420027814507,0.0763636363636364,3.11,3,2.26646464646465,253.703474124892,0,3.75,2.51209196897846,11,375,-0.0792060835750487
"188",0.09,"ER","1","1",100,479,1,100,4,16,9.58,4,3.15447205771695,0.437180848645965,0.0044864602827803,0.24479713739044,4,0.0201625272432855,0.0855795148247979,0.0971146519685787,10.2971073852332,0.465111593110054,0.0648484848484848,3.08,3,2.25919191919192,254.976167539058,0,3.81,2.65030968268642,13,381,-0.0937867738294417
"189",0.09,"ER","1","1",100,467,1,100,4,19,9.34,4,2.62849864619415,0.417790417369668,0.00443723728338202,0.243634479501488,4,0.0320421255290135,0.0951388888888889,0.0971871595486897,10.2894251117506,0.557551494897407,0.0975757575757576,3.29,3,2.28727272727273,251.840235927761,0,4.11,2.95383674483738,13,411,-0.0427159405351161
"190",0.09,"ER","1","1",100,478,1,100,4,20,9.56,4,2.91404452248859,0.44058562827622,0.00447912956051217,0.243905481346615,4,0.0332442500201062,0.103629208570179,0.0939924155586969,10.639156298473,0.563825871162515,0.105454545454545,3.2,3,2.26666666666667,254.439852389739,0,4.74,3.9914555204483,20,474,-0.00445303131681763
"191",0.09,"ER","1","1",100,481,1,100,5,20,9.62,5,2.85464094256587,0.422879434540174,0.00447013177649738,0.250035658559567,4,0.0343112126705581,0.100396301188904,0.0951411893934724,10.5106947514008,0.576938877499915,0.104848484848485,3.19,3,2.26848484848485,255.165849424343,0,4.56,3.58537996521282,25,456,-0.0198621582170876
"192",0.09,"ER","1","1",100,472,1,100,1,20,9.44,1,0.886443272597915,0.434443393451062,0.00444948527387201,0.225319143205975,4,0.0426963841854984,0.1,0.0944502375560668,10.5875858639994,0.524462588051688,0.106666666666667,3.44,3,2.28424242424242,250.99481205601,0,4.5,3.69684550213647,17,450,-0.0318341230459274
"193",0.09,"ER","1","1",100,474,1,100,1,16,9.48,1,0.755809935798929,0.444695559737861,0.00444856879541054,0.247781249443643,5,0.0250566511675082,0.0913428766189502,0.0964762074954249,10.3652498990222,0.471373742204155,0.0658585858585859,3.6,3,2.2840404040404,253.732884099437,0,4.02,3.18766562255393,14,402,0.0464507783734253
"194",0.09,"ER","1","1",100,465,1,100,3,18,9.3,3,2.07228679927733,0.447831796633459,0.00445115369928088,0.206798473812001,4,0.0351210795065751,0.0984933663143692,0.094280887466702,10.6066035955928,0.487447604050856,0.0878787878787879,3.25,3,2.2830303030303,249.461346503618,0,4.38,4.09429265236772,17,438,-0.0573228012255931
"195",0.09,"ER","1","1",100,462,1,100,3,17,9.24,3,2.35831834722191,0.438390416738253,0.00441208656975739,0.265552088604037,4,0.026582638317592,0.0921767903568896,0.0974590869420817,10.2607158693605,0.524807446879743,0.0783838383838384,3.35,3,2.30040404040404,249.810893996093,0,3.9,3.2767932094311,16,390,0.0210311224866819
"196",0.09,"ER","1","1",100,459,1,100,3,15,9.18,3,2.33934058130308,0.430990965690463,0.00440377371907112,0.263849136846702,4,0.0323030867086208,0.0855692530819434,0.0992696823962395,10.0735690480851,0.435170008306478,0.0587878787878788,3.26,3,2.3040404040404,249.662350798623,0,3.54,2.27600571620592,9,354,-0.0189232289654535
"197",0.09,"ER","1","1",100,456,1,100,3,16,9.12,3,2.34760750993273,0.410478601784827,0.0043891579729178,0.251291262696214,4,0.0278262426455878,0.0997782705099778,0.0998895664482896,10.0110555642233,0.509204153614208,0.0694949494949495,3.27,3,2.31111111111111,248.790067132182,0,4.05,3.24231803847591,14,405,0.0252237412836967
"198",0.09,"ER","1","1",100,456,1,100,4,16,9.12,4,2.94707139423729,0.432904729137785,0.00440530887852005,0.256326465835642,4,0.0239682634495372,0.0789865871833085,0.101122123459497,9.88903284255635,0.458129055844124,0.0694949494949495,3.13,3,2.30121212121212,248.787834353574,0,3.18,2.77572449364962,11,318,-0.0251891217700187
"199",0.09,"ER","1","1",100,451,1,100,4,21,9.02,4,2.74129500032311,0.414262666979575,0.00440111082873308,0.249180190854519,4,0.0463830800179048,0.0898070262246413,0.0995958324954417,10.0405807647199,0.640441591920908,0.121010101010101,3.19,3,2.30484848484848,247.543115354275,0,3.63,3.55804679138667,22,363,-0.0299699577085635
"200",0.09,"ER","1","1",100,439,1,100,3,16,8.78,3,2.04693655363916,0.401292768599068,0.0043524631464003,0.26200310293118,4,0.0249600164490988,0.0889466840052016,0.101957999884798,9.80796015153195,0.535626812633595,0.0729292929292929,3.41,3,2.33333333333333,244.929279655351,0,3.42,2.7967513621733,16,342,-0.0316970312480629
"201",0.09,"ER","1","1",100,437,1,100,4,17,8.74,4,2.32971871929147,0.384659638794799,0.00432225133952304,0.20980368541491,4,0.0325886112555624,0.0788216560509554,0.102700167328116,9.737082480159,0.550521763990717,0.0834343434343434,3.42,3,2.34969696969697,243.941321968506,0,2.97,2.36752011927069,11,297,0.0458069279320656
"202",0.09,"ER","1","1",100,437,1,100,3,16,8.74,3,2.40346166404152,0.370180383302876,0.00432868378948669,0.265802302991585,4,0.0302623399338179,0.0738095238095238,0.102372822711202,9.76821751629376,0.529035524797949,0.0733333333333333,3.46,3,2.34565656565657,244.233338214091,0,2.79,2.40494020169679,11,279,0.0369063713650626
"203",0.09,"ER","1","1",100,430,1,100,1,18,8.6,1,0.850829070230271,0.415366153322543,0.0042924624078797,0.258650621957815,4,0.0440474715224526,0.0815660685154976,0.103954801449454,9.61956529238552,0.589132845764066,0.094949494949495,3.61,3,2.36707070707071,240.212019758397,0,3,2.77797979063414,15,300,-0.0201610016466075
"204",0.09,"ER","1","1",100,424,1,100,2,18,8.48,2,1.731262119008,0.397765637833032,0.00430222764834359,0.258279748131007,4,0.0464124628195679,0.0901393062004917,0.103289323995702,9.68154269304363,0.592338836702995,0.0961616161616162,3.4,3,2.36040404040404,239.182394072395,0,3.3,3.21455025366432,16,330,-0.0663238548040622
"205",0.09,"ER","1","1",100,425,1,100,2,18,8.5,2,1.67010865022736,0.41269582531626,0.00430688311692911,0.232838754325259,4,0.042590414367668,0.0847135487374423,0.103195364703407,9.69035772947839,0.559402248750298,0.095959595959596,3.45,3,2.35858585858586,238.801785110208,0,3.12,2.96879392577817,16,312,-0.0795006031256101
"206",0.09,"ER","1","1",100,414,1,100,3,15,8.28,3,2.52227776290639,0.405352094076599,0.00426855747464066,0.27021634110481,4,0.0268394896029438,0.0716574424701427,0.107534762309642,9.29931845778897,0.503944523719382,0.0678787878787879,3.44,3,2.37717171717172,237.135700038117,0,2.46,2.24472445498058,9,246,-0.0839627983697158
"207",0.09,"ER","1","1",100,422,1,100,3,15,8.44,3,2.37117207848295,0.400593351384087,0.00427999212035241,0.281729408593697,4,0.0239519831731036,0.0795222837168657,0.108699310833638,9.19969034146389,0.494957823184478,0.0662626262626263,3.39,3,2.36969696969697,241.638920563243,0,2.73,2.09788253034128,9,273,-0.00191931148692978
"208",0.09,"ER","1","1",100,413,1,100,1,18,8.26,1,0.870268333959982,0.388594449873857,0.00423489183780309,0.265543563015554,5,0.0425119504867237,0.0819142689371697,0.106830840862444,9.36059280191949,0.590090836414334,0.0983838383838384,3.71,3,2.40020202020202,236.460699630682,0,2.79,2.74982093080898,16,279,0.0151451662450417
"209",0.09,"ER","1","1",100,413,1,100,3,17,8.26,3,2.08651726932045,0.386253402552747,0.00424525051232551,0.277480081374693,4,0.0348816413757233,0.0955137481910275,0.106033115759101,9.431015893864,0.600461544425826,0.0882828282828283,3.51,3,2.39373737373737,236.197420410171,0,3.3,2.85862155097823,16,330,-0.0304865645717832
"210",0.09,"ER","1","1",100,407,1,100,3,18,8.14,3,2.10618815894175,0.39491993381408,0.004213022420944,0.245745522158299,4,0.0473094279807379,0.0902921215697846,0.106125344457074,9.42281982796754,0.597406564638184,0.0995959595959596,3.57,3,2.41232323232323,232.814492573616,0,3.06,2.63549968428353,12,306,-0.0339653628793554
"211",0.09,"ER","1","1",100,403,1,100,2,16,8.06,2,1.62179289902874,0.38079072960868,0.00420093504193366,0.287850427008355,4,0.0328882756145496,0.0802431610942249,0.108240105053415,9.23871978419193,0.538191002834872,0.0802020202020202,3.59,3,2.4189898989899,231.538430122985,0,2.64,2.59961147058167,13,264,-0.0334262718165704
"212",0.09,"ER","1","1",100,418,1,100,3,17,8.36,3,1.74541802265277,0.400881143116687,0.00425786958068503,0.267224308051556,4,0.0382643497303265,0.0777999430037048,0.105244335578732,9.5016990178242,0.54165296033884,0.0872727272727273,3.55,3,2.38686868686869,238.336428885573,0,2.73,2.46942924743367,12,273,0.00552678714551462
"213",0.09,"ER","1","1",100,410,1,100,3,16,8.2,3,2.16319480685197,0.396265359580297,0.00424366404396169,0.260318262938727,4,0.0460318659738626,0.0786144578313253,0.109236967863608,9.15441008257012,0.570473598264008,0.0787878787878788,3.5,3,2.39252525252525,237.826131485438,0,2.61,2.38638816726208,14,261,-0.0432849770409205
"214",0.09,"ER","1","1",100,417,1,100,1,15,8.34,1,0.907003335830989,0.404872525247359,0.00425652075061407,0.261439769048071,4,0.0300510641807246,0.0780834072759539,0.108747025540064,9.19565381244919,0.489835611809668,0.0672727272727273,3.52,3,2.38363636363636,237.891599223727,0,2.64,2.48030626978186,11,264,-0.00447095214392471
"215",0.09,"ER","1","1",100,418,1,100,3,17,8.36,3,2.44454245589901,0.421968069867109,0.00425470964269371,0.251757056843937,4,0.034936255019553,0.0821562409916402,0.106162134282604,9.41955440852384,0.602067553929277,0.0872727272727273,3.48,3,2.38525252525253,237.600430594485,0,2.85,2.84755787624867,19,285,0.00816858573464332
"216",0.09,"ER","1","1",100,403,1,100,2,15,8.06,2,1.68460516023153,0.387776868053731,0.00422097571769133,0.267066480305894,4,0.0318690981660675,0.0785098522167488,0.109980860672383,9.09249112878697,0.488033411465369,0.0701010101010101,3.57,3,2.40585858585859,234.349224059581,0,2.55,1.9917760208346,8,255,-0.0588924165117691
"217",0.09,"ER","1","1",100,396,1,100,1,15,7.92,1,0.882596801981578,0.396383085115667,0.00415047655135388,0.270645214774003,5,0.0322564401785168,0.0836847226727214,0.112491700707179,8.88954468386115,0.548228817160285,0.0715151515151515,3.88,3,2.44848484848485,232.836753864551,0,2.58,2.37061130930357,9,258,0.0067336324379967
"218",0.09,"ER","1","1",100,424,1,100,2,16,8.48,2,1.69125663187342,0.412187536394378,0.00427464797246505,0.249443752224991,4,0.0359564029286165,0.0780730897009967,0.104181906647989,9.59859568877739,0.534644896208756,0.075959595959596,3.5,3,2.37717171717172,238.038250990006,0,2.82,2.70569918520298,13,282,-0.015126131640838
"219",0.09,"ER","1","1",100,418,1,100,1,16,8.36,1,0.849780593318015,0.422053095820442,0.00425745271758636,0.241146036033974,5,0.0294876355186568,0.0874858437146093,0.104273452849131,9.59016866399216,0.573245338929963,0.0771717171717172,3.69,3,2.38969696969697,238.241443234052,0,3.09,3.09804434892059,13,309,0.0461562836926554
"220",0.09,"ER","1","1",100,415,1,100,2,17,8.3,2,1.588886462418,0.400859273733529,0.00422881493369808,0.250346929888228,4,0.0306952527366427,0.0965217391304348,0.10548447742414,9.48006782058672,0.57913802848967,0.0878787878787879,3.61,3,2.40545454545455,237.224408666081,0,3.33,2.78181323033824,12,333,0.0705013998472883
"221",0.09,"ER","1","1",100,421,1,100,3,19,8.42,3,2.005479319532,0.409521286958104,0.0042713836511062,0.245499066243138,4,0.0582188816533356,0.0962566844919786,0.105381863849155,9.48929885536484,0.573382029881622,0.106868686868687,3.49,3,2.37777777777778,238.642753025004,0,3.42,2.86455172158866,14,342,-0.0618171931866784
"222",0.09,"ER","1","1",100,431,1,100,2,17,8.62,2,1.72291472283785,0.406939865671597,0.00431140705048568,0.256447801206927,4,0.0438792151103814,0.0942201108471892,0.101440686655382,9.857977434609,0.515382444474659,0.0846464646464647,3.51,3,2.35878787878788,241.115609724804,0,3.57,3.17583998273836,14,357,-0.0257831292600111
"223",0.09,"ER","1","1",100,430,1,100,3,17,8.6,3,2.17219170427752,0.398879179807744,0.00429237914983703,0.240711195240671,4,0.0397314714537405,0.0835135135135135,0.102610991033648,9.74554470165951,0.542833402320446,0.0848484848484849,3.48,3,2.36707070707071,241.243133848246,0,3.09,3.11430391723237,17,309,0.0451240061250259
"224",0.09,"ER","1","1",100,437,1,100,2,16,8.74,2,1.84703850625139,0.372748499984379,0.00430604280693171,0.258900659269305,4,0.0358012535116475,0.0942408376963351,0.102178957307635,9.78675087659438,0.522536157776489,0.0733333333333333,3.48,3,2.35818181818182,242.239023727516,0,3.6,2.61696099483444,11,360,-0.0473419680319059
"225",0.09,"ER","1","1",100,430,1,100,2,16,8.6,2,1.75569549368793,0.435806385453651,0.00433691080564407,0.229664683612764,4,0.0321747586366339,0.0792483660130719,0.10402660394669,9.61292556000831,0.521428393392943,0.0747474747474747,3.32,3,2.34040404040404,242.908484100516,0,2.91,2.65183374709317,11,291,-0.00969426105726273
"226",0.09,"ER","1","1",100,426,1,100,2,17,8.52,2,1.76021502529796,0.402416333708238,0.00429510272031048,0.271686063170888,4,0.0445997800780303,0.0935430463576159,0.104869031562044,9.53570358288628,0.493945392653148,0.0856565656565657,3.43,3,2.36424242424242,240.515901224523,0,3.39,2.77031522838945,13,339,-0.0499272569592191
"227",0.09,"ER","1","1",100,426,1,100,2,21,8.52,2,1.55980399932916,0.420349640332794,0.00429455697912873,0.262222001807402,4,0.0519910291961083,0.0842420937840785,0.102239255924795,9.7809788515634,0.675577221288373,0.126060606060606,3.53,3,2.36505050505051,239.635356172099,0,3.09,3.46146171027749,20,309,0.0226551376593544
"228",0.09,"ER","1","1",100,429,1,100,2,14,8.58,2,1.67875012380603,0.428870567851627,0.00430034665840575,0.285911834862884,4,0.0237773432939209,0.0772243984331281,0.106418744351801,9.39684081118434,0.404766835275615,0.0547474747474747,3.41,3,2.3589898989899,241.391832822317,0,2.76,2.22074698507443,9,276,-0.0119894001445432
"229",0.09,"ER","1","1",100,422,1,100,3,15,8.44,3,2.17368356873509,0.425258647158492,0.00428970845748548,0.270049527189416,4,0.0274838642116312,0.0862265224815026,0.106588808630767,9.38184798991501,0.459696732548876,0.0662626262626263,3.41,3,2.36646464646465,240.921133892547,0,3.03,2.43482727074917,10,303,-0.0119618211162643
"230",0.09,"ER","1","1",100,438,1,100,4,14,8.76,4,2.68805542174362,0.415325964763527,0.00433644755910999,0.240807635370405,4,0.0194304621671409,0.076,0.103628580659616,9.64984749993492,0.489047855346522,0.0529292929292929,3.4,3,2.34040404040404,244.232003483129,0,2.85,2.46336798269804,11,285,0.0232237862599838
"231",0.09,"ER","1","1",100,429,1,100,4,16,8.58,4,2.81420764540785,0.395719454375264,0.0043108361821253,0.247594286055824,4,0.0354637472415359,0.0901001112347052,0.106485964566536,9.39090897162476,0.536106635995201,0.0749494949494949,3.27,3,2.35131313131313,242.791615293372,0,3.24,2.48681370919545,10,324,-0.0948634185777711
"232",0.09,"ER","1","1",100,432,1,100,4,16,8.64,4,2.86152740251738,0.398640383766248,0.00433911083694421,0.25017146776406,4,0.0296891007357799,0.0815038419319429,0.105459155865994,9.48234405811758,0.522941287657054,0.0743434343434344,3.22,3,2.3369696969697,244.089672356035,0,2.97,2.52044168006845,11,297,-0.0470530811470423
"233",0.09,"ER","1","1",100,437,1,100,2,18,8.74,2,1.64448806747527,0.416088186027424,0.00432477955562718,0.247529703773911,4,0.0378339469238611,0.0923566878980892,0.102831367416729,9.72465916890376,0.564966531733638,0.0935353535353535,3.41,3,2.34626262626263,243.143663335669,0,3.48,3.28903903561174,21,348,-0.00908925785289995
"234",0.09,"ER","1","1",100,446,1,100,3,18,8.92,3,2.14966210926991,0.426028165922746,0.0043603237827699,0.248607452391964,4,0.035770264051882,0.0749034749034749,0.101947285607809,9.80899093132307,0.570314758713974,0.0917171717171717,3.42,3,2.32787878787879,246.610956422229,0,2.91,2.44162141854857,13,291,0.0312435218232442
"235",0.09,"ER","1","1",100,441,1,100,2,19,8.82,2,1.69081372271449,0.420062023743937,0.0043347420551692,0.259099860654768,4,0.0405283375628678,0.0864419861075379,0.100762940938506,9.92428357773202,0.600894735285344,0.102828282828283,3.46,3,2.34363636363636,243.713516886513,0,3.36,2.79436662742827,18,336,0.0177916097409675
"236",0.09,"ER","1","1",100,437,1,100,3,16,8.74,3,2.40481765056172,0.423796218305474,0.00432866976684039,0.271928951819405,4,0.0342162350767677,0.084722969338354,0.104907813855105,9.53217842649135,0.476785917985095,0.0733333333333333,3.36,3,2.34242424242424,243.747317066903,0,3.15,2.53211693284812,10,315,-0.0550034457286818
"237",0.09,"ER","1","1",100,441,1,100,4,16,8.82,4,2.81436489795088,0.440320077908971,0.00434302543467407,0.236393272350512,4,0.0277929850552618,0.0747613997879109,0.104112033020192,9.60503767903613,0.512749696164383,0.0725252525252525,3.24,3,2.33393939393939,244.574212040057,0,2.82,2.16202299579432,9,282,-0.0187155049479111
"238",0.09,"ER","1","1",100,436,1,100,3,15,8.72,3,2.3131743671883,0.416886316494561,0.00432478480585952,0.257462019190304,4,0.0229590393190948,0.0725806451612903,0.104548308537156,9.56495627707454,0.461004418437499,0.0634343434343434,3.38,3,2.34525252525253,242.330085709064,0,2.7,2.31158697509619,9,270,-0.0782099422742811
"239",0.09,"ER","1","1",100,438,1,100,2,18,8.76,2,1.77370964288778,0.394489906384162,0.00432518494554233,0.255157836575551,4,0.0377628005884724,0.103044496487119,0.101634493159627,9.83917928758105,0.54242849351398,0.0933333333333333,3.5,3,2.34808080808081,242.947665549945,0,3.96,3.17795436395709,15,396,-0.0464823498261878
"240",0.09,"ER","1","1",100,439,1,100,2,17,8.78,2,1.75846044827789,0.404466471326947,0.00432466286135881,0.264299168227645,4,0.0381448769918744,0.0802938861191288,0.102920057165423,9.7162790960435,0.446407351556103,0.083030303030303,3.41,3,2.34707070707071,242.93043065013,0,3.06,2.30861364669296,10,306,-0.0442259992695713
"241",0.09,"ER","1","1",100,436,1,100,4,17,8.72,4,2.57777635456009,0.407938339910151,0.00433464817796502,0.257661918188705,4,0.0330425050922267,0.0779010008114688,0.105101005387088,9.51465684193023,0.522909665554118,0.0836363636363636,3.34,3,2.3389898989899,244.828001059813,0,2.88,2.413263015885,11,288,-0.0548665289845912
"242",0.09,"ER","1","1",100,440,1,100,3,16,8.8,3,2.55597742107502,0.404445197476378,0.00435017429664285,0.27025826446281,4,0.0329565760990015,0.0808431163287087,0.10425720932057,9.59166283575845,0.499415759713007,0.0727272727272727,3.26,3,2.33070707070707,246.161879671935,0,3.03,2.49223035075254,10,303,-0.0194428303746883
"243",0.09,"ER","1","1",100,448,1,100,3,16,8.96,3,2.54597092212023,0.432713907870539,0.00439790797603651,0.251636738679847,4,0.0236528017977846,0.0770012706480305,0.101917660112694,9.81184221551262,0.490833470339119,0.0711111111111111,3.2,3,2.30545454545455,248.512184772051,0,3.03,2.61485654433943,12,303,-0.0768779510564443
"244",0.09,"ER","1","1",100,447,1,100,3,15,8.94,3,2.60883837860951,0.425362103147082,0.00435301647971026,0.264119734346301,4,0.0304715465712311,0.0822025052192067,0.103549853499972,9.6571841118082,0.496609115110475,0.0612121212121212,3.24,3,2.32747474747475,248.026486350233,0,3.15,2.09074439404058,11,315,0.00258021252636769
"245",0.09,"ER","1","1",100,453,1,100,2,16,9.06,2,1.62406098046838,0.431370329492759,0.00439459117071908,0.240045514572948,4,0.0299508564892003,0.085261569416499,0.102040509508513,9.80002946689101,0.454414163275244,0.0701010101010101,3.34,3,2.30828282828283,249.151946098671,0,3.39,2.40745894790723,11,339,-0.0541248070167604
"246",0.09,"ER","1","1",100,447,1,100,4,17,8.94,4,2.78546214405674,0.417426444229809,0.00436578663802458,0.276829372050308,4,0.0281718497306603,0.0941842511580031,0.102644287853886,9.74238334064434,0.503796402524609,0.0814141414141414,3.33,3,2.32262626262626,248.544425074569,0,3.66,2.77149997676567,11,366,-0.0418812275477569
"247",0.09,"ER","1","1",100,439,1,100,2,15,8.78,2,1.69893556886801,0.423078235525394,0.00434252526608265,0.269433533449909,4,0.0234672536288847,0.0894199785177229,0.104661785755781,9.55458568548998,0.492642983571395,0.0628282828282828,3.37,3,2.33515151515151,245.956260499263,0,3.33,2.77454154917183,14,333,-0.0245402081425168
"248",0.09,"ER","1","1",100,443,1,100,3,16,8.86,3,2.4959690960792,0.428533703560638,0.00435026036827508,0.278898236424135,4,0.0296895871638111,0.0847636651703195,0.104013407664958,9.61414516118096,0.487154915236064,0.0721212121212121,3.27,3,2.33090909090909,246.33405670355,0,3.21,2.25762456729827,10,321,0.00213192823970074
"249",0.09,"ER","1","1",100,447,1,100,3,17,8.94,3,2.00680443837608,0.407013246645813,0.00435713590610384,0.265758799653669,4,0.0292192310607975,0.0900692840646651,0.101697409534869,9.83309215616872,0.521735385046111,0.0814141414141414,3.37,3,2.32909090909091,248.929105761398,0,3.51,2.98310054957738,14,351,0.0577496351240183
"250",0.09,"ER","1","1",100,453,1,100,2,16,9.06,2,1.69814274662967,0.407622714615572,0.00437209388355452,0.247455033648622,4,0.0317615455563438,0.093984962406015,0.101661610920081,9.83655473240657,0.416958053564989,0.0701010101010101,3.38,3,2.32020202020202,248.336423842295,0,3.75,2.78297493609797,12,375,-0.0582462668765806
