"","mu","GraphName","GraphID","GraphReplicate","order","edges","connected","max_component","minDegree","maxDegree","mean_degree","minCut","FiedlerValue","Normalized_FiedlerValue","closeness_centr","modularity","diameter","betw_centr","transitivity","threshold","spectral_radius","eigen_centr","deg_centr","mean_eccentr","radius","mean_path_length","graph_energy","min_triangle","mean_triangle","sd_triangle","max_triangle","num_triangle","deg_assort_coef"
"1",0.3,"Spatial_noncomm","1","1",200,1792,1,200,7,42,17.92,7,6.22839355878298,0.554569910552459,0.00236752813043778,0.183130085468292,3,0.0189814478190079,0.129559503257782,0.0454491711029105,22.0026014937809,0.65076279142175,0.121005025125628,3,3,2.13306532663317,675.844860586188,0,23.265,28.3470022698775,143,4653,0.167493424663091
"2",0.3,"Spatial_noncomm","1","1",200,1802,1,200,9,41,18.02,9,6.91908494296046,0.562936972648974,0.00238066568616369,0.156078264117241,3,0.0183269298194137,0.133209606382095,0.0455194570325398,21.9686275977577,0.648687537714657,0.115477386934673,3,3,2.12050251256281,681.814475281586,1,24.045,29.1732474509467,139,4809,0.156175235690176
"3",0.3,"Spatial_noncomm","1","1",200,1799,1,200,9,44,17.99,9,7.34391337759302,0.562593526490288,0.00238262982075352,0.149145007133484,3,0.0191608264084967,0.130366056572379,0.0458299372236783,21.8197985984442,0.664297433717513,0.13070351758794,3,3,2.11874371859296,679.577867578434,0,23.505,27.8320514955736,147,4701,0.125034691989136
"4",0.3,"Spatial_noncomm","1","1",200,1811,1,200,9,44,18.11,9,7.06816958704973,0.560298598450129,0.00237604842244249,0.147700071334839,3,0.0170539738323629,0.135351181443746,0.0449215307620351,22.2610401523792,0.66919454466346,0.130100502512563,3,3,2.12653266331658,680.737228974728,1,24.975,29.5174656583941,167,4995,0.158167876571696
"5",0.3,"Spatial_noncomm","1","1",200,1814,1,200,9,48,18.14,9,7.01861471281273,0.558057646361689,0.00238456866698086,0.176170200109482,3,0.0211930881393256,0.130416940249508,0.0454519504588549,22.001256049622,0.694799054718491,0.150050251256281,3,3,2.11708542713568,682.630352231698,1,23.835,28.599078858554,180,4767,0.135847278415504
"6",0.3,"Spatial_noncomm","1","1",200,1807,1,200,9,41,18.07,9,7.18700640503622,0.567775919632826,0.00238339093245322,0.144896447658539,3,0.0144520728590711,0.125440764083627,0.0458691766956116,21.8011325260101,0.668407594348075,0.115226130653266,3,3,2.1186432160804,683.089065862995,1,22.59,26.7816764029956,167,4518,0.169731601173708
"7",0.3,"Spatial_noncomm","1","1",200,1801,1,200,9,39,18.01,9,7.06954287214864,0.565610776085591,0.00238072685430037,0.160930871963501,3,0.0156567127971322,0.132195448460509,0.0457634063518133,21.8515202367661,0.628670301015162,0.105477386934673,3,3,2.12110552763819,682.296563608593,1,23.7,28.6131712300331,139,4740,0.180035436524913
"8",0.3,"Spatial_noncomm","1","1",200,1804,1,200,8,41,18.04,8,7.06243499371592,0.565743851213992,0.00238525640441012,0.168292850255966,3,0.0193490681115976,0.129521098459478,0.045969766470032,21.7534278894348,0.676044355327642,0.115376884422111,3,3,2.11618090452261,683.161688829685,0,23.205,27.7315373866857,165,4641,0.152251798954723
"9",0.3,"Spatial_noncomm","1","1",200,1807,1,200,9,38,18.07,9,7.17421913345505,0.564962394794633,0.00238607301510271,0.170869961380959,3,0.0153232999640112,0.128014223802645,0.0459556109726698,21.760128498666,0.649070412622063,0.100150753768844,3,3,2.11577889447236,685.413116256926,1,23.04,26.9391348213825,143,4608,0.156744838825673
"10",0.3,"Spatial_noncomm","1","1",200,1805,1,200,9,47,18.05,9,7.1187383403391,0.567129648186101,0.00238098782711022,0.157583504915237,3,0.025887030854621,0.131260842029903,0.0453394193823428,22.0558625060259,0.669743365130396,0.145477386934673,3,3,2.12085427135678,681.03262960739,1,23.835,29.7538946397132,150,4767,0.151648569802088
"11",0.3,"Spatial_noncomm","1","1",200,1805,1,200,9,44,18.05,9,7.18127655295723,0.566569432217688,0.00238179848546559,0.164108768105507,3,0.0170546757118387,0.133053567020489,0.0452614920192947,22.0938364023375,0.673951068075173,0.130402010050251,2.995,2,2.12030150753769,681.548288540302,1,24.255,28.8041380158159,158,4851,0.155221691639807
"12",0.3,"Spatial_noncomm","1","1",200,1813,1,200,8,43,18.13,8,6.92863484437922,0.56249736427272,0.00238390144170213,0.172314524650574,3,0.0195362372042793,0.129938779362982,0.044961568602199,22.2412169123275,0.644428962050829,0.124974874371859,3,3,2.11879396984925,678.494669270991,1,24.09,29.3170487384673,153,4818,0.12736646386108
"13",0.3,"Spatial_noncomm","1","1",200,1814,1,200,8,45,18.14,8,6.94652463437509,0.560053087360297,0.00238263217199637,0.156481683254242,3,0.0214575306817692,0.129743969704454,0.0455350350530256,21.9611118962684,0.657202150919164,0.134974874371859,3,3,2.11954773869347,683.152479865538,0,23.64,27.3437158039987,145,4728,0.161061154966463
"14",0.3,"Spatial_noncomm","1","1",200,1801,1,200,8,39,18.01,8,6.98752144975824,0.568772945955649,0.002376571885065,0.159871399402618,3,0.0134027831840354,0.132183588317107,0.0457980476035328,21.8349919336488,0.64913969839653,0.105477386934673,3,3,2.12482412060301,681.895862761022,1,23.76,26.8549500410733,141,4752,0.169481701219842
"15",0.3,"Spatial_noncomm","1","1",200,1820,1,200,8,41,18.2,8,7.02065753073998,0.567819656899675,0.00238491809659689,0.151567444205284,3,0.0146732332774953,0.131262660364619,0.0451058512589396,22.1700726643932,0.659351871374393,0.114572864321608,3,3,2.1172864321608,681.138169031417,0,24.3,28.6433624257921,162,4860,0.139110095195525
"16",0.3,"Spatial_noncomm","1","1",200,1804,1,200,8,40,18.04,8,6.90228957483028,0.563014501758905,0.00237743411137817,0.162195459008217,3,0.0143662755784958,0.131909547738693,0.04593913602591,21.7679322361656,0.656889134132941,0.11035175879397,3,3,2.12331658291457,681.046256634223,1,23.625,27.706726411509,151,4725,0.171629541582477
"17",0.3,"Spatial_noncomm","1","1",200,1794,1,200,8,37,17.94,8,6.82594608270912,0.576220807956696,0.00237594376382476,0.141452074050903,3,0.014726802066563,0.125277317532085,0.0461304174615199,21.6776707220167,0.636780115083461,0.0957788944723618,3,3,2.12552763819095,678.883475400912,1,22.305,25.4807440351124,138,4461,0.160164848677391
"18",0.3,"Spatial_noncomm","1","1",200,1796,1,200,9,39,17.96,9,7.05333300988171,0.543090104678062,0.00237348176666118,0.165637195110321,3,0.0151882147271494,0.128207299517317,0.0462943903926318,21.6008892550221,0.631897737349813,0.10572864321608,3,3,2.12723618090452,682.117173226084,0,22.71,25.9776846640056,129,4542,0.167550761582378
"19",0.3,"Spatial_noncomm","1","1",200,1802,1,200,9,47,18.02,9,6.95297400063908,0.55783987161604,0.00237815204394317,0.172568142414093,3,0.0210390845128266,0.128007111506195,0.0457684591188266,21.8491078627695,0.693489969550911,0.145628140703518,3,3,2.12306532663317,681.379654752233,0,23.04,27.902169365058,179,4608,0.155127724941726
"20",0.3,"Spatial_noncomm","1","1",200,1811,1,200,9,43,18.11,9,6.94155338130372,0.557802004719028,0.00238012531278038,0.150090515613556,3,0.0162865201607914,0.129071302816901,0.0453282743637904,22.0612854567177,0.673292773580019,0.125075376884422,3,3,2.12130653266332,682.251240182348,1,23.46,29.0007520262915,163,4692,0.172481473275096
"21",0.3,"Spatial_noncomm","1","1",200,1808,1,200,9,41,18.08,9,7.16124275303349,0.566201552606959,0.00238191818228579,0.152596578001976,3,0.0203349504763783,0.122896368467671,0.0460222185312076,21.7286352530333,0.627311304086756,0.115175879396985,3,3,2.11989949748744,683.187205028918,1,22.2,24.5743666752052,130,4440,0.147272326298888
"22",0.3,"Spatial_noncomm","1","1",200,1818,1,200,9,40,18.18,9,6.90999992583604,0.560846676707614,0.00238192242636707,0.160452499985695,3,0.0160684326393231,0.130999727594661,0.045249399830001,22.0997406320732,0.632188642999148,0.10964824120603,2.995,2,2.12050251256281,683.074363779131,1,24.045,27.979406910356,131,4809,0.173060739592806
"23",0.3,"Spatial_noncomm","1","1",200,1829,1,200,9,43,18.29,9,6.82996910509666,0.552719374920677,0.00238587442027,0.160458713769913,3,0.0156295692465938,0.136816453323336,0.0444592292639882,22.4925176741648,0.663458208581245,0.124170854271357,3,3,2.11683417085427,686.281394629711,2,25.545,31.1526953430306,166,5109,0.193029110561189
"24",0.3,"Spatial_noncomm","1","1",200,1801,1,200,9,42,18.01,9,6.89736439556699,0.555056789982405,0.00237787627482955,0.164210230112076,3,0.0184022728364347,0.128334675068706,0.045772203778836,21.8473203700621,0.655033522114265,0.120552763819095,3,3,2.12386934673367,680.352603069409,1,23.115,26.746939429479,155,4623,0.153917857334074
"25",0.3,"Spatial_noncomm","1","1",200,1802,1,200,9,40,18.02,9,7.1269765685836,0.566853787052846,0.00237523831195291,0.152590975165367,3,0.0142323809153603,0.131281060187742,0.0455253788049648,21.9657700001597,0.636990838108451,0.110452261306533,3,3,2.12577889447236,680.166604277264,1,23.775,27.4003333251926,139,4755,0.155764420843481
"26",0.3,"Spatial_noncomm","1","1",200,1810,1,200,9,39,18.1,9,6.83602667657982,0.567881064433554,0.00238026300744942,0.160727545619011,3,0.0135599464989036,0.130524067685231,0.0452521622546251,22.0983915502909,0.637194366624485,0.105025125628141,3,3,2.12185929648241,681.972539448867,1,23.835,28.3860283949728,135,4767,0.1658526374799
"27",0.3,"Spatial_noncomm","1","1",200,1807,1,200,9,43,18.07,9,6.97623975923123,0.563365492712221,0.00238023865328943,0.152554214000702,3,0.0192883900307064,0.129015415899536,0.0454728596167428,21.9911395154882,0.647262738164371,0.125276381909548,2.995,2,2.12180904522613,682.290236661717,1,23.475,27.4075765301546,140,4695,0.158898864755965
"28",0.3,"Spatial_noncomm","1","1",200,1809,1,200,9,40,18.09,9,6.94685270659495,0.560081175238592,0.00237624737862382,0.158140882849693,4,0.0149132558313436,0.137961239461294,0.0450977992314476,22.1740310401373,0.650433080137213,0.110100502512563,3.01,3,2.12557788944724,681.789247893309,1,25.2,30.3662732775001,163,5040,0.173116655532532
"29",0.3,"Spatial_noncomm","1","1",200,1800,1,200,9,42,18,9,6.7759805138073,0.553364156329862,0.00237240131739925,0.168577328324318,3,0.0148043894051399,0.137178423236515,0.0452415716070035,22.1035645862753,0.690894728943289,0.120603015075377,2.995,2,2.12924623115578,680.795142320853,0,24.795,29.4111894578685,187,4959,0.186915926376322
"30",0.3,"Spatial_noncomm","1","1",200,1794,1,200,8,38,17.94,8,6.94278498320391,0.564784656905449,0.00236882175742572,0.161010041832924,3,0.0115711705935959,0.127428945346952,0.0463359659444698,21.5815075744493,0.632662234457397,0.100804020100503,3,3,2.13140703517588,682.041934756255,1,22.395,25.6193428612682,128,4479,0.218167260244867
"31",0.3,"Spatial_noncomm","1","1",200,1778,1,200,9,47,17.78,9,6.99882178767679,0.561389350522375,0.00236880077892241,0.158169910311699,3,0.0205062874388269,0.133174589675993,0.0457402593002188,21.8625782909634,0.702793664749464,0.146834170854271,3,3,2.13175879396985,675.922350272262,0,23.49,30.028795225809,196,4698,0.175599245879586
"32",0.3,"Spatial_noncomm","1","1",200,1807,1,200,8,47,18.07,8,6.88534918242795,0.567443028215749,0.00237789281381382,0.161395967006683,3,0.0268054199780791,0.131633413362033,0.0455550379978085,21.9514689033539,0.676941272203086,0.145376884422111,3,3,2.12331658291457,681.016850168722,1,23.85,28.5325785760945,160,4770,0.16369677543562
"33",0.3,"Spatial_noncomm","1","1",200,1787,1,200,9,39,17.87,9,7.14597585526568,0.557789448231681,0.00237144698819161,0.163663044571877,3,0.0127025372271662,0.127190503109101,0.0459736020890449,21.7516129813611,0.642183474747374,0.106180904522613,3,3,2.12929648241206,678.337654805352,1,22.5,27.497098979007,133,4500,0.175821782286183
"34",0.3,"Spatial_noncomm","1","1",200,1787,1,200,9,41,17.87,9,7.06331507506019,0.566340394736859,0.00237187496349313,0.15827015042305,3,0.0201453633330443,0.125432869713313,0.0462669329983828,21.6137084348114,0.631105046539718,0.116231155778894,3,3,2.12884422110553,679.133933356625,1,22.095,25.752708302713,120,4419,0.177617682263483
"35",0.3,"Spatial_noncomm","1","1",200,1796,1,200,8,38,17.96,8,6.56654495495007,0.552713516831614,0.0023711484575737,0.19123387336731,3,0.0158519255391098,0.135347295037833,0.0462912911551482,21.6023354511421,0.642899168222473,0.10070351758794,3,3,2.12934673366834,681.817454041189,1,23.88,27.2513998533993,139,4776,0.193625359245272
"36",0.3,"Spatial_noncomm","1","1",200,1793,1,200,9,38,17.93,9,7.10285046801744,0.565672265514295,0.00237283953294759,0.169552132487297,3,0.0116863516377378,0.129205238202755,0.0461235691882322,21.6808893500622,0.636354290118595,0.100854271356784,3,3,2.12814070351759,680.548643325564,0,22.89,26.5509446784212,132,4578,0.189266350986123
"37",0.3,"Spatial_noncomm","1","1",200,1784,1,200,8,41,17.84,8,6.72215819230704,0.558533410381605,0.00237738639827632,0.194381356239319,3,0.0163920995964741,0.125901022821163,0.0465688339930061,21.4735889704729,0.626626610095644,0.116381909547739,3,3,2.12321608040201,678.536923406153,1,22.095,25.536572945267,119,4419,0.136022938106066
"38",0.3,"Spatial_noncomm","1","1",200,1792,1,200,9,42,17.92,9,7.09035716699686,0.571615397490778,0.00238364345760478,0.137376919388771,3,0.0157157528832533,0.121448499686842,0.0468379640122338,21.3502021509476,0.670090132359277,0.121005025125628,3,3,2.11718592964824,683.171445780566,0,21.33,23.4139309131128,141,4266,0.135497567205127
"39",0.3,"Spatial_noncomm","1","1",200,1798,1,200,9,40,17.98,9,6.83861332855498,0.549500918460367,0.00237578210064588,0.172458797693253,3,0.0154863528247167,0.12630418186445,0.0462218512703721,21.6347890124642,0.663543721776604,0.110653266331658,3,3,2.12467336683417,681.64903905561,0,22.335,27.8187380362526,154,4467,0.182160589810523
"40",0.3,"Spatial_noncomm","1","1",200,1792,1,200,9,46,17.92,9,6.98524383744156,0.563646237805202,0.00237426207399906,0.156983822584152,3,0.0199410578067157,0.124482739073749,0.0465055088773791,21.5028288935983,0.68233950705678,0.141105527638191,3,3,2.12668341708543,681.440885446121,1,21.96,25.3059351093532,167,4392,0.162572063242647
"41",0.3,"Spatial_noncomm","1","1",200,1803,1,200,9,39,18.03,9,7.17504064315965,0.543063909407276,0.00237751085759791,0.15723791718483,3,0.0155638724508262,0.125926950747095,0.0458792783550896,21.7963323716722,0.626697100456151,0.105376884422111,3,3,2.12381909547739,680.208594263823,0,22.755,25.2424420252278,124,4551,0.133853018587319
"42",0.3,"Spatial_noncomm","1","1",200,1800,1,200,9,43,18,9,7.0429383330422,0.572563768267377,0.00237420488678364,0.139778688549995,3,0.0205907398183231,0.128200878428773,0.0455046498743076,21.975776162704,0.647056168128911,0.125628140703518,3,3,2.12809045226131,677.99920357143,0,23.205,26.9173866398205,139,4641,0.167152909446829
"43",0.3,"Spatial_noncomm","1","1",200,1803,1,200,8,42,18.03,8,6.51378382245045,0.563445287376328,0.00237606600485528,0.153290003538132,3,0.0184025905347282,0.134029329989642,0.0449076166169215,22.2679374977828,0.665166146449495,0.120452261306533,3,3,2.12608040201005,679.150758569438,2,24.585,30.4824321264185,172,4917,0.151382263414976
"44",0.3,"Spatial_noncomm","1","1",200,1811,1,200,8,38,18.11,8,6.78988110439728,0.558729757191399,0.00238012543095373,0.165753737092018,3,0.0130148216041033,0.124751161247512,0.0459473286731122,21.7640509008566,0.617759462157307,0.0999497487437186,3,3,2.12140703517588,682.641520167468,0,22.56,25.0052537193254,122,4512,0.157632038872903
"45",0.3,"Spatial_noncomm","1","1",200,1797,1,200,8,43,17.97,8,6.69672854864447,0.555745890064463,0.00237527396621737,0.162779957056046,4,0.0171212969478379,0.130809046922471,0.0460223404741305,21.7285776798359,0.652360995563796,0.125778894472362,3.01,3,2.12577889447236,682.99136358057,0,23.25,27.3967224683912,146,4650,0.18661503066896
"46",0.3,"Spatial_noncomm","1","1",200,1808,1,200,9,40,18.08,9,7.11453872813956,0.564772668227053,0.00237620227320809,0.163583740592003,3,0.0187937340890722,0.130972814351365,0.0456843648194138,21.8893269930076,0.648333483211721,0.110150753768844,3,3,2.12502512562814,680.460108778883,1,23.655,27.4342700076797,149,4731,0.170089882181352
"47",0.3,"Spatial_noncomm","1","1",200,1795,1,200,8,42,17.95,8,6.66096086991537,0.550385604204499,0.00237310302043172,0.18345744907856,3,0.0207709331747459,0.13409843425557,0.0458799837486445,21.7959972583806,0.657263747527116,0.120854271356784,3,3,2.12763819095477,681.119049640229,0,23.895,27.4241571791172,145,4779,0.16753337067086
"48",0.3,"Spatial_noncomm","1","1",200,1799,1,200,9,39,17.99,9,7.2160712581415,0.552108144710549,0.00237541019861332,0.174843922257423,3,0.0157399435175112,0.129080495443388,0.0463835620156353,21.5593619063347,0.655855659815711,0.105577889447236,3,3,2.12517587939699,682.418479580259,0,22.875,26.4836988831368,160,4575,0.169514184224564
"49",0.3,"Spatial_noncomm","1","1",200,1783,1,200,8,45,17.83,8,6.88865660904532,0.560781988475077,0.00236928231855002,0.171716183423996,3,0.0221286337483485,0.132281076223108,0.0459983609044805,21.739905082196,0.676678023890951,0.136532663316583,3,3,2.13175879396985,675.484475052129,0,23.55,27.4820635887387,165,4710,0.130602290938312
"50",0.3,"Spatial_noncomm","1","1",200,1789,1,200,8,40,17.89,8,6.91251194044856,0.56310878769704,0.00236947272581902,0.156928673386574,3,0.0155033590648533,0.132224637885761,0.0456349934732289,21.9130085027104,0.660806084447313,0.111105527638191,3,3,2.13105527638191,679.207185540497,1,23.415,30.2632134022006,156,4683,0.198447637920179
"51",0.3,"Spatial_noncomm","1","1",200,1784,1,200,9,40,17.84,9,7.17867214594067,0.548572988125458,0.00237105864494877,0.1724993288517,3,0.0177398792644621,0.123364325068871,0.0467436960226252,21.3932590935037,0.627612642643087,0.111356783919598,3,3,2.12879396984925,680.332009158367,1,21.495,24.8975786395094,122,4299,0.17438895267369
"52",0.3,"Spatial_noncomm","1","1",200,1802,1,200,9,45,18.02,9,7.05873006468261,0.565815345299041,0.00238331407077805,0.168992295861244,3,0.0215370328887947,0.130200712293973,0.0454683277893054,21.99333137198,0.659715210669197,0.135577889447236,3,3,2.11869346733668,682.794516424043,0,23.58,28.7191145004236,154,4716,0.146016483233948
"53",0.3,"Spatial_noncomm","1","1",200,1781,1,200,9,47,17.81,9,6.76114778463296,0.571394358911247,0.00236817988195782,0.14806392788887,3,0.0182351010127998,0.128145865434001,0.0461768440810441,21.6558757944765,0.707353290257432,0.146683417085427,3,3,2.13211055276382,678.875022613717,1,22.455,28.2139702200504,190,4491,0.17960619859879
"54",0.3,"Spatial_noncomm","1","1",200,1793,1,200,9,44,17.93,9,6.80365395686928,0.568930934942457,0.00237512862455249,0.157925933599472,3,0.017773979840751,0.125398392328303,0.0462805784771642,21.607335796233,0.666234046992137,0.131005025125628,3,3,2.12562814070352,681.284551667038,1,22.23,25.3648175599441,142,4446,0.161397028027305
"55",0.3,"Spatial_noncomm","1","1",200,1784,1,200,8,42,17.84,8,6.75122606697821,0.562095479048464,0.00237055687582669,0.176136374473572,3,0.0173671992777065,0.130255233725265,0.0467081423498039,21.4095433834824,0.662688365235106,0.121407035175879,3,3,2.12984924623116,680.757748484817,0,22.71,25.6819726382723,156,4542,0.175719458409962
"56",0.3,"Spatial_noncomm","1","1",200,1793,1,200,8,40,17.93,8,6.82764091143263,0.54209882209056,0.00236737973487584,0.156884670257568,4,0.0132267234808285,0.134363651718605,0.0457690262165246,21.8488371430318,0.63687453976349,0.110904522613065,3.01,3,2.13321608040201,679.031926086852,0,23.865,28.0374260820521,140,4773,0.203589921401465
"57",0.3,"Spatial_noncomm","1","1",200,1808,1,200,7,45,18.08,7,6.43848148296734,0.56877842166266,0.00238005908423695,0.162795841693878,3,0.0187544493896163,0.13063075368099,0.045128972648893,22.1587140434169,0.664950545055829,0.135276381909548,3,3,2.12211055276382,680.993083956342,0,23.91,28.1955108868567,141,4782,0.16210142976081
"58",0.3,"Spatial_noncomm","1","1",200,1796,1,200,8,49,17.96,8,6.64923491880542,0.56055754050802,0.00237599926178259,0.155601128935814,4,0.0239418428882159,0.132433327811827,0.0452249173572762,22.1117043089325,0.699818649460015,0.155979899497487,3.01,3,2.1256783919598,679.982671515982,1,23.985,30.2246991248206,187,4797,0.153702242084368
"59",0.3,"Spatial_noncomm","1","1",200,1788,1,200,8,44,17.88,8,6.88807782773531,0.560192775279622,0.00237225129628051,0.173505067825317,3,0.0183048614936408,0.128963285975524,0.0458098004473259,21.8293900046529,0.673284666395623,0.131256281407035,3,3,2.12879396984925,678.44165597547,0,22.92,28.7607283893756,162,4584,0.172589380052318
"60",0.3,"Spatial_noncomm","1","1",200,1794,1,200,8,39,17.94,8,7.0608700168318,0.546095894944233,0.00236926699951233,0.152650997042656,3,0.0149483926356985,0.125909773158506,0.046093680341428,21.6949480404415,0.656580194504853,0.105829145728643,3,3,2.13105527638191,679.934355222564,1,22.23,26.8621476221536,154,4446,0.208811124293849
"61",0.3,"Spatial_noncomm","1","1",200,1801,1,200,8,41,18.01,8,6.77361969392898,0.556149619933706,0.00237528404593672,0.142006367444992,3,0.0162266281924667,0.127070457354759,0.0452222756102045,22.1129960070906,0.641522387725659,0.115527638190955,3,3,2.12698492462312,677.502399680483,0,23.13,28.4282239965495,133,4626,0.162522610968194
"62",0.3,"Spatial_noncomm","1","1",200,1802,1,200,8,41,18.02,8,6.72354746665103,0.563703410950222,0.00238076027508472,0.141459539532661,3,0.0182513849021871,0.123810052454831,0.0456823930640344,21.8902717858557,0.638328253056573,0.115477386934673,3,3,2.12085427135678,682.634259595504,1,22.305,27.1426896790844,137,4461,0.163642550774082
"63",0.3,"Spatial_noncomm","1","1",200,1797,1,200,8,49,17.97,8,6.45613138268119,0.551671457043102,0.00237103985735275,0.163504883646965,3,0.0289712489774132,0.1285160855651,0.0461499848550957,21.6684794835764,0.666655564148382,0.155929648241206,3,3,2.12964824120603,680.841349519262,0,22.89,25.831652509214,147,4578,0.158362524866894
"64",0.3,"Spatial_noncomm","1","1",200,1802,1,200,7,42,18.02,7,6.12095615196681,0.538605781566278,0.00237845646189757,0.164484277367592,3,0.0145278457832344,0.135162012099113,0.04530499364045,22.0726220146108,0.682120958204867,0.120502512562814,3,3,2.12316582914573,679.056244557909,1,24.465,30.2553417352637,177,4893,0.159504711838024
"65",0.3,"Spatial_noncomm","1","1",200,1813,1,200,9,40,18.13,9,7.08714727147063,0.565491777007594,0.00238034565070311,0.165118232369423,3,0.0143669860166123,0.137423515792955,0.0453104808097306,22.0699489859583,0.651741105220404,0.109899497487437,3,3,2.12110552763819,682.007414498564,1,24.93,30.5407726485407,152,4986,0.194827013102721
"66",0.3,"Spatial_noncomm","1","1",200,1796,1,200,9,40,17.96,9,6.91173835363209,0.56114519629496,0.00237421382938425,0.153476729989052,3,0.0151742943492933,0.131092860946828,0.0460787491502456,21.7019779929219,0.655238804302652,0.110753768844221,3,3,2.12718592964824,680.43462735345,0,23.385,25.9854380365186,142,4677,0.172289510555707
"67",0.3,"Spatial_noncomm","1","1",200,1809,1,200,9,43,18.09,9,7.09349196870051,0.553493067474729,0.00237706738648781,0.145137444138527,3,0.0200481220912708,0.135998919357017,0.0448730933375256,22.2850694173949,0.653421176091805,0.125175879396985,3,3,2.12477386934673,678.052749692021,1,25.17,30.3013524417475,154,5034,0.131365831162656
"68",0.3,"Spatial_noncomm","1","1",200,1810,1,200,8,41,18.1,8,6.71349511683068,0.552560891003604,0.00238068510687214,0.174247890710831,3,0.0155537292210694,0.128614407487882,0.0459014060754241,21.7858249997141,0.653666510635107,0.115075376884422,3,3,2.12030150753769,683.405330413706,0,23.085,26.6627509164407,135,4617,0.194058365052214
"69",0.3,"Spatial_noncomm","1","1",200,1804,1,200,8,38,18.04,8,6.80250059484501,0.561611164229492,0.00237481733025692,0.175263419747353,3,0.0143458222785261,0.127151104696347,0.0457484304185631,21.8586734200664,0.627945154046751,0.100301507537688,3,3,2.12653266331658,681.201834177018,1,22.905,26.6930434353072,132,4581,0.173729681170046
"70",0.3,"Spatial_noncomm","1","1",200,1803,1,200,8,38,18.03,8,6.6566628635808,0.559235547008683,0.00237680339650693,0.179905816912651,3,0.0149494324971342,0.128339140534262,0.0456604952454527,21.9007699023937,0.63824344500783,0.10035175879397,3,3,2.12452261306533,680.245998508831,1,23.205,26.590756224352,135,4641,0.149329189512741
"71",0.3,"Spatial_noncomm","1","1",200,1801,1,200,9,41,18.01,9,6.97557467482607,0.55874291020528,0.00237841834737289,0.157909527420998,3,0.016461647871915,0.128800981978463,0.0459729031795426,21.7519436633053,0.664731139592361,0.115527638190955,3,3,2.12326633165829,682.974270399091,0,23.085,27.0884977166087,166,4617,0.165679765048211
"72",0.3,"Spatial_noncomm","1","1",200,1800,1,200,7,40,18,7,6.20966341188899,0.560528022429856,0.00237688482126222,0.165291354060173,3,0.0175568018554084,0.129177431452621,0.0458178306739648,21.8255640935055,0.645428960180898,0.110552763819095,3,3,2.12457286432161,680.10218530353,0,23.25,26.6766888620611,133,4650,0.155696469791804
"73",0.3,"Spatial_noncomm","1","1",200,1801,1,200,8,39,18.01,8,6.83292059946903,0.546625918106444,0.00237509828375234,0.175242736935616,3,0.0156481025417744,0.133255794633214,0.0455975103860471,21.9310219249602,0.641760771486413,0.105477386934673,3,3,2.12633165829146,679.980033890638,1,24.06,27.7949491091439,148,4812,0.15803905930199
"74",0.3,"Spatial_noncomm","1","1",200,1803,1,200,9,43,18.03,9,6.85812483018712,0.563144165731158,0.00238072027452676,0.153759732842445,3,0.0203578261013651,0.132085855806274,0.0453209053410144,22.0648725455849,0.650983097796212,0.125477386934673,3,3,2.1213567839196,682.346476147334,1,24,28.6631800302625,143,4800,0.157453325516592
"75",0.3,"Spatial_noncomm","1","1",200,1797,1,200,9,41,17.97,9,7.00828916108479,0.568095389736661,0.00237969152274364,0.158280864357948,3,0.0156791991399153,0.128260869565217,0.0460594314006685,21.7110800022921,0.65323797396004,0.11572864321608,3,3,2.1221608040201,679.86253463299,1,23.01,26.6152542500343,153,4602,0.127307129457947
"76",0.3,"Spatial_noncomm","1","1",200,1804,1,200,9,36,18.04,9,7.24354259045825,0.552738488955035,0.00237648566078906,0.150570034980774,3,0.0122670474616763,0.130460169609342,0.0458017691779833,21.8332177544071,0.617171040291375,0.090251256281407,3,3,2.12492462311558,681.41147694466,1,23.46,26.3484268598706,122,4692,0.179255662080336
"77",0.3,"Spatial_noncomm","1","1",200,1786,1,200,8,43,17.86,8,6.72280313450395,0.569890254371885,0.00237873495892305,0.162690654397011,3,0.0184951427345809,0.123446279584539,0.0464049299817971,21.5494345189673,0.661532927864502,0.126331658291457,3,3,2.12231155778894,679.776820100854,0,21.75,26.3575625870003,148,4350,0.139073906466599
"78",0.3,"Spatial_noncomm","1","1",200,1815,1,200,9,43,18.15,9,7.22364504069388,0.53951397779725,0.00238142025164699,0.177465260028839,3,0.0175883281114239,0.131604200367395,0.045513118243583,21.9716872539489,0.644294126696734,0.124874371859296,3,3,2.12010050251256,682.632744577699,1,24,28.787560127431,146,4800,0.157877046255025
"79",0.3,"Spatial_noncomm","1","1",200,1823,1,200,9,45,18.23,9,7.2699913459144,0.567394405825059,0.0023870840094633,0.158286318182945,3,0.0166695948424521,0.130388721375601,0.0451871217276039,22.1301990869916,0.684488585655495,0.134522613065327,3,3,2.11497487437186,686.165350434157,1,24,29.6597116045034,177,4800,0.169999402238821
"80",0.3,"Spatial_noncomm","1","1",200,1816,1,200,8,42,18.16,8,6.90147118497411,0.541070787763694,0.00237492094420814,0.166315168142319,3,0.0201024349431063,0.129563668744435,0.0459608420257321,21.7576518602538,0.631776061697221,0.119798994974874,3,3,2.12603015075377,685.030487830431,1,23.28,25.8859423249425,129,4656,0.208260056382238
"81",0.3,"Spatial_noncomm","1","1",200,1828,1,200,10,39,18.28,10,7.11812657951997,0.568158667505828,0.00238397799867497,0.155621409416199,3,0.0137804293915255,0.130006512536633,0.0453977532633294,22.0275218070706,0.598041163219965,0.104120603015075,3,3,2.11814070351759,686.39097540424,1,23.955,26.3772967515551,117,4791,0.181281762259978
"82",0.3,"Spatial_noncomm","1","1",200,1814,1,200,9,42,18.14,9,7.23393613685431,0.5569241763801,0.00237942201420625,0.165998518466949,3,0.0173546502224247,0.129439097245271,0.0458665403069248,21.8023856455775,0.647135074220952,0.119899497487437,3,3,2.12201005025126,681.786685340213,0,23.4,26.1643433764658,133,4680,0.175215243368391
"83",0.3,"Spatial_noncomm","1","1",200,1813,1,200,8,46,18.13,8,6.84336116204964,0.569565796509198,0.00238066972810953,0.166339248418808,3,0.022252146946363,0.134720430402679,0.0452600573119209,22.0945367591616,0.679180730316173,0.140050251256281,3,3,2.12110552763819,684.630055052163,0,24.54,29.7130057982668,177,4908,0.183573104816784
"84",0.3,"Spatial_noncomm","1","1",200,1806,1,200,8,41,18.06,8,6.35933813842887,0.561702535243761,0.00237286124269366,0.159996852278709,3,0.0145523067254224,0.129472457979697,0.045628428659596,21.9161612480752,0.652705630824758,0.115276381909548,3,3,2.12809045226131,680.684971757801,0,23.34,27.0174780577872,141,4668,0.186321283995777
"85",0.3,"Spatial_noncomm","1","1",200,1804,1,200,7,44,18.04,7,6.55543422293872,0.563108075693447,0.00237379423024242,0.17110550403595,4,0.0185821923403616,0.128561924825369,0.0456262871525431,21.9171899010034,0.661543410264977,0.130452261306533,3.01,3,2.12743718592965,678.623917306627,1,23.19,27.7299232457661,144,4638,0.177597270874504
"86",0.3,"Spatial_noncomm","1","1",200,1810,1,200,8,39,18.1,8,6.72624714255058,0.563710887991733,0.00237212227752499,0.164354577660561,3,0.0149453394286704,0.13416519434629,0.045201624387198,22.1230987504781,0.65281561844632,0.105025125628141,3,3,2.12879396984925,683.770687589993,0,24.3,30.1702039441259,157,4860,0.21361327638651
"87",0.3,"Spatial_noncomm","1","1",200,1801,1,200,7,40,18.01,7,6.1909840824925,0.5743763368262,0.00237834894069133,0.162780180573463,3,0.0135214582342908,0.133263349816293,0.0454243790235929,22.0146102488404,0.643857929762717,0.110502512562814,3,3,2.12366834170854,682.31163664038,1,24.12,28.4729546364378,137,4824,0.176107216577294
"88",0.3,"Spatial_noncomm","1","1",200,1776,1,200,8,40,17.76,8,6.79890578453562,0.571407797064487,0.00236461013757131,0.161487817764282,3,0.0144819349012513,0.126650882847933,0.0462668130647693,21.6137644622311,0.650152297133197,0.111758793969849,3,3,2.13577889447236,677.219451188207,1,22.2,27.2614366761593,145,4440,0.168316572695865
"89",0.3,"Spatial_noncomm","1","1",200,1794,1,200,9,45,17.94,9,7.04004402748138,0.543710383191814,0.00237593216782391,0.179875880479813,3,0.0226815946811539,0.127353298145587,0.0463090405428646,21.5940556806479,0.661826526464388,0.135979899497487,3,3,2.12522613065327,681.036188517671,1,22.56,26.2080274633096,145,4512,0.159276811759246
"90",0.3,"Spatial_noncomm","1","1",200,1789,1,200,8,38,17.89,8,6.59044073261772,0.553726445738027,0.00237117704192977,0.159700095653534,3,0.0114044739229184,0.131029763941156,0.0463608205323512,21.5699374712789,0.638541038471839,0.10105527638191,3,3,2.12924623115578,681.737605653659,0,22.98,26.8041397837673,134,4596,0.196552853081113
"91",0.3,"Spatial_noncomm","1","1",200,1785,1,200,9,45,17.85,9,6.89156662110089,0.558350156680277,0.00237137536432035,0.158790573477745,3,0.0181074362090885,0.132297141572276,0.045726063340652,21.8693656733613,0.700373032234471,0.13643216080402,3,3,2.12939698492462,678.457538705696,1,23.535,29.1826474047119,191,4707,0.156600849927465
"92",0.3,"Spatial_noncomm","1","1",200,1801,1,200,8,39,18.01,8,7.08013337869852,0.554904265634149,0.00237940817188263,0.153296902775764,3,0.0149775814840854,0.132116808563743,0.0457838061791886,21.8417838850313,0.630462736525169,0.105477386934673,3,3,2.12221105527638,681.572359039728,1,23.82,26.9797541812077,129,4764,0.152456046913549
"93",0.3,"Spatial_noncomm","1","1",200,1811,1,200,9,42,18.11,9,7.2574619802713,0.550813589442548,0.00238368998959236,0.187657564878464,3,0.0144807796149949,0.134506808369313,0.0454645506429349,21.9951585544901,0.66093759473489,0.120050251256281,3,3,2.11809045226131,684.531979325284,1,24.3,30.1831927673025,164,4860,0.195423103014492
"94",0.3,"Spatial_noncomm","1","1",200,1807,1,200,9,41,18.07,9,7.11768449136569,0.553368828546983,0.0023811023373184,0.165162146091461,3,0.0142237555054021,0.129986302518659,0.0462175279678613,21.6368127844349,0.651711054315052,0.115226130653266,3,3,2.12030150753769,684.215056428754,1,23.25,26.0987205832087,136,4650,0.164488270323757
"95",0.3,"Spatial_noncomm","1","1",200,1806,1,200,9,43,18.06,9,6.96563517346817,0.564728475436499,0.00237972059924439,0.153117492794991,3,0.023146757123101,0.131892635925671,0.0455996945520864,21.9299714575444,0.636489226893829,0.125326633165829,3,3,2.12211055276382,678.746371238939,1,23.955,27.7755355823146,142,4791,0.146590505138335
"96",0.3,"Spatial_noncomm","1","1",200,1816,1,200,9,41,18.16,9,7.23743969740673,0.560828550007901,0.00238066324933195,0.149282604455948,3,0.0145198116542929,0.129089203949909,0.0455026918173066,21.97672181714,0.65825986148496,0.114773869346734,3,3,2.12045226130653,685.321787544295,0,23.4,28.6244088833219,149,4680,0.196986347583245
"97",0.3,"Spatial_noncomm","1","1",200,1816,1,200,9,41,18.16,9,7.24496621268973,0.570024583231072,0.00238056414717974,0.169568181037903,3,0.0156190882092323,0.129404617253949,0.0455434943307608,21.9570328253136,0.65369570054373,0.114773869346734,3,3,2.12070351758794,685.057172960248,1,23.43,28.8291641140979,152,4686,0.199972962615009
"98",0.3,"Spatial_noncomm","1","1",200,1811,1,200,8,43,18.11,8,6.97399139273169,0.557103448076045,0.00237602131273194,0.187806829810143,3,0.0176199558802276,0.135786173898697,0.0452772433790505,22.0861502461233,0.65556250972718,0.125075376884422,3,3,2.12532663316583,683.084941469743,1,24.69,29.7626101816376,143,4938,0.184509052336741
"99",0.3,"Spatial_noncomm","1","1",200,1810,1,200,9,40,18.1,9,6.95054836824788,0.546258628094785,0.00237800033623579,0.17693293094635,3,0.0154398775910959,0.130381270171216,0.0453184212406632,22.066082017498,0.620530162263964,0.110050251256281,3,3,2.12402010050251,680.929311521416,0,23.835,27.8325534249151,133,4767,0.156672162642427
"100",0.3,"Spatial_noncomm","1","1",200,1818,1,200,9,40,18.18,9,7.07370822345789,0.575023341840537,0.00238519000898876,0.155248805880547,4,0.0189217540950825,0.128683693516699,0.0455854419691621,21.9368280047934,0.634266473465787,0.10964824120603,3.005,2,2.11693467336683,682.575472894007,0,23.58,26.8789132946162,137,4716,0.143663968628359
"101",0.3,"Spatial_noncomm","1","1",200,1799,1,200,8,40,17.99,8,6.62935354237206,0.55452930932453,0.00237387727674852,0.166713267564774,3,0.0158890140643238,0.129667497689011,0.0461548698110985,21.6661861271146,0.640964538806604,0.110603015075377,3,3,2.12743718592965,679.486318711054,1,23.145,25.8931700701441,143,4629,0.158054683933267
"102",0.3,"Spatial_noncomm","1","1",200,1794,1,200,8,43,17.94,8,6.87295877124493,0.567152115601918,0.00237446880190786,0.155499294400215,3,0.0159863109863663,0.125771583386867,0.0457649547438948,21.8507809216921,0.67412840511555,0.125929648241206,3,3,2.12718592964824,679.969705614755,0,22.515,27.8751663582029,157,4503,0.161930959561774
"103",0.3,"Spatial_noncomm","1","1",200,1789,1,200,8,38,17.89,8,6.47955520189613,0.554783075341392,0.00237525020594387,0.176448926329613,4,0.0120955466065526,0.129029528724934,0.0461645973251898,21.6616207644109,0.637453240387151,0.10105527638191,3.01,3,2.12592964824121,680.480440540184,2,22.875,26.5591096713098,139,4575,0.15207617247397
"104",0.3,"Spatial_noncomm","1","1",200,1797,1,200,7,40,17.97,7,6.03697042834155,0.561484983691057,0.00237626674037347,0.146590545773506,3,0.015304835372582,0.128621671411824,0.0457910322306532,21.838337143459,0.654682595221833,0.11070351758794,3,3,2.12522613065327,681.079370664585,0,23.04,27.4377944232781,146,4608,0.179634682034019
"105",0.3,"Spatial_noncomm","1","1",200,1800,1,200,9,42,18,9,6.95714121190507,0.560068421307685,0.00237131399623748,0.165710970759392,3,0.0170142918771369,0.133201734875445,0.0457933819324028,21.83721659772,0.656304235629504,0.120603015075377,3,3,2.12954773869347,680.506623563043,1,23.955,26.7587955764739,155,4791,0.155760905690966
"106",0.3,"Spatial_noncomm","1","1",200,1800,1,200,9,44,18,9,7.04509110275638,0.568056158811402,0.00237721443676747,0.172665297985077,3,0.021827664799675,0.130711018241373,0.0461027482715256,21.6906808702688,0.687796689865098,0.130653266331658,3,3,2.12346733668342,686.055604935417,0,23.145,27.7522053087225,180,4629,0.205280319542246
"107",0.3,"Spatial_noncomm","1","1",200,1812,1,200,9,40,18.12,9,7.31725985802804,0.561938797043172,0.00237913067724883,0.155988529324532,3,0.0174167715396373,0.131174426685198,0.0459572694328144,21.7593432408319,0.625311837903755,0.109949748743719,3,3,2.12201005025126,683.911215382363,1,23.595,26.628676404117,124,4719,0.182541951885871
"108",0.3,"Spatial_noncomm","1","1",200,1809,1,200,9,40,18.09,9,6.94371504544077,0.555976565436442,0.00238305082949409,0.158014193177223,3,0.0141342385025208,0.134154351395731,0.0452712015709626,22.0890978215477,0.648045633685854,0.110100502512563,3,3,2.11894472361809,682.530924305934,1,24.51,29.0890143141504,157,4902,0.151205554601747
"109",0.3,"Spatial_noncomm","1","1",200,1792,1,200,9,39,17.92,9,7.00898287678644,0.567108737912457,0.00237682193748476,0.156441807746887,3,0.016002975289363,0.126410452193094,0.0463336287744194,21.5825961931153,0.652689056801219,0.105929648241206,3,3,2.12407035175879,682.089107401387,1,22.35,25.9031342082198,143,4470,0.169737181416223
"110",0.3,"Spatial_noncomm","1","1",200,1803,1,200,9,46,18.03,9,7.28705444908376,0.545413740408497,0.00238141824977728,0.152163818478584,3,0.0221369593451739,0.129649844655303,0.0461846003631065,21.6522388878096,0.676038833865503,0.140552763819095,3,3,2.1194472361809,682.237895800777,1,23.16,26.8254060931107,159,4632,0.140295220623026
"111",0.3,"Spatial_noncomm","1","1",200,1789,1,200,9,44,17.89,9,7.1329625999869,0.563185657193277,0.0023801108407928,0.163181409239769,3,0.0185959644857485,0.128031696618084,0.0463735406901471,21.5640208859978,0.679295129320286,0.131206030150754,3,3,2.12095477386935,681.232072832809,1,22.62,27.153307543516,161,4524,0.143282320045388
"112",0.3,"Spatial_noncomm","1","1",200,1804,1,200,9,41,18.04,9,7.10166940255669,0.567298813343167,0.00238151104947294,0.166518360376358,4,0.0164487007354098,0.124071404812063,0.0458036583583586,21.8323172392956,0.633176489379797,0.115376884422111,3.01,3,2.12065326633166,683.081460909094,0,22.38,26.5384067942271,133,4476,0.157721245510609
"113",0.3,"Spatial_noncomm","1","1",200,1801,1,200,8,39,18.01,8,7.00996908986813,0.563188319782626,0.00237787018941405,0.155800744891167,3,0.0175882138975552,0.122681281618887,0.0464433515301378,21.5316071526639,0.599551699468768,0.105477386934673,3,3,2.12346733668342,681.624861013833,0,21.825,24.6491842954724,113,4365,0.162450119292994
"114",0.3,"Spatial_noncomm","1","1",200,1804,1,200,9,44,18.04,9,6.93719282400829,0.575624385159185,0.00237514194258415,0.157371401786804,3,0.0165833811358649,0.130954343167958,0.0451327179304923,22.1568752305162,0.68120897833706,0.130452261306533,3,3,2.12653266331658,680.158825224888,1,23.835,30.6392164213541,180,4767,0.163145351454963
"115",0.3,"Spatial_noncomm","1","1",200,1800,1,200,9,45,18,9,6.61678377042187,0.550514224921944,0.0023763119101912,0.156908795237541,3,0.019822489496995,0.130006401514097,0.0455853017118195,21.9368955002598,0.655198531315555,0.135678391959799,3,3,2.12497487437186,681.635093801031,0,23.355,28.4437022199977,146,4671,0.173918889234796
"116",0.3,"Spatial_noncomm","1","1",200,1811,1,200,9,46,18.11,9,7.04144427819279,0.573530346463809,0.00237968577099932,0.146519795060158,3,0.0163365476554169,0.134760670939588,0.0449437261765477,22.2500465598203,0.698591049502557,0.140150753768844,3,3,2.12246231155779,681.820063104802,1,24.705,31.3975637597928,195,4941,0.180191705767169
"117",0.3,"Spatial_noncomm","1","1",200,1800,1,200,9,38,18,9,6.80837184714554,0.554938722737774,0.00237462378766896,0.161363109946251,3,0.0166438713523546,0.127884109353793,0.0456074354894185,21.9262492895925,0.624929656832808,0.100502512562814,3,3,2.12718592964824,678.274206202977,0,23.085,27.0032154236506,133,4617,0.163073267320962
"118",0.3,"Spatial_noncomm","1","1",200,1808,1,200,8,39,18.08,8,6.97468826637309,0.562579979232484,0.00238102009317258,0.163616478443146,3,0.0149096863727983,0.132885683494985,0.0454064550538692,22.0233004054957,0.657251260952066,0.105125628140704,3,3,2.12050251256281,682.147951046972,0,24.045,29.7399613568602,168,4809,0.186211315192243
"119",0.3,"Spatial_noncomm","1","1",200,1800,1,200,8,40,18,8,6.80879245182796,0.564527977633194,0.00237470208463393,0.152982398867607,3,0.0147085847414152,0.128894472361809,0.0455015344492439,21.9772808127049,0.645071645367099,0.110552763819095,3,3,2.12638190954774,682.771753084513,1,23.085,28.8661401165125,140,4617,0.211370362722831
"120",0.3,"Spatial_noncomm","1","1",200,1786,1,200,8,38,17.86,8,6.83647682018879,0.550701917095329,0.00237123242822381,0.147041067481041,3,0.0124771703873922,0.132521204531223,0.0464997991674824,21.5054692257533,0.631633465765182,0.101206030150754,3,3,2.12939698492462,679.979327564958,2,23.28,25.7196247149407,130,4656,0.157293775556593
"121",0.3,"Spatial_noncomm","1","1",200,1794,1,200,9,42,17.94,9,6.98947953148402,0.550913965407669,0.00237399977158881,0.163763076066971,3,0.0165597119851662,0.131402301444043,0.0461253449959209,21.680054644327,0.645259231267743,0.120904522613065,3,3,2.12653266331658,681.001783334591,2,23.295,27.166487909309,140,4659,0.1717115326602
"122",0.3,"Spatial_noncomm","1","1",200,1799,1,200,8,40,17.99,8,6.75696195456348,0.552704467200742,0.00237558028127451,0.16216067969799,3,0.016107009846574,0.1251986284185,0.0459885810900354,21.744528235003,0.634011794555626,0.110603015075377,3,3,2.12562814070352,680.087393727375,1,22.455,25.3826588808048,138,4491,0.155491340330445
"123",0.3,"Spatial_noncomm","1","1",200,1800,1,200,9,42,18,9,6.91441231024318,0.549482275952412,0.00237630296529904,0.158774241805077,3,0.0180080039082539,0.126860025220681,0.0458924672679595,21.7900683822716,0.662344545758653,0.120603015075377,3,3,2.12442211055276,681.029999320868,0,22.635,27.2990469581654,161,4527,0.178702855090873
"124",0.3,"Spatial_noncomm","1","1",200,1802,1,200,8,45,18.02,8,6.73309224510885,0.558129547481135,0.00237411236436207,0.158425077795982,3,0.022188202348272,0.129560375633674,0.0456144480859644,21.9228784291199,0.649534591143785,0.135577889447236,3,3,2.12678391959799,679.814188287641,0,23.385,28.1585028260921,142,4677,0.150742904879757
"125",0.3,"Spatial_noncomm","1","1",200,1806,1,200,7,46,18.06,7,6.23105926804024,0.555469318607252,0.00237628515994547,0.139720380306244,3,0.0237082112215634,0.126177491323748,0.0455684051049127,21.9450296251907,0.658563897165538,0.140402010050251,3,3,2.12502512562814,679.831596099326,0,22.905,27.2242866558446,156,4581,0.140369862194953
"126",0.3,"Spatial_noncomm","1","1",200,1796,1,200,8,40,17.96,8,7.08687567025873,0.581049283375764,0.00237578597889254,0.142062932252884,3,0.0165217058514192,0.123367602111698,0.0457989646075567,21.8345547452617,0.651055164038568,0.110753768844221,3,3,2.12608040201005,677.786316550757,1,22.2,26.3863829660329,142,4440,0.15054873553305
"127",0.3,"Spatial_noncomm","1","1",200,1795,1,200,8,40,17.95,8,6.85899638678176,0.572946909112012,0.00237645297234206,0.140686526894569,3,0.0148408915802542,0.12278742531688,0.0461244097744973,21.6804942304738,0.62733334002144,0.110804020100503,3,3,2.12507537688442,678.83904113617,0,21.99,25.1725682232619,125,4398,0.133714482908749
"128",0.3,"Spatial_noncomm","1","1",200,1797,1,200,9,39,17.97,9,6.99565048839817,0.547887388374121,0.00237988700252908,0.162273019552231,3,0.0151308951874671,0.128960223307746,0.0460251789540458,21.7272376278745,0.600140379205621,0.105678391959799,3,3,2.12170854271357,681.552209867183,1,23.1,25.9458268252958,110,4620,0.14364312737422
"129",0.3,"Spatial_noncomm","1","1",200,1798,1,200,9,39,17.98,9,6.79438912395053,0.553921210258999,0.00236890943606442,0.158795267343521,4,0.0136660953947045,0.132575863320399,0.0457595160272074,21.8533779816514,0.640572559366668,0.105628140703518,3.01,3,2.13226130653266,679.933168075281,0,23.745,27.7866960502132,141,4749,0.181624528416024
"130",0.3,"Spatial_noncomm","1","1",200,1810,1,200,9,41,18.1,9,7.18442001532544,0.553650852996054,0.00238043085811825,0.167510151863098,3,0.0197603411328671,0.132544605043854,0.0451466926770994,22.1500167720425,0.655892983531976,0.115075376884422,3,3,2.12130653266332,679.53795415694,0,24.255,29.4584278237866,146,4851,0.149696804472159
"131",0.3,"Spatial_noncomm","1","1",200,1799,1,200,9,44,17.99,9,7.08340808972771,0.542897993106514,0.00237296689089741,0.165679559111595,3,0.0183501914044052,0.136237955592794,0.0458047412961069,21.8318010691394,0.677341432431743,0.13070351758794,3,3,2.12743718592965,681.197669605695,1,24.39,29.1685088674025,178,4878,0.15354227013746
"132",0.3,"Spatial_noncomm","1","1",200,1790,1,200,9,43,17.9,9,7.05642869350409,0.557117958465701,0.00237346669135675,0.145295858383179,3,0.0159259689673073,0.129733363208604,0.0459507219183034,21.7624437278247,0.666040670757321,0.126130653266332,3,3,2.12798994974874,678.337561071369,0,23.16,27.1917516314032,158,4632,0.151902294318879
"133",0.3,"Spatial_noncomm","1","1",200,1811,1,200,10,39,18.11,10,7.10792146804904,0.552394103427945,0.00237887565259997,0.149604484438896,3,0.0178003704236315,0.131247931148626,0.0456542990810197,21.9037422571172,0.623665708039566,0.104974874371859,3,3,2.12291457286432,682.188545187776,1,23.79,27.7585769261471,129,4758,0.172612631029488
"134",0.3,"Spatial_noncomm","1","1",200,1812,1,200,9,45,18.12,9,7.23745108919819,0.572670110911577,0.00238261687331379,0.165485113859177,3,0.0175287163904163,0.132744818510802,0.0451888277662783,22.129363593411,0.68888967101128,0.135075376884422,3,3,2.1191959798995,682.226991640499,1,24.21,30.4824836429912,180,4842,0.175821797805508
"135",0.3,"Spatial_noncomm","1","1",200,1810,1,200,9,43,18.1,9,7.17338462514011,0.556479957090415,0.00237758519770823,0.184617847204208,3,0.0148541003790842,0.1311185916892,0.0452464015144581,22.1012051020336,0.679734570599244,0.125125628140704,3,3,2.12341708542714,680.414628814132,0,23.76,29.9522635280251,168,4752,0.193306455800473
"136",0.3,"Spatial_noncomm","1","1",200,1819,1,200,9,39,18.19,9,7.18347998598807,0.568885504566762,0.00238140867283941,0.157850325107574,3,0.0162725884110865,0.125251135269024,0.0455986109213931,21.9304926135555,0.629198286998969,0.104572864321608,3,3,2.11979899497487,686.083032802411,1,22.755,26.624222450722,129,4551,0.194000826658901
"137",0.3,"Spatial_noncomm","1","1",200,1823,1,200,9,43,18.23,9,6.99037555854625,0.572111709734158,0.0023820377629589,0.154545947909355,3,0.0177163464638026,0.136590336247117,0.0447146212428712,22.3640494362776,0.653971794361164,0.124472361809045,2.995,2,2.12035175879397,682.634103426043,1,25.47,29.9367692103502,153,5094,0.16096648337214
"138",0.3,"Spatial_noncomm","1","1",200,1809,1,200,9,37,18.09,9,7.10581666375312,0.553615274210548,0.00237739243768979,0.153181940317154,3,0.0135653157721984,0.126253167346039,0.0456783172362797,21.8922250315683,0.619908282415849,0.0950251256281407,3,3,2.12407035175879,681.564986973424,1,22.92,26.7734511866179,131,4584,0.15290796151946
"139",0.3,"Spatial_noncomm","1","1",200,1823,1,200,9,46,18.23,9,7.21741464722778,0.571707850687524,0.00238554065168459,0.169066920876503,3,0.0183780740174807,0.133731728983284,0.0448987448345793,22.272337538261,0.689145813927028,0.139547738693467,3,3,2.11698492462312,682.681018142957,0,24.84,29.9474313291821,197,4968,0.15060175125555
"140",0.3,"Spatial_noncomm","1","1",200,1807,1,200,9,42,18.07,9,7.10300836639915,0.552794518036786,0.00238717497342555,0.179442062973976,3,0.019142885868894,0.129113503639534,0.0459310556105827,21.7717617569755,0.644507524607533,0.120251256281407,3,3,2.11467336683417,683.439899935764,0,23.325,26.379514188935,136,4665,0.127967934192162
"141",0.3,"Spatial_noncomm","1","1",200,1811,1,200,9,41,18.11,9,6.99333852871355,0.5658045488132,0.00237910027614548,0.160305857658386,3,0.015215013287525,0.133280411693857,0.0452936759637178,22.0781373717833,0.633072510013802,0.115025125628141,3,3,2.12286432160804,682.024480191853,0,24.345,28.2920159378781,142,4869,0.170645813330956
"142",0.3,"Spatial_noncomm","1","1",200,1800,1,200,9,38,18,9,7.02565484329936,0.560437333297114,0.0023750421645663,0.173530861735344,3,0.0160463826077718,0.125747494314832,0.0460759280856874,21.7033067275454,0.628193861708661,0.100502512562814,3,3,2.12542713567839,681.612329877301,1,22.395,25.8369252919676,119,4479,0.183175335589529
"143",0.3,"Spatial_noncomm","1","1",200,1812,1,200,9,42,18.12,9,7.08151888135786,0.560015378352298,0.00237982124089142,0.179029524326324,3,0.0186921774599153,0.133386166753204,0.0452225997073077,22.1128375297364,0.658899366515789,0.12,2.995,2,2.1221608040201,681.636684929973,0,24.405,29.6273501071537,164,4881,0.155682004336912
"144",0.3,"Spatial_noncomm","1","1",200,1808,1,200,8,42,18.08,8,6.76710327250905,0.553596517930193,0.00238342149063483,0.186270073056221,3,0.0159469771595105,0.1301598598489,0.0452504241671595,22.0992403586296,0.655513908231709,0.120201005025126,2.995,2,2.11869346733668,681.385791050795,1,23.775,28.8907902941248,158,4755,0.146374483539527
"145",0.3,"Spatial_noncomm","1","1",200,1803,1,200,9,41,18.03,9,7.01442034200108,0.553358340117474,0.00237407202487121,0.158344581723213,3,0.0137609599106229,0.132977988897788,0.0453933587893948,22.029654263734,0.682127643028897,0.115427135678392,3,3,2.12743718592965,681.862000234919,1,24.075,28.9339809092403,185,4815,0.172266562757913
"146",0.3,"Spatial_noncomm","1","1",200,1820,1,200,9,43,18.2,9,6.93453464650931,0.565681741581886,0.00237708663045153,0.165132090449333,3,0.0201243937105876,0.141567567567568,0.0444052137911119,22.5198780644123,0.677639383685284,0.124623115577889,3,3,2.1248743718593,682.944099273519,0,26.19,32.6946263622147,180,5238,0.218995449256588
"147",0.3,"Spatial_noncomm","1","1",200,1804,1,200,9,40,18.04,9,6.95764881013645,0.5461901944108,0.0023779894630594,0.149312809109688,3,0.0150563192100343,0.126100113828813,0.0457737136331811,21.8465997321901,0.642671051344821,0.11035175879397,3,3,2.1235175879397,682.716713898027,0,22.71,26.1842313205724,127,4542,0.171768640390589
"148",0.3,"Spatial_noncomm","1","1",200,1809,1,200,8,42,18.09,8,7.02247997322438,0.563129111007059,0.00238566663994027,0.157184720039368,3,0.0163935469187131,0.130474003608332,0.0454819375873792,21.9867501923993,0.663283752248574,0.120150753768844,3,3,2.11683417085427,681.542543975634,2,23.865,27.2700394251871,157,4773,0.124084121834848
"149",0.3,"Spatial_noncomm","1","1",200,1804,1,200,8,44,18.04,8,6.76676766505282,0.569909875834155,0.00237809293038653,0.168842881917953,3,0.01805084830896,0.126855525651342,0.0456631088508835,21.8995163747081,0.671713699641544,0.130452261306533,3,3,2.12346733668342,682.527836157139,0,22.86,27.7548565174008,161,4572,0.167412898160435
"150",0.3,"Spatial_noncomm","1","1",200,1804,1,200,9,44,18.04,9,7.22396092613733,0.565558105805776,0.00238352413174689,0.175603866577148,3,0.019385086162209,0.128641975308642,0.0454478119901933,22.0032594795934,0.659589097780986,0.130452261306533,3,3,2.11859296482412,680.074834347349,2,23.445,28.4720964521742,158,4689,0.130697514291412
"151",0.3,"Spatial_noncomm","1","1",200,1798,1,200,8,40,17.98,8,6.83762705134371,0.552688389940903,0.00237348473948929,0.154928043484688,3,0.0146213569825186,0.131573840481273,0.0456283805052882,21.9161843774864,0.638351070698865,0.110653266331658,3,3,2.12788944723618,678.418211934871,1,23.73,27.7967696326399,133,4746,0.150021154414589
"152",0.3,"Spatial_noncomm","1","1",200,1798,1,200,7,44,17.98,7,6.20017749583833,0.572617514074064,0.00237629939994483,0.149358570575714,3,0.0196272594893158,0.127648853679702,0.0461503934336268,21.6682876482558,0.654966361781401,0.130753768844221,3,3,2.12532663316583,681.279550819394,1,22.8,25.7943159178208,147,4560,0.15406345624117
"153",0.3,"Spatial_noncomm","1","1",200,1821,1,200,9,40,18.21,9,6.99274973250219,0.568535757731136,0.00238945186838858,0.169556394219398,3,0.014576057998903,0.127703313872214,0.0457533453422093,21.8563253139319,0.618387505212092,0.109497487437186,3,3,2.11251256281407,685.325897495256,0,23.295,26.3579529443598,129,4659,0.153861662921374
"154",0.3,"Spatial_noncomm","1","1",200,1808,1,200,9,43,18.08,9,6.97121629033889,0.556732682598717,0.00237894405877518,0.157870903611183,3,0.0206798555242608,0.136860563881963,0.0452005834211484,22.1236082437848,0.654747330898033,0.125226130653266,3,3,2.12291457286432,681.260147956992,0,24.975,29.5820870523339,160,4995,0.160561242521103
"155",0.3,"Spatial_noncomm","1","1",200,1827,1,200,9,46,18.27,9,7.14007253632382,0.556059755274576,0.0023809671822718,0.174385517835617,3,0.0167439678282312,0.14124657754872,0.0444035839617463,22.5207046544148,0.698334013984883,0.139346733668342,3,3,2.12105527638191,683.800002663306,1,26.31,33.564816168454,214,5262,0.188616298261999
"156",0.3,"Spatial_noncomm","1","1",200,1812,1,200,9,40,18.12,9,7.10591195678048,0.554307000433625,0.00238101101403556,0.184217363595963,3,0.0148850390599172,0.132776997438652,0.0453605846325171,22.0455712399073,0.67652117437697,0.109949748743719,3,3,2.12015075376884,681.632383070753,0,24.105,30.3176478947386,166,4821,0.17605697271327
"157",0.3,"Spatial_noncomm","1","1",200,1816,1,200,9,43,18.16,9,7.15010352351569,0.560713277460081,0.00237935124658365,0.153285026550293,3,0.0185210989508906,0.130181877765034,0.0455484962914735,21.9546215884013,0.64076537662937,0.124824120603015,3,3,2.1221608040201,683.429826972583,1,23.835,25.9912581941037,142,4767,0.143611615412375
"158",0.3,"Spatial_noncomm","1","1",200,1815,1,200,9,39,18.15,9,7.01684486181685,0.559819671033692,0.00237788398706011,0.168137103319168,3,0.0130749138651243,0.134719162995595,0.0454643179809028,21.9952711139326,0.63746369055061,0.104773869346734,3,3,2.1235175879397,684.537781458227,1,24.465,28.3692234507041,138,4893,0.198946984599179
"159",0.3,"Spatial_noncomm","1","1",200,1809,1,200,9,38,18.09,9,7.06167392119173,0.574179864036051,0.00238572455574289,0.180886894464493,3,0.0159462591774939,0.128620803159974,0.045490193903454,21.9827596717294,0.625688353857965,0.100050251256281,3,3,2.11688442211055,683.628325056318,0,23.445,27.4227462164213,141,4689,0.149622548031621
"160",0.3,"Spatial_noncomm","1","1",200,1806,1,200,9,40,18.06,9,7.23634021481529,0.579779739363521,0.00238510070889386,0.1639444231987,3,0.0175949603025377,0.128032568959787,0.0457667042889094,21.8499456217635,0.655672226703676,0.110251256281407,3,3,2.11653266331658,681.670758379961,1,23.115,27.6178475358338,163,4623,0.148013599513732
"161",0.3,"Spatial_noncomm","1","1",200,1817,1,200,9,40,18.17,9,7.01735923199121,0.553778695048498,0.00237973996285418,0.158633872866631,3,0.0194555301302186,0.132032368160299,0.0456120273531674,21.9240419255461,0.648928038874548,0.109698492462312,3,3,2.1213567839196,685.015634324292,1,23.985,27.3599636890352,146,4797,0.179422395139176
"162",0.3,"Spatial_noncomm","1","1",200,1817,1,200,9,40,18.17,9,7.17414135817748,0.570188703310248,0.00238557824413655,0.156810760498047,3,0.0160339822524246,0.126234755256332,0.0457565404057614,21.8547991419842,0.648370637321748,0.109698492462312,3,3,2.11643216080402,686.451444224621,1,22.875,27.0218481303909,147,4575,0.176839983148098
"163",0.3,"Spatial_noncomm","1","1",200,1819,1,200,9,40,18.19,9,7.23966919115063,0.564618979002667,0.00238024176069339,0.160306215286255,3,0.0136762123932254,0.12829680151811,0.0457955023502285,21.8362054935513,0.634217792548084,0.109597989949749,3,3,2.121608040201,683.178673508143,1,23.325,25.6796925223064,132,4665,0.177700746191147
"164",0.3,"Spatial_noncomm","1","1",200,1821,1,200,8,40,18.21,8,7.06315771940112,0.553221304376683,0.00238178411393439,0.177754878997803,3,0.0131859717852017,0.134015247079471,0.0454230856078196,22.0152371116737,0.656500187230227,0.109497487437186,3,3,2.11954773869347,685.495160661099,1,24.435,28.3078158321325,148,4887,0.186614884770649
"165",0.3,"Spatial_noncomm","1","1",200,1826,1,200,8,41,18.26,8,6.7779448369465,0.560998873393388,0.00238923949192425,0.152812957763672,3,0.0136206559431713,0.133297428302141,0.0448995703701959,22.271928033053,0.660435284344854,0.11427135678392,3,3,2.1135175879397,686.549314482628,0,24.75,29.7253339323032,161,4950,0.170458902616726
"166",0.3,"Spatial_noncomm","1","1",200,1824,1,200,9,45,18.24,9,6.93730613011079,0.569425416382729,0.0023854936103377,0.162548810243607,3,0.0196338943524355,0.132722007722008,0.0447578352291866,22.3424567984445,0.663081238770527,0.134472361809045,3,3,2.11708542713568,683.384077786865,1,24.75,29.8631299877176,161,4950,0.152274163547772
"167",0.3,"Spatial_noncomm","1","1",200,1821,1,200,9,39,18.21,9,7.22031657753932,0.561932545390026,0.00238237189887824,0.1873669475317,3,0.0151458495627896,0.131081602292137,0.0457992741347896,21.8344071798376,0.604476290019166,0.104472361809045,3,3,2.11894472361809,686.649649860474,1,23.79,24.7957667808692,117,4758,0.188093527665572
"168",0.3,"Spatial_noncomm","1","1",200,1823,1,200,9,41,18.23,9,7.03492218246597,0.561093156994626,0.00238126053608468,0.16712549328804,3,0.0168656862549866,0.135215572715573,0.0447080686294963,22.3673272108258,0.645229467706637,0.114422110552764,2.995,2,2.1208040201005,680.985942502707,1,25.215,30.6073984388739,154,5043,0.150024962221508
"169",0.3,"Spatial_noncomm","1","1",200,1801,1,200,9,42,18.01,9,6.85684963341158,0.566516491911266,0.00237842921546105,0.148695692420006,3,0.0174618132678707,0.128159398077191,0.0455100226008494,21.9731817927362,0.649945965174854,0.120552763819095,3,3,2.1229648241206,681.920428784573,0,22.995,29.1108602746406,140,4599,0.193010010981441
"170",0.3,"Spatial_noncomm","1","1",200,1796,1,200,9,43,17.96,9,7.12829832094254,0.554615769368689,0.00238171785930806,0.15576808154583,3,0.0155263265114458,0.126575204671827,0.0457586711956477,21.8537814554177,0.673849847726285,0.125829145728643,3,3,2.11979899497487,681.601792301895,0,22.65,28.7316032466973,165,4530,0.163849774221931
"171",0.3,"Spatial_noncomm","1","1",200,1796,1,200,9,38,17.96,9,6.98543127361201,0.567806617186307,0.00237652732901049,0.16634139418602,3,0.0154776846814886,0.125613457774248,0.0466568732257723,21.4330693606708,0.643746356429716,0.10070351758794,3,3,2.12422110552764,681.206240819219,1,22.14,24.6853648176588,131,4428,0.170347086654246
"172",0.3,"Spatial_noncomm","1","1",200,1807,1,200,8,43,18.07,8,6.76928975905542,0.561178826525602,0.00237989811864699,0.155918896198273,4,0.0159534176837117,0.132339417583949,0.0458598356830627,21.8055731143696,0.662998766359977,0.125276381909548,3.01,3,2.12165829145729,683.541951737051,1,23.745,28.1310639470669,159,4749,0.183264442910024
"173",0.3,"Spatial_noncomm","1","1",200,1803,1,200,9,46,18.03,9,7.18513620802701,0.552728609160658,0.00237516369547432,0.153348430991173,3,0.0224226203070648,0.129883491366126,0.0457648978805596,21.8508080715021,0.658471554039982,0.140552763819095,3,3,2.12613065326633,680.98154300699,1,23.355,27.0324386375604,148,4671,0.17544492603002
"174",0.3,"Spatial_noncomm","1","1",200,1808,1,200,8,47,18.08,8,6.43974268876034,0.554886775384434,0.00237853479372891,0.178114026784897,3,0.0248344633484765,0.133557955204507,0.0454619107288212,21.9964357847818,0.675915105796832,0.145326633165829,3,3,2.12301507537688,680.583088299717,1,24.18,29.4897580381008,170,4836,0.169744996975396
"175",0.3,"Spatial_noncomm","1","1",200,1800,1,200,8,40,18,8,6.72330751357165,0.567872042776364,0.00237864102228382,0.165376543998718,3,0.0127897618616522,0.135320143584606,0.0456554464390395,21.9031917984907,0.649005889531083,0.110552763819095,3,3,2.12301507537688,680.379702265668,1,24.315,29.3460684533438,145,4863,0.166323706471873
"176",0.3,"Spatial_noncomm","1","1",200,1803,1,200,9,41,18.03,9,6.80997982555532,0.551940939443382,0.00237499433085011,0.152346238493919,3,0.0208047422456267,0.134086039228614,0.0453299711312529,22.0604596703691,0.635089314639617,0.115427135678392,3,3,2.12668341708543,678.175041821557,1,24.405,28.4536292957595,127,4881,0.142802868989265
"177",0.3,"Spatial_noncomm","1","1",200,1814,1,200,9,43,18.14,9,7.13801049673376,0.566647802310206,0.00237959950776809,0.170146971940994,3,0.019088542832851,0.132939438700148,0.0452355778296859,22.1064933394915,0.648188081888131,0.124924623115578,3,3,2.12206030150754,680.70607003008,0,24.3,28.6489758821407,139,4860,0.168454378109429
"178",0.3,"Spatial_noncomm","1","1",200,1803,1,200,9,39,18.03,9,6.97206233420915,0.569294467636542,0.0023779462754575,0.172047793865204,3,0.0153559040581342,0.133022946458264,0.0454156715194043,22.0188310894564,0.65782510280285,0.105376884422111,3,3,2.12331658291457,683.023462712234,1,24,28.8907141973709,149,4800,0.18432392747321
"179",0.3,"Spatial_noncomm","1","1",200,1802,1,200,9,39,18.02,9,7.24795261470941,0.55990004126508,0.00237323859693906,0.152344897389412,3,0.0156156586276494,0.132348029392118,0.0458211764654265,21.8239704245597,0.630856753877511,0.105427135678392,3,3,2.12753768844221,680.916946137124,1,23.775,26.8925719695175,127,4755,0.16801726409714
"180",0.3,"Spatial_noncomm","1","1",200,1791,1,200,8,41,17.91,8,7.16956093207147,0.568766046245233,0.00237306148497095,0.162080660462379,3,0.0200950242523359,0.126911702577102,0.045861894840495,21.8045940639379,0.657445577308693,0.116030150753769,3,3,2.12748743718593,678.289154285666,1,22.53,28.1895789576404,150,4506,0.177025778376525
"181",0.3,"Spatial_noncomm","1","1",200,1792,1,200,9,38,17.92,9,7.00459273030176,0.552112556634035,0.00237310805696577,0.159374639391899,4,0.0156904876396644,0.130085653104925,0.0458950157680628,21.7888584035715,0.645215121437015,0.100904522613065,3.01,3,2.12738693467337,680.182174533024,0,23.085,28.4240639610226,143,4617,0.17963080860082
"182",0.3,"Spatial_noncomm","1","1",200,1791,1,200,9,41,17.91,9,7.12549906172802,0.558158798436733,0.00237713258859752,0.159034669399261,3,0.0173681549510605,0.12652749490835,0.0462141871868512,21.638376889695,0.646270820201383,0.116030150753769,3,3,2.12422110552764,680.42742340195,0,22.365,26.8971944699026,141,4473,0.176053856762714
"183",0.3,"Spatial_noncomm","1","1",200,1792,1,200,8,39,17.92,8,7.02682618164125,0.553142628020014,0.00237591522474781,0.16483461856842,3,0.0161469913224752,0.126950856819147,0.0464141324196459,21.5451619553859,0.648024723676679,0.105929648241206,3,3,2.1248743718593,679.910822773456,1,22.41,25.5124740403257,134,4482,0.159534494705288
"184",0.3,"Spatial_noncomm","1","1",200,1816,1,200,9,43,18.16,9,7.11044362785611,0.550764794466276,0.0023778647058814,0.159691333770752,3,0.0141973441311797,0.128131552808741,0.0457895138697328,21.8390612934855,0.666515416956945,0.124824120603015,3,3,2.12331658291457,683.907509763461,1,23.22,25.9381095617663,161,4644,0.175171663043372
"185",0.3,"Spatial_noncomm","1","1",200,1784,1,200,8,39,17.84,8,6.63757246402734,0.566392825611652,0.00237698067094372,0.152775228023529,3,0.0163327985020311,0.125238814907753,0.0467753528307488,21.378780479078,0.636910918590288,0.106331658291457,3,3,2.12371859296482,680.410861878109,1,21.96,24.3105618422411,134,4392,0.13372222564482
"186",0.3,"Spatial_noncomm","1","1",200,1799,1,200,8,42,17.99,8,6.99412893088505,0.564031694525585,0.00238358389800847,0.144514068961143,3,0.0181927883710138,0.127017971367652,0.0457797344684623,21.8437265224616,0.642066911091859,0.120653266331658,3,3,2.11849246231156,681.073011919978,0,22.935,26.9773918933398,137,4587,0.128043821487472
"187",0.3,"Spatial_noncomm","1","1",200,1814,1,200,9,42,18.14,9,7.23089404303968,0.560544972583407,0.00238720892101946,0.161177039146423,3,0.0166872956791877,0.128046273198278,0.0454582054648751,21.9982286976261,0.643188104732409,0.119899497487437,3,3,2.11482412060302,683.690877627177,1,23.355,27.4202172964204,133,4671,0.153674466588399
"188",0.3,"Spatial_noncomm","1","1",200,1807,1,200,8,42,18.07,8,6.89978678900216,0.558013376067725,0.00237920119190687,0.165652900934219,4,0.0192050268114799,0.126990744601017,0.0459771967235073,21.7499123753389,0.635730303298862,0.120251256281407,3.01,3,2.12206030150754,681.185792959573,1,22.845,25.9433277796316,134,4569,0.152010316883438
"189",0.3,"Spatial_noncomm","1","1",200,1808,1,200,9,39,18.08,9,6.96924804639757,0.548353134029106,0.00237892368129407,0.161967575550079,3,0.0132598883719597,0.131737686773658,0.0454311559266755,22.0113263596896,0.638478438912411,0.105125628140704,3,3,2.12266331658291,685.797476595689,0,23.805,27.7640267415323,132,4761,0.197004825309391
"190",0.3,"Spatial_noncomm","1","1",200,1808,1,200,9,41,18.08,9,7.00597911619479,0.539773959759493,0.00237802978343813,0.179072767496109,3,0.0147111950311026,0.136672748382816,0.0453560585601246,22.0477711632369,0.651309700046782,0.115175879396985,3,3,2.1235175879397,681.2996107324,0,24.72,31.0968918610379,161,4944,0.196001402739006
"191",0.3,"Spatial_noncomm","1","1",200,1809,1,200,9,44,18.09,9,7.04949694616167,0.569335475961843,0.00238032608091516,0.165541052818298,3,0.0169056722470762,0.128992426736911,0.0452802244978295,22.0846961579869,0.681555584909992,0.130201005025126,3,3,2.12130653266332,682.201581908412,1,23.505,29.6010317455661,176,4701,0.168016959088379
"192",0.3,"Spatial_noncomm","1","1",200,1811,1,200,8,42,18.11,8,7.11569655513624,0.547334231019447,0.00237873544328215,0.154501095414162,3,0.0139578131985068,0.134899769963851,0.0451977538519954,22.1249932745463,0.665404678957767,0.120050251256281,3,3,2.12301507537688,682.321014925005,1,24.63,29.6082139221246,157,4926,0.168985858571371
"193",0.3,"Spatial_noncomm","1","1",200,1805,1,200,9,43,18.05,9,6.949911162605,0.56288296166741,0.00238346049849428,0.150802880525589,3,0.020881946369527,0.123804478152971,0.0461413247628295,21.672546359258,0.629107577643834,0.125376884422111,3,3,2.11809045226131,683.314952055281,0,22.2,24.9520142488613,126,4440,0.151904286697437
"194",0.3,"Spatial_noncomm","1","1",200,1809,1,200,9,46,18.09,9,6.93435675857047,0.56477057739924,0.00238591943892576,0.144493132829666,3,0.0227372482927765,0.132285023092149,0.0453161198308052,22.0672026584283,0.676083661429222,0.140251256281407,3,3,2.11628140703518,683.874573214061,1,24.06,29.5545896409377,161,4812,0.164609944765781
"195",0.3,"Spatial_noncomm","1","1",200,1792,1,200,9,40,17.92,9,6.90114561343558,0.554843222067986,0.00236781215544586,0.154644250869751,3,0.0133207094062319,0.129639982110912,0.0456969155249711,21.8833150664961,0.646775986612658,0.110954773869347,3,3,2.13306532663317,678.736323823382,0,23.19,27.9803215128025,137,4638,0.171463675960216
"196",0.3,"Spatial_noncomm","1","1",200,1805,1,200,7,42,18.05,7,6.24522402341088,0.563593635894688,0.00238507418084962,0.162026986479759,3,0.0200578651428758,0.129690658838517,0.0456414671826607,21.9099003982042,0.647653019691722,0.12035175879397,3,3,2.11683417085427,682.05997084184,1,23.415,27.9344670118508,144,4683,0.160187546717219
"197",0.3,"Spatial_noncomm","1","1",200,1793,1,200,8,44,17.93,8,6.8260035385644,0.558817888728323,0.00237574295585526,0.169818088412285,3,0.0174016824230474,0.127673966348186,0.0460567536237151,21.7123423020655,0.683304815892077,0.131005025125628,3,3,2.12507537688442,679.924643082114,0,22.65,27.7566144953092,180,4530,0.162896096632283
"198",0.3,"Spatial_noncomm","1","1",200,1792,1,200,8,45,17.92,8,6.94224641560793,0.577670234618126,0.00237965925130093,0.150083914399147,3,0.0219474000651615,0.124996483330989,0.0462508271779949,21.6212349273566,0.650725545294795,0.13608040201005,3,3,2.12170854271357,681.663430477847,0,22.215,26.0509507537802,134,4443,0.15133480523492
"199",0.3,"Spatial_noncomm","1","1",200,1806,1,200,9,41,18.06,9,7.01759478394392,0.567699239844049,0.00237812327136954,0.147884383797646,3,0.0167891585848611,0.129187396351575,0.0455275050580482,21.9647441414808,0.646936808877633,0.115276381909548,3,3,2.12361809045226,682.504125714905,0,23.37,28.1402285404998,139,4674,0.172982774706741
"200",0.3,"Spatial_noncomm","1","1",200,1815,1,200,8,42,18.15,8,6.64938139449174,0.549017863014839,0.00237680243803198,0.16010382771492,3,0.0146551629888927,0.133041539350896,0.0452963743579946,22.0768221336352,0.657831989717003,0.119849246231156,3,3,2.12452261306533,685.010914281421,0,24.165,28.4198206544332,145,4833,0.219298737525826
