"","GraphName","GraphID","GraphReplicate","order","edges","connected","max_component","minDegree","maxDegree","mean_degree","minCut","FiedlerValue","Normalized_FiedlerValue","closeness_centr","modularity","diameter","betw_centr","transitivity","threshold","spectral_radius","eigen_centr","deg_centr","mean_eccentr","radius","mean_path_length","graph_energy","min_triangle","mean_triangle","sd_triangle","max_triangle","num_triangle","deg_assort_coef"
"1","sbm","1","1",350,25511,1,350,27,229,145.777142857143,27,26.5570947741781,0.654969397476548,0.00185083928797943,0.0670971839462466,3,0.00271152410130906,0.807243650809737,0.00500455188835423,199.818090072567,0.368312833375886,0.238460908718788,2.16857142857143,2,1.58297175603766,1846.70922154202,155,11379.1371428571,9007.71108812003,20058,3982698,0.315025281572383
"2","sbm","1","1",350,31526,1,350,155,204,180.148571428571,155,54.6694906302513,0.311254885325092,0.0019318470269804,0.322017430853594,2,0.000665794724195508,0.678436091923802,0.00550773000525597,181.563003096686,0.175560972353632,0.0683422022103971,2,2,1.48381498158002,2239.90290037299,9359,10985.0142857143,856.574153589534,13742,3844755,0.443589215352646
"3","sbm","1","1",350,6822,1,350,19,70,38.9828571428571,19,18.0483782520039,0.724338802982657,0.0015026890766332,0.0134616191205768,3,0.00628791729136472,0.093027604908001,0.0237894857715612,42.0353768720565,0.382145169149704,0.0888743348342202,2.98,2,1.90778550961932,1690.19945956729,15,76.7485714285714,44.797598760278,219,26862,-0.518701947328625
"4","sbm","1","1",350,24492,1,350,109,183,139.954285714286,109,67.8342347266005,0.47262100851648,0.00179375888001184,0.258345074110732,2,0.000944771453039295,0.485523672614046,0.00694286023012889,144.032857763786,0.310574319215627,0.123340155546459,2,2,1.59898485468686,2590.15963352227,2337,4795.95428571429,2001.41198099616,8808,1678584,0.406328416683349
"5","sbm","1","1",350,9351,1,350,31,74,53.4342857142857,31,29.5457395051722,0.758848645197575,0.00155073949935632,0.0128050334075352,3,0.00270264986811085,0.134134352593969,0.0183927202927875,54.3693365680192,0.260137812016714,0.0589275480966025,2.25714285714286,2,1.8479738027016,2009.4813895439,67,191.408571428571,59.7021397025212,357,66993,-0.0838203024180411
"6","sbm","1","1",350,30083,1,350,140,207,171.902857142857,140,79.2439551471841,0.479767721809876,0.00190219210351824,0.239032391109038,2,0.000734745858697789,0.563503435327568,0.00574978863309005,173.919436663288,0.201129447676817,0.100564879246828,2,2,1.50744167007777,2638.25229153779,5381,8335.16571428571,1559.17991667886,11623,2917308,0.359746987735008
"7","sbm","1","1",350,18129,1,350,70,137,103.594285714286,70,36.499358414937,0.344168527402898,0.00168314013822678,0.32102160355733,2,0.00166194104580495,0.401643514756001,0.0093399371522613,107.06710159799,0.368234987321777,0.0957183790421613,2,2,1.70316823577569,2420.26757546327,784,2167.44857142857,950.057658594527,4416,758607,0.419753987466317
"8","sbm","1","1",350,28725,1,350,139,187,164.142857142857,139,135.803449591275,0.902855011718809,0.00187356958104398,0,2,0.000389782329034823,0.399668355051273,0.00607825716026492,164.520844319857,0.123276172283032,0.0654932460090053,2,2,1.52967662709783,2623.02897833135,3404,5363.76857142857,719.477369722194,7639,1877319,-0.00788136207813627
"9","sbm","1","1",350,14682,0,341,0,154,83.8971428571429,0,-4.91152845038395e-14,-2.98131829146009e-15,-1,0.0336956305720506,8,0.0484112220194305,0.654734912000942,0.00727166484480987,137.520089462559,0.468139507712799,0.200867785509619,6.01142857142857,0,2.79376304396571,1580.16138409562,0,3687.06857142857,3047.34821090299,7742,1290474,0.845049467563803
"10","sbm","1","1",350,23743,1,350,17,224,135.674285714286,17,16.570741615604,0.793318907155485,0.00181300550647522,0.0181255399071338,3,0.00464189617463246,0.795951956449757,0.00517403872236937,193.272616162808,0.386895551924007,0.253082275890299,2.39428571428571,2,1.6196316004912,1785.05424215762,63,10288.3885714286,8220.14850728486,18917,3600936,0.125115023186984
"11","sbm","1","1",350,13433,1,350,28,146,76.76,28,19.3850477693584,0.282449777560405,0.00161736880760447,0.310204460140314,3,0.00393849336418794,0.632106711785594,0.00839770270194572,119.080186033295,0.58236432554768,0.198395415472779,2.19428571428571,2,1.78076135898485,1853.64398071802,49,2442.24,2851.28456640593,6963,854784,0.692593853323692
"12","sbm","1","1",350,21612,1,350,94,160,123.497142857143,94,72.9043701663543,0.579158646715854,0.00174215649329723,0.203515355652903,2,0.000970317204509864,0.399476174853056,0.00787315065365951,127.01395464028,0.279484683203461,0.104592713876381,2,2,1.64613999181334,2643.91791280595,1457,3078.78,1239.11152435906,5541,1077573,0.302000004051083
"13","sbm","1","1",350,29006,1,350,129,194,165.748571428571,129,127.470982988239,0.908583502753782,0.00188008134348924,0,2,0.000789982126444684,0.374473122958653,0.00600208714097139,166.608710688955,0.124025225228874,0.0809496520671306,2,2,1.5250757265657,2515.69673654851,3295,5148.55714285714,657.851949354678,6996,1801995,-0.407705619618563
"14","sbm","1","1",350,16994,1,350,70,132,97.1085714285714,70,68.6030347532263,0.851604107660236,0.00166482227120032,0.000308259078736109,3,0.00130536050531699,0.129181839900961,0.0101903980457486,98.1315936345785,0.230251780122225,0.0999754400327466,2.00571428571429,2,1.72176831764224,2297.28306627883,197,611.777142857143,159.614530447332,1252,214122,-0.510616401111129
"15","sbm","1","1",350,9083,1,350,27,82,51.9028571428571,27,26.1930058993302,0.760605585078263,0.00154783246986935,0.0117761337092986,3,0.00405371793789995,0.130564907594744,0.0182416938653704,54.8194705700207,0.327446561916413,0.0862382316823578,2.20571428571429,2,1.85216537044617,1932.80125898304,45,186.591428571429,86.7521016860714,432,65307,-0.495411539833922
"16","sbm","1","1",350,11251,1,350,28,121,64.2914285714286,28,27.615720095908,0.794570113731868,0.00158113858223785,0.00152081604044068,2,0.00576539160566521,0.194505249682614,0.013787184881809,72.5311228196711,0.410005634389245,0.162488743348342,2,2,1.81578387228817,1986.01819004837,97,471.445714285714,312.366448108974,1339,165006,-0.557121764183316
"17","sbm","1","1",350,14023,1,350,56,109,80.1314285714286,56,26.0240929423042,0.32078774642675,0.00161881588404744,0.328286842396719,2,0.00201574216824227,0.308247640042809,0.0122463054621497,81.6572804827347,0.339265117176929,0.0827179697093737,2,2,1.77039705280393,2279.506558884,374,989.974285714286,337.061772239692,1938,346491,0.154074874498312
"18","sbm","1","1",350,34602,1,350,119,306,197.725714285714,119,116.198927012979,0.911969123508953,0.00204647942495103,0,2,0.00199374340374946,0.675529397945955,0.00454692785804095,219.92871477641,0.306621514103261,0.310241506344658,2,2,1.4334506753991,2409.71257174713,5903,14985.9171428571,8894.38518656479,28582,5245071,-0.272409022047871
"19","sbm","1","1",350,9128,1,350,6,127,52.16,6,5.8498267156003,0.786588355338897,0.00149309008657072,0.0450436894289878,3,0.00934253985820505,0.455681714769728,0.0107960594423545,92.6263888541456,0.5802449564462,0.214441260744986,2.62,2,1.94415063446582,1446.70597530822,7,1115.92285714286,1310.97804749863,3604,390573,-0.184475983268809
"20","sbm","1","1",350,2666,0,287,0,49,15.2342857142857,0,-2.12115521224792e-14,-1.04333453589659e-15,-1,0.0238048071657825,6,0.0218122787750805,0.224364927615406,0.0281910619151126,35.4722359523435,0.706501589070074,0.0967498976668031,3.7,0,2.67476426013011,763.272280396436,0,58.6714285714286,78.3162938011252,292,20535,0.0364209021624821
"21","sbm","1","1",350,12908,1,350,32,116,73.76,32,31.1574625424646,0.798104356459567,0.0016038424754934,0.0466055833473936,3,0.00319054560372615,0.242293673101945,0.0125129791288231,79.9170197364548,0.353635467985597,0.121031518624642,2.01142857142857,2,1.78868604175194,2269.17046157009,116,707.082857142857,365.317511532778,1604,247479,-0.0530772425655677
"22","sbm","1","1",350,3891,1,350,7,43,22.2342857142857,7,6.01501776075569,0.546917430155947,0.00129336366903923,0.125452769410803,4,0.00959699322939305,0.0873861276193218,0.0373264781164457,26.7906336322529,0.521860957768179,0.0595006139991813,3.03714285714286,3,2.22975030699959,1327.94639813463,0,24.2828571428571,20.082565757411,80,8499,0.20478706335573
"23","sbm","1","1",350,29685,1,350,73,237,169.628571428571,73,69.0991167870926,0.58958256053636,0.00191788117432998,0.137752340283776,2,0.00103299908654053,0.703098971821479,0.00501216191063447,199.514703999938,0.317795248970134,0.193041342611543,2,2,1.51395824805567,2316.99601299304,1000,11410.5771428571,7890.75527549893,19620,3993702,0.387829317994262
"24","sbm","1","1",350,3278,1,350,6,39,18.7314285714286,6,5.37851469140731,0.57273225691213,0.00122682734238348,0.0438257378771934,4,0.0114879967117521,0.0306822049694475,0.0504856310760894,19.8076161213643,0.510848748771073,0.0580761358984855,3.04285714285714,3,2.33914040114613,1247.52718260062,0,5.40857142857143,3.54689189000885,21,1893,-0.0867786531853467
"25","sbm","1","1",350,17431,1,350,57,161,99.6057142857143,57,54.7259244558944,0.709730618984522,0.00167599964114247,0.12993354743983,2,0.00237235457586205,0.374739796983649,0.00886812963189882,112.763349376737,0.419842966723082,0.175914858780188,2,2,1.71459680720426,2452.70402140763,417,2030.65714285714,1550.28316376165,5079,710730,0.235874264345428
"26","sbm","1","1",350,29230,1,350,107,213,167.028571428571,107,91.8562611098417,0.60984448953514,0.00188819537894725,0.167339581122456,2,0.000834840150667708,0.537666125969196,0.00576634999127776,173.419927946207,0.252358640133442,0.131723291035612,2,2,1.52140810478919,2730.0700131437,2580,7653.04285714286,2997.1703543223,12528,2678565,0.332869212465389
"27","sbm","1","1",350,13741,1,350,47,111,78.52,47,27.0718520240051,0.385449552899343,0.00161520263586181,0.261751133639585,2,0.00248140654942904,0.289626197666587,0.0119495149642652,83.6854050553919,0.362410855621177,0.0930659025787966,2,2,1.77501432664756,2287.18055824958,247,914.1,411.260071858272,1807,319935,0.431061017040409
"28","sbm","1","1",350,835,0,334,0,16,4.77142857142857,0,-2.77685293516218e-15,-3.86916476374898e-16,-1,0.314108788411201,7,0.0471075040726795,0.017512077294686,0.143108027909699,6.98772818413093,0.741341643840856,0.0321735571019239,5.57714285714286,0,3.66704428979878,584.281025381408,0,0.248571428571429,0.627393493088566,4,87,-0.15742885537871
"29","sbm","1","1",350,2909,1,350,6,31,16.6228571428571,6,5.53751989385955,0.5483084040625,0.00120226464546901,0.167619049757388,4,0.00813332806823446,0.0445178769344444,0.0563663656120943,17.7410764228062,0.505499240254959,0.0411952517396643,3.06571428571429,3,2.38750716332378,1180.27262314741,0,6.19714285714286,4.21125424315017,29,2169,-0.096949130554059
"30","sbm","1","1",350,2337,0,348,0,40,13.3542857142857,0,-7.53504983611844e-16,-2.22044604925031e-16,-1,0.120909211254129,5,0.0233352551129127,0.0978739853111712,0.0443699187961757,22.5377919800518,0.679082504920412,0.076348751534998,3.71142857142857,0,2.56928020139786,877.582619905832,0,14.4685714285714,18.3572596201437,79,5064,-0.189226272935758
"31","sbm","1","1",350,1772,0,342,0,38,10.1257142857143,0,-8.10079625717188e-15,-4.44089209850063e-16,-1,0.135938590769889,5,0.0277187185093728,0.0801690507152146,0.0553356401369324,18.0715357683659,0.751315473021818,0.079869013507982,4.01428571428571,0,2.78523777674881,755.31799488928,0,7.04571428571429,9.71827637084577,54,2466,-0.146833095437648
"32","sbm","1","1",350,7322,1,350,21,74,41.84,21,19.4997417277463,0.71262158403221,0.00151396054177004,0.079880824112893,3,0.00518396676415344,0.137906809120188,0.0217903619505431,45.8918489867064,0.428543529138378,0.0921489971346705,2.77142857142857,2,1.89393368808842,1800.83994885389,25,129.557142857143,79.4384365827592,351,45345,-0.0233584258184925
"33","sbm","1","1",350,34245,1,350,117,249,195.685714285714,117,74.4610666487265,0.455562133079352,0.00200870970014866,0.218006013413133,2,0.000657567583822053,0.745445396476032,0.00463407344583639,215.792868129545,0.275232499482826,0.152762996316005,2,2,1.4392959476054,2164.16862880138,3357,15072.4714285714,8545.65175867568,23155,5275365,0.526116248297637
"34","sbm","1","1",350,4968,1,350,14,45,28.3885714285714,14,4.53074790595557,0.160923405565415,0.00133063611254656,0.398236616924808,3,0.00550192364630334,0.125162555695312,0.034077540881193,29.3448404474481,0.392657193319179,0.0475972165370446,3,3,2.15669259107655,1509.27353876727,7,50.3228571428571,21.469143389708,143,17613,-0.0104075584226155
"35","sbm","1","1",350,1771,1,350,1,25,10.12,1,0.557485381200147,0.360241384084604,0.00103558668192974,0.214566765324136,5,0.0218021015504095,0.0383670194091981,0.0806062670605091,12.4059832624345,0.597308888465417,0.0426361031518625,4.43142857142857,3,2.78367580843226,906.553667914467,0,2.18571428571429,2.49177936183112,13,765,-0.00688528487255324
"36","sbm","1","1",350,10070,1,350,35,84,57.5428571428571,35,33.7673488577162,0.782247558478687,0.00154352331735973,0.00378608923237437,3,0.00350705307467018,0.0631455072444332,0.0168515414969953,59.3417522176417,0.255123511208145,0.0758084322554237,2.95142857142857,2,1.85725747032337,1956.44713464888,20,107.622857142857,43.9374463245314,242,37668,-0.63253719295492
"37","sbm","1","1",350,3366,1,350,5,35,19.2342857142857,5,4.73545218971414,0.593584244702768,0.00114629082800122,0.000823304168171526,4,0.00866777374265965,0.000179409741948988,0.0487598343835893,20.5086832767537,0.404983940847313,0.0451739664347114,4,4,2.50288988948015,1199.33099957665,0,0.0342857142857143,0.236912878142404,2,12,-0.501104906176436
"38","sbm","1","1",350,10827,1,350,4,120,61.8685714285714,4,0.0526090311142011,0.00305675413304582,0.00103735176193316,0.133005092330594,6,0.137791804311297,0.454177859904657,0.0103908727534553,96.2383068031963,0.524848250439684,0.166565697912403,4.87428571428571,3,2.82339746213672,1754.51662121927,0,1253.51142857143,1051.39127291011,3286,438729,0.895870732895226
"39","sbm","1","1",350,14790,1,350,32,133,84.5142857142857,32,31.5473234597778,0.817159997901919,0.00163396060763564,0.0214492779462395,2,0.00314825887996,0.295106699552771,0.0105823452686843,94.4970112588599,0.345757704828539,0.138927548096603,2,2,1.7578387228817,2331.83130901634,184,1176.99428571429,670.604196606266,2462,411948,-0.138074097713572
"40","sbm","1","1",350,18748,1,350,26,165,107.131428571429,26,4.44692308769344,0.0696375763343364,0.00166948316307946,0.265892148188574,3,0.00496162738710496,0.656023764347053,0.00684284783972166,146.137985736751,0.457578550287032,0.165812525583299,2.92571428571429,2,1.73029881293492,2064.93430524355,98,4549.99714285714,3508.88404491791,9271,1592499,0.899677988068646
"41","sbm","1","1",350,11664,1,350,29,127,66.6514285714286,29,28.3707256529365,0.799769088428194,0.0015871113428337,0.012431177684823,3,0.00577202012592678,0.238644905979038,0.0130532188407381,76.6094564261096,0.435688659299593,0.172918542775276,2.02285714285714,2,1.80908718788375,2110.78030896588,132,617.691428571429,424.269723753246,1706,216192,-0.249160627555885
"42","sbm","1","1",350,31122,1,350,140,224,177.84,140,137.728311663775,0.90476936937918,0.00192651005339805,0,2,0.00105516233477714,0.490883837874348,0.00554970292596824,180.189825174387,0.180545344819889,0.132263610315186,2,2,1.49042979942693,2751.57617790871,5076,7855.21714285714,1595.33231890042,11819,2749326,-0.336944028929502
"43","sbm","1","1",350,22141,1,350,103,150,126.52,103,16.7962364416867,0.130250404500903,0.00175038502768179,0.425346662171278,2,0.00161398606377147,0.624535555231386,0.00767883479128669,130.228091524344,0.395225160423523,0.0672779369627507,2,2,1.63747851002865,2140.77342682925,2691,4990.73142857143,1852.79434031163,8131,1746756,0.515523388542774
"44","sbm","1","1",350,14658,1,350,9,148,83.76,9,8.7527478686676,0.68657049756433,0.00159716968123706,0.0313965131705016,3,0.00495402961516776,0.509402499076944,0.00823877921884805,121.37720570449,0.45552915118424,0.184068767908309,2.43142857142857,2,1.82261154318461,1933.77067500896,10,2526.75428571429,2064.89715352551,5747,884364,0.219103634997994
"45","sbm","1","1",350,6049,1,350,4,85,34.5657142857143,4,0.947144358596754,0.0408669235770913,0.0011575986374711,0.31028154077896,4,0.0135988896728046,0.460796611455009,0.0145769703537126,68.601360621229,0.683695619030749,0.14451084731887,3.83428571428571,3,2.4901514531314,1364.72911843761,0,451.32,562.246237340911,1783,157962,0.90724079935143
"46","sbm","1","1",350,4262,1,350,6,50,24.3542857142857,6,5.55012480419669,0.447903007428765,0.00131607435410249,0.239872331106517,4,0.00630017966315779,0.12177580203509,0.0320954996137265,31.1570161560073,0.609098144830236,0.073483422022104,3.01142857142857,3,2.18747441670078,1382.26841127571,0,41.1685714285714,44.1471573518764,181,14409,0.379791175981142
"47","sbm","1","1",350,7474,1,350,19,77,42.7085714285714,19,18.4476106396742,0.72925517355081,0.00152222371436555,0.0137066726510793,3,0.0058736929140294,0.117192704336754,0.0213439095636357,46.8517727278855,0.388974633494051,0.0982562423250102,2.70857142857143,2,1.88353663528449,1744.89294395191,17,119.125714285714,70.9733084452598,332,41694,-0.503181814465223
"48","sbm","1","1",350,21442,1,350,65,198,122.525714285714,65,63.4896821383265,0.851975258148579,0.00174958665642124,0.037890948752922,2,0.00275686396540165,0.470193005957214,0.00706403823359968,141.562087708353,0.386140432307203,0.216258698321736,2,2,1.64892345476873,2533.3616145823,938,4012.49142857143,3054.49511464177,9094,1404372,0.0717964122472357
"49","sbm","1","1",350,8329,1,350,20,70,47.5942857142857,20,19.3162783995104,0.667928153457925,0.00153467916110963,0.111758354469189,3,0.00245839757959652,0.150060389438231,0.0198591071102286,50.354731179477,0.354984441871911,0.0641997544003275,2.56,2,1.86768726975031,1924.08425923372,34,174.651428571429,83.153282603247,376,61128,0.153413749927556
"50","sbm","1","1",350,14876,1,350,23,141,85.0057142857143,23,22.4198675745454,0.738154416270855,0.00163588483127588,0.0606364499907129,3,0.00307095642955536,0.380096615193149,0.00946549475128374,105.646881254081,0.409661389991341,0.160442079410561,2.33428571428571,2,1.75923045435939,2224.34430844824,53,1657.95428571429,1233.23717937695,3710,580284,0.190652284293954
"51","sbm","1","1",350,9835,1,350,7,101,56.2,7,6.54349041206899,0.508461224339162,0.00149590611216079,0.0812997323142477,3,0.00644914629083712,0.33068842304263,0.012543052205454,79.7254116159366,0.487128074433411,0.12836676217765,2.99142857142857,2,1.93493246009005,1818.18014766947,1,704.682857142857,587.011502201398,1821,246639,0.394968676807906
"52","sbm","1","1",350,7384,1,350,22,68,42.1942857142857,22,21.2913862638617,0.733307314179343,0.00149503902189333,0.0108821513441848,3,0.00507820925415837,0.071323268531999,0.022532982427409,44.379389333904,0.325067203090724,0.073941874744167,2.99714285714286,2,1.91760949652067,1745.83446971722,14,66.6257142857143,34.9028930653426,204,23319,-0.546617199351728
"53","sbm","1","1",350,19868,1,350,46,216,113.531428571429,46,45.8169392624725,0.874339797796952,0.0017350984829029,0,2,0.00423503175541316,0.488970297952106,0.00691574596259738,144.597561189831,0.41721278209764,0.293606221858371,2,2,1.67469504707327,2178.70088569393,798,4228.84285714286,3600.63720338002,10288,1480095,-0.40370685364378
"54","sbm","1","1",350,22681,1,350,87,175,129.605714285714,87,85.2985099504368,0.862696811438072,0.00176217753331962,0.033709796233178,2,0.0015927685027406,0.389478816971435,0.00749666570380922,133.392636074445,0.259457452143298,0.130069586573885,2,2,1.62863692181744,2760.71223274587,1469,3345.60857142857,1131.90410532485,5885,1170963,-0.0473860407069509
"55","sbm","1","1",350,22519,1,350,81,167,128.68,81,29.5279796633487,0.259811758749069,0.00175993015669713,0.313606319772273,2,0.00129946726707272,0.536810652644135,0.00711884317889129,140.472261415336,0.36653353716369,0.109799426934097,2,2,1.6312893982808,2409.79262429304,1485,4582.75714285714,2073.85713778877,8055,1603965,0.656009726545064
"56","sbm","1","1",350,7223,1,350,2,81,41.2742857142857,2,1.96542527355087,0.731062658266113,0.00140974293991281,0.0372884134240596,4,0.00931585649175726,0.246112570669984,0.016552625959487,60.4133750407654,0.487972596826653,0.113827261563651,3.03428571428571,3,2.06103970528039,1522.64442305099,0,302.982857142857,256.487793557437,796,106044,-0.0718281351378371
"57","sbm","1","1",350,27434,1,350,115,219,156.765714285714,115,112.375120186428,0.881622450388899,0.00185241850181242,0.0235227778092262,2,0.00165615875333197,0.472449984159805,0.0061966719677608,161.376946400046,0.269651932237461,0.178321735571019,2,2,1.55081457224724,2852.3182136974,3128,5943.9,2027.96555040735,10785,2080365,-0.0310157215360014
"58","sbm","1","1",350,24682,1,350,96,195,141.04,96,95.1837770291183,0.898918383697141,0.00180012411624771,0,2,0.00190067723717682,0.277610395536185,0.00692202439949735,144.466407843436,0.216515113756347,0.154613180515759,2,2,1.59587392550143,2375.43348356421,1402,2850.84857142857,837.369840160241,4978,997797,-0.651684211262599
"59","sbm","1","1",350,35266,1,350,155,245,201.52,155,153.277239646578,0.920839695120644,0.00201944451900045,0,2,0.000661356288130184,0.565370701154616,0.00490137596960067,204.02434055298,0.159532264995083,0.12458452722063,2,2,1.4225787965616,2722.77764989729,6976,11607.0685714286,2582.70493482797,16627,4062474,-0.323300401615329
"60","sbm","1","1",350,16360,1,350,31,182,93.4857142857143,31,30.2823249970167,0.828917764345583,0.00167057921273093,0.0113902710857779,3,0.00532849111295614,0.495043512592764,0.00778718832917642,128.416054386829,0.46729175776876,0.253622595169873,2.01142857142857,2,1.73216537044617,2109.07878362046,203,2991.34285714286,2962.97170237015,7719,1046970,-0.0903935721680163
"61","sbm","1","1",350,22031,1,350,14,206,125.891428571429,14,5.11513079106097,0.138579572443,0.00175620071995856,0.121602502740201,3,0.00492561162359019,0.887560310202844,0.00522060445357139,191.548700709533,0.420902797917115,0.229537453950061,2.98,2,1.66783462955383,1521.67884936265,10,10038.8142857143,8193.00761848001,18236,3513585,0.842746954679826
"62","sbm","1","1",350,21571,1,350,83,170,123.262857142857,83,47.2791558415525,0.371037259131392,0.00174357912139729,0.311552336788437,2,0.00103998489653182,0.522865472659267,0.00735321702603306,135.994898077894,0.424271965049258,0.133917314776914,2,2,1.64681129758494,2378.82754294296,1224,4118.25428571429,2892.80631257739,8757,1441389,0.572579347415112
"63","sbm","1","1",350,6076,1,350,13,54,34.72,13,12.138607393145,0.654090952616938,0.00147069548305045,0.104885177807027,3,0.00341805444395469,0.112577572685322,0.0266018228147509,37.5914089407998,0.40533510181386,0.055243553008596,2.99714285714286,2,1.95071633237822,1663.37507508941,5,70.7485714285714,39.5610541275633,173,24762,0.127347167761501
"64","sbm","1","1",350,22706,1,350,105,151,129.748571428571,105,10.2928125571282,0.0776966098479638,0.00175999821663129,0.452069784812639,3,0.00209409969713375,0.694345554720932,0.00737667414812862,135.562447238325,0.470963404074657,0.0608923454768727,2.06285714285714,2,1.62857142857143,1955.45838029225,2871,5836.68857142857,2298.65573838144,9174,2042841,0.622174010134069
"65","sbm","1","1",350,26130,1,350,120,174,149.314285714286,120,46.6409036647648,0.324359242677314,0.00182349862872919,0.31143407458571,2,0.000734287775710748,0.555689828853211,0.00659314813261718,151.672612215835,0.219451539727853,0.0707327056897257,2,2,1.57216537044617,2477.71323581491,4182,6197.23714285714,990.913776600452,8584,2169033,0.445746664935366
"66","sbm","1","1",350,20781,1,350,4,202,118.748571428571,4,3.65420128987569,0.234512340826559,0.00168808845605555,0.0624954508216339,4,0.00914003200601047,0.871473237211877,0.00534512898415843,187.086224292012,0.429128657080666,0.2385427752763,3.00571428571429,3,1.75970528039296,1444.19172294107,0,9338.19428571429,7649.58390215997,17471,3268368,0.723157406218427
"67","sbm","1","1",350,17626,1,350,74,142,100.72,74,70.4887493446441,0.752596948808018,0.0016751483609808,0.107557137780469,2,0.00184376149630681,0.301456482292841,0.00971773172232458,102.904672466178,0.308869616660429,0.118280802292264,2,2,1.71140401146132,2582.49180241537,750,1542.20571428571,502.990151226506,3080,539772,0.1237914674164
"68","sbm","1","1",350,17217,1,350,58,139,98.3828571428571,58,57.2323893497596,0.842484806604474,0.00166898375661296,0.000437408994081468,2,0.00232387426628332,0.264724102528408,0.00994777474506391,100.524994345715,0.270277416770055,0.116381498158002,2,2,1.71810069586574,2487.56348156177,439,1303.96285714286,420.040455539473,2563,456387,-0.348609494883286
"69","sbm","1","1",350,14955,1,350,34,174,85.4571428571429,34,33.7858176685583,0.838444294820993,0.00164302997806376,0.000381986257446122,2,0.00597959676391686,0.3364137620868,0.00947681642450307,105.520668039366,0.436675676928579,0.253704461727384,2,2,1.75513712648383,2058.54348930285,292,1602.89142857143,1296.80261621719,4321,561012,-0.471162374013428
"70","sbm","1","1",350,29456,1,350,66,243,168.32,66,63.1448075288618,0.615711478034969,0.00191906825334324,0.1184297683408,2,0.0014404323469346,0.736608842751827,0.0049041181218706,203.910259734642,0.332901413279937,0.213982808022923,2,2,1.51770773638968,2200.92111366544,688,12137.5542857143,8762.25060752539,21344,4248144,0.359930146281765
"71","sbm","1","1",350,25814,1,350,67,264,147.508571428571,67,66.8453331621782,0.908989477297417,0.00185759329395527,0,2,0.00333408688144773,0.556580088743122,0.0056103042151629,178.243453768035,0.368990529823829,0.333786328284896,2,2,1.57733933688088,2129.15900655344,1914,7765.57714285714,5946.12382118782,17260,2717952,-0.506458372415036
"72","sbm","1","1",350,36601,1,350,173,236,209.148571428571,173,141.812671479253,0.676806438906211,0.00204654347028926,0.154251874203885,2,0.00030055433082468,0.620993816567869,0.00476750158421653,209.753469890946,0.125917758051856,0.076938190749079,2,2,1.4007204257061,2746.67835508708,9145,13550.9828571429,1651.80915308498,17476,4742844,0.107384533752127
"73","sbm","1","1",350,11829,1,350,42,99,67.5942857142857,42,40.7509843350554,0.796030633040075,0.00158672780391218,0.00559599893774705,3,0.00264336669082762,0.177405482356954,0.0144728635981718,69.0948265501734,0.312445083994499,0.0899877200163733,2.01714285714286,2,1.80636921817438,2197.85302057729,133,410.168571428571,137.729075179556,914,143559,-0.283177992650135
"74","sbm","1","1",350,7756,1,350,26,73,44.32,26,24.751813030819,0.735630090941882,0.00152616836194595,0.0192109168472873,3,0.00483996043710157,0.117364595950857,0.0219558359593173,45.5459770173604,0.379281705878861,0.0821776504297994,2.68857142857143,2,1.8778223495702,1862.19693606927,32,116.271428571429,43.3346151032656,306,40695,-0.187588615025657
"75","sbm","1","1",350,21931,1,350,66,178,125.32,66,65.0117098699103,0.863422377863815,0.00175285054697483,0.00218252740119228,2,0.0019504809520536,0.404581695394806,0.00744478157279374,134.322275304141,0.289267367893707,0.150945558739255,2,2,1.64091690544413,2656.24609995854,984,3408.98571428571,1576.39833857384,6326,1193145,-0.17076087415974
"76","sbm","1","1",350,10746,1,350,36,97,61.4057142857143,36,34.9192693680264,0.793772295192344,0.00155497712629263,0.0044841325140083,3,0.00330889704433047,0.0623094308730884,0.015876873002558,62.9846947720047,0.317178565163807,0.101989357347524,2.93714285714286,2,1.84356938190749,2005.76804723838,22,120.042857142857,43.9623555148614,255,42015,-0.612694495371861
"77","sbm","1","1",350,12744,1,350,23,131,72.8228571428571,23,13.5768849561933,0.295857309878489,0.00160065551677083,0.213580956231536,3,0.00425146909266377,0.379347134456732,0.0106461486104919,93.9306820322321,0.507758081091509,0.166696684404421,2.58,2,1.7948751534998,2095.69933849457,40,1185.54,928.497243740248,3314,414939,0.636860651895923
"78","sbm","1","1",350,9163,1,350,26,87,52.36,26,25.3925433090335,0.765315614162437,0.00154794886478124,0.00843950926535527,3,0.0045008344450232,0.117187036443685,0.0181614918417969,55.0615559950091,0.356075735749817,0.0992550143266476,2.4,2,1.85196889070815,1931.51880287264,49,169.285714285714,78.2921834185594,451,59250,-0.501680759476542
"79","sbm","1","1",350,8083,1,350,5,112,46.1885714285714,5,4.95222621361208,0.73937023514192,0.00145885704929553,0.0211053852100369,3,0.0104450963070387,0.387699058739872,0.0125269714200164,79.8277545682057,0.586400919401562,0.188571428571429,2.64571428571429,2,1.98884977486697,1494.03675327021,4,710.34,837.940832173427,2372,248619,-0.0535675088692592
"80","sbm","1","1",350,5508,1,350,8,55,31.4742857142857,8,7.78762957580106,0.67776688047813,0.00144483906690116,0.117815164474569,3,0.00603880309791883,0.111014678116816,0.0276772644773633,36.1307383111464,0.40939511038589,0.0674089234547687,2.99714285714286,2,1.98822758902988,1539.21970696094,2,62.4942857142857,40.0942831733479,164,21873,-0.232807998334253
"81","sbm","1","1",350,32751,1,350,155,223,187.148571428571,155,151.966248332975,0.910525418048821,0.00195918213803578,0,2,0.000664225606523274,0.521612757632081,0.0053157703991924,188.119486904838,0.149712187805087,0.102726156365125,2,2,1.46375767498977,2827.8143209832,6464,9143.21142857143,1190.7988389903,12651,3200124,-0.22861617311747
"82","sbm","1","1",350,6483,1,350,17,68,37.0457142857143,17,15.6730244202317,0.703561849814736,0.0014885144518285,0.0907588753166869,3,0.00720009898509223,0.119248067821334,0.0247711785425084,40.3694962790712,0.436305349374703,0.0886942284076955,2.96571428571429,2,1.92702415063447,1707.41447581373,7,86.8885714285714,49.6991710736024,238,30411,-0.0120250092314914
"83","sbm","1","1",350,24384,1,350,41,207,139.337142857143,41,40.2841476717827,0.632338578447138,0.00181002999669532,0.108382079719889,2,0.00175374879766474,0.621829195765026,0.00585228329503438,170.873477852395,0.366843051548433,0.193876381498158,2,2,1.6007531723291,2373.52081981102,286,7112.87142857143,5223.55621851141,13778,2489505,0.337830788100228
"84","sbm","1","1",350,15380,1,350,56,136,87.8857142857143,56,54.477333552861,0.825797707093241,0.00164035182551484,0.00481231853301114,2,0.00345752332556389,0.249928660371485,0.0110429096309808,90.5558438325449,0.315875454371492,0.137863282848956,2,2,1.74817846909537,2434.75765688691,450,990.951428571429,325.903857420591,2113,346833,-0.272042205161041
"85","sbm","1","1",350,27088,1,350,57,221,154.788571428571,57,37.3409396787927,0.372987333334875,0.00186643178480036,0.194673004574097,2,0.0014592268896979,0.765649444295438,0.00513028005776684,194.921132714008,0.367541945374407,0.189717560376586,2,2,1.55647973802702,2061.90831042485,491,10733.4514285714,8064.57831047069,18982,3756708,0.609240523454466
"86","sbm","1","1",350,13791,1,350,42,134,78.8057142857143,42,41.4920529697353,0.824671122155233,0.00161705532752102,0.00174884620742166,2,0.00453384413290631,0.179575702516344,0.0120880402510796,82.726395613275,0.348538998476367,0.158149815800246,2,2,1.77419566107245,2207.69341025481,170,593.562857142857,265.176051793022,1347,207747,-0.59562736211385
"87","sbm","1","1",350,24476,1,350,114,165,139.862857142857,114,100.685450778516,0.737508590332994,0.00179218967922863,0.117080324904324,2,0.000708729230237047,0.407566403054747,0.00711642037754871,140.520085513056,0.152649251937698,0.0720261972984036,2,2,1.5992468276709,2819.8097283677,2588,3976.08857142857,542.724682466017,5469,1391631,0.0158789174387851
"88","sbm","1","1",350,7396,1,350,15,74,42.2628571428571,15,13.9349022089452,0.723375402014657,0.00151065078290165,0.0854964119730865,3,0.00497862900187544,0.146326207946997,0.0211044835619428,47.3832964007362,0.412071547526532,0.0909373720835039,2.81714285714286,2,1.89897666803111,1784.94953072727,15,144.377142857143,86.3874827957756,368,50532,-0.104463623860586
"89","sbm","1","1",350,19255,1,350,29,173,110.028571428571,29,18.0279226117682,0.292637885220767,0.00171453892632141,0.190345557690014,3,0.00228956913974947,0.613805123384687,0.00679697320992361,147.124310941817,0.426669989038331,0.18043389275481,2.01428571428571,2,1.68478100695866,2154.42390835632,67,4567.22571428571,3610.56350885646,9219,1598529,0.676530695956755
"90","sbm","1","1",350,24314,1,350,106,171,138.937142857143,26,0.305291351311795,0.00234945551872803,0.00146046913716389,0.447842202896032,3,0.0305280213011598,0.762579444065307,0.00653865105052221,152.936743721801,0.46030071038217,0.0918706508391322,3,3,1.97781416291445,1922.3356140823,4637,7429.24285714286,1420.29568167086,10435,2600235,0.887576527698716
"91","sbm","1","1",350,30403,1,350,77,247,173.731428571429,77,76.0467008043799,0.88155121413721,0.00193248086241926,0.0228652015683941,2,0.00152995142132014,0.636335026887057,0.00509811518350268,196.150923234525,0.287947013638606,0.209938600081867,2,2,1.50220221039705,2559.49684071774,1760,10733.9828571429,6457.38622991852,18607,3756894,0.0623978551548773
"92","sbm","1","1",350,26456,1,350,25,238,151.177142857143,25,24.8857832110217,0.894595606192547,0.00187880156620504,0.0143505328015118,3,0.00259140771099197,0.796908299965541,0.00485620613961104,205.922065754831,0.3485692488725,0.248776094965207,2.06571428571429,2,1.56704052394597,1827.81011784774,288,12448.5,9618.39196442812,21591,4356975,-0.117839935995115
"93","sbm","1","1",350,24746,1,350,66,198,141.405714285714,66,24.2459535033616,0.228482990642452,0.00180939377723174,0.277612215532097,2,0.00173339104676466,0.689718558166868,0.00582798621105804,171.58585552289,0.401405755671998,0.162161277118297,2,2,1.59482603356529,2198.86583330585,777,7625.47714285714,5181.34598495492,14178,2668917,0.746963029096018
"94","sbm","1","1",350,10830,1,350,26,119,61.8857142857143,26,25.080367122355,0.782387307247532,0.00157533055804066,0.0177910697431726,3,0.0061531487602148,0.24801999717664,0.0133277331379326,75.031514335612,0.434182087963915,0.163651248465002,2.12571428571429,2,1.82318460908719,2011.03488718418,86,582.291428571429,467.039233346685,1522,203802,-0.186627115614963
"95","sbm","1","1",350,10867,1,350,39,91,62.0971428571429,39,37.2282707137007,0.795255485414114,0.00156304097256576,0.00612295417334576,3,0.00226130467144185,0.0688525594372549,0.0157433492160698,63.5188857387006,0.272003653279598,0.0828162095783872,2.85142857142857,2,1.83382726156365,2029.94885331453,44,134.88,43.0866043310374,293,47208,-0.538762484825937
"96","sbm","1","1",350,17648,1,350,71,139,100.845714285714,71,69.2457959242502,0.84268913774796,0.00167547645757023,0.00215715168657309,2,0.00213563147810663,0.273339876898484,0.00977414597866566,102.310728956037,0.248103422324753,0.109324600900532,2,2,1.71104379860827,2546.97059388019,685,1401.16285714286,316.596141271544,2469,490407,-0.274140021620545
"97","sbm","1","1",350,10805,1,350,42,87,61.7428571428571,42,40.1645908515855,0.779043361738663,0.00157191193521726,0.00952344161710659,3,0.0025488991149071,0.157844443547193,0.01593297492694,62.7629180730818,0.285970154835298,0.0723700368399509,2.02,2,1.82315186246418,2130.7808002064,116,301.577142857143,90.9597571072877,619,105552,-0.178346517439603
"98","sbm","1","1",350,26421,1,350,89,224,150.977142857143,89,87.5779912611141,0.87262009576302,0.00183960818431779,0.0353809293539693,2,0.0018423720342718,0.509709299188258,0.00610345124333653,163.841728250349,0.329678868880726,0.20923454768727,2,2,1.56740073679902,2716.01505617197,2064,6234.17142857143,3668.8949593409,12673,2181960,0.0637416164828776
"99","sbm","1","1",350,16566,1,350,38,164,94.6628571428571,38,36.7466405412021,0.528293882779212,0.00166625330884995,0.213474797046162,3,0.00271553832822828,0.51463054813549,0.0080503769789893,124.217785404324,0.49768931058583,0.198673761768318,2.01142857142857,2,1.72879246827671,2192.80471062766,160,2763.80571428571,2868.70273327283,7258,967332,0.432143191729188
"100","sbm","1","1",350,9980,1,350,28,87,57.0285714285714,28,16.3126489445702,0.327626132701074,0.00155667096434199,0.279744077333023,3,0.00255818388591171,0.224028493441607,0.0160457777680972,62.3216907558222,0.449613659712756,0.0858780188293082,2.65428571428571,2,1.84152271796971,2028.20251820874,67,376.14,196.148751664061,960,131649,0.453575439572049
"101","sbm","1","1",350,10659,1,350,39,87,60.9085714285714,39,37.2320222109739,0.776485022139704,0.00156973283336209,0.012557382641008,3,0.00283155208769674,0.159160291248392,0.0161559362170087,61.8967534018375,0.279737154971989,0.0747605403192796,2.06285714285714,2,1.82565697912403,2125.42133348341,100,295.534285714286,84.8950319094002,581,103437,-0.119094017024371
"102","sbm","1","1",350,1635,1,350,1,20,9.34285714285714,1,0.747008714887252,0.374448416826382,0.00100069552629598,0.216910847384713,5,0.015809091841382,0.0341911103113191,0.0873233746111087,11.4516875287225,0.578430454280442,0.0305362259516987,4.40571428571429,4,2.88486287351617,875.056880242771,0,1.62857142857143,1.90288145682354,10,570,0.0738144730944441
"103","sbm","1","1",350,19346,1,350,14,188,110.548571428571,14,13.906569575458,0.861682765120677,0.00171669873766525,0.0271056173597404,3,0.00408260368436708,0.633464469777064,0.00636962205886654,156.995186018611,0.401351530901068,0.221923864101515,2.4,2,1.6974539500614,1947.39836245732,70,5493.51428571429,4375.68834287902,10791,1922730,-0.0927893999044269
"104","sbm","1","1",350,12981,1,350,13,129,74.1771428571429,13,1.8584138346206,0.0564370119533187,0.00143020151087104,0.201364635724345,3,0.0136505761418401,0.497505797442337,0.00923808092236004,108.247590425364,0.477276175846302,0.157085550552599,3,3,2.0232664756447,1934.98651395506,10,1800.88285714286,1473.974114803,3949,630309,0.887017569490983
"105","sbm","1","1",350,21281,1,350,84,165,121.605714285714,84,73.0738335532131,0.591430402471194,0.00173732232522919,0.197749137659156,2,0.00118560169150527,0.405830683635316,0.00785248555814551,127.348212562159,0.323208025339724,0.124338927548097,2,2,1.65155955792059,2619.36657522462,1163,3067.96285714286,1557.40923518422,6056,1073787,0.329395583637778
"106","sbm","1","1",350,18875,1,350,3,198,107.857142857143,3,2.89892889847523,0.730673008232112,0.00165444794915006,0.0055873549405728,3,0.00837882632025926,0.750918309136616,0.00594873875749646,168.102860247447,0.451414363039471,0.258288988948015,2.45142857142857,2,1.80008186655751,1589.23007717994,1,6758.44285714286,5532.65486989138,14286,2365455,0.0317353494185624
"107","sbm","1","1",350,8824,1,350,18,80,50.4228571428571,18,17.1662805781039,0.730963124998709,0.0015374181313677,0.0672790107585921,3,0.00336128455214424,0.178360698983346,0.0176610015470694,56.6219303777784,0.38369315562245,0.0847482603356529,2.57428571428571,2,1.86567335243553,1939.40702372036,21,247.268571428571,155.898971347775,568,86544,0.124419408804229
"108","sbm","1","1",350,18512,1,350,39,205,105.782857142857,39,38.4431606048848,0.854157706755287,0.00170857062771402,0,2,0.00512839416670071,0.495562995715458,0.0072420599393446,138.082259519451,0.431537754727694,0.28428980761359,2,2,1.69689725747032,2211.28079974474,456,3719.39142857143,3363.75627946834,8995,1301787,-0.22289145563326
"109","sbm","1","1",350,3658,0,348,0,58,20.9028571428571,0,1.14352971535245e-14,1.07022617757679e-15,-1,0.0409737669124586,6,0.0202100779735866,0.221885280677716,0.0245610624050883,40.7148511537038,0.663778705638668,0.106295538272616,4.02285714285714,0,2.44297591838087,1042.70726685613,0,91.1485714285714,115.453066343165,397,31902,0.0542720743849191
"110","sbm","1","1",350,24307,1,350,100,175,138.897142857143,100,43.7324753162496,0.305308562685419,0.00179082270248055,0.343592458821451,2,0.00101441469240577,0.581915691827964,0.00681412813556732,146.75391775807,0.366346884248992,0.103446582071224,2,2,1.60201391731478,2302.5011843339,2096,5685.95142857143,3037.111183116,10123,1990083,0.604505425815196
"111","sbm","1","1",350,22779,1,350,84,196,130.165714285714,84,81.4896009909364,0.868171507946581,0.00176762185895234,0,2,0.00242846314096977,0.410142974297684,0.00725117560771323,137.908672207067,0.309801234078106,0.188636921817438,2,2,1.62703233729022,2703.33210246429,1533,3686.62285714286,1680.47500807694,7323,1290318,-0.164375736179179
"112","sbm","1","1",350,19317,1,350,61,180,110.382857142857,61,60.3007100262286,0.864038266591197,0.00170993628585692,0,2,0.00326363239429442,0.333881550762914,0.00829718649039217,120.522782169349,0.331530836547622,0.199476054031928,2,2,1.68371674171101,2430.93948932555,785,2282.41714285714,1251.74747205764,5021,798846,-0.470054286495752
"113","sbm","1","1",350,6142,1,350,2,73,35.0971428571429,2,1.95224575071944,0.674005962347745,0.0013702785878436,0.0506901491574472,4,0.00883381204908765,0.200685208771462,0.0197969633733978,50.5127973992088,0.540306292619217,0.108604175194433,3.12,3,2.11893573475235,1461.64318360593,0,174.222857142857,149.508426774637,568,60978,-0.00862399472931223
"114","sbm","1","1",350,26536,1,350,85,204,151.634285714286,85,83.0957198784734,0.827988929882223,0.00183882367992184,0.0593769389078689,2,0.00127825739574054,0.499010282930731,0.0061648851295864,162.209024009356,0.276851786982924,0.150045026606631,2,2,1.56551780597626,2746.41481351971,1530,6053.94,2992.14837180765,10705,2118879,0.13875018399826
"115","sbm","1","1",350,23984,1,350,52,207,137.051428571429,52,51.4388995294417,0.871916504794684,0.00179707862761063,0.00272817976327113,2,0.00205639320269522,0.493510035080019,0.00646316362499252,154.722989857952,0.322290740389109,0.200425706099059,2,2,1.60730249693,2598.54622749357,738,5242.98857142857,3049.28871876925,10179,1835046,-0.12000495649647
"116","sbm","1","1",350,35753,1,350,148,252,204.302857142857,148,146.071670320938,0.912368221166639,0.00203130087797498,0.000495647653473521,2,0.000658010393732939,0.600864863841102,0.00481863579544455,207.527616207347,0.183665565623904,0.136668031109292,2,2,1.41460499386001,2882.44153132215,6576,12690.12,2995.85084850292,18733,4441542,-0.0766282535666774
"117","sbm","1","1",350,3207,1,350,1,45,18.3257142857143,1,0.975963094247442,0.199879210061818,0.00111218264267699,0.299535754000861,5,0.0142730550868144,0.183473520981157,0.0310393543989592,32.2171649302581,0.691737052147781,0.0764306180925092,4.06285714285714,3,2.60540319279574,1130.80069474149,0,44.6228571428571,57.2654357800569,207,15618,0.628712086513135
"118","sbm","1","1",350,24353,1,350,13,231,139.16,13,12.9031857884215,0.838695770677551,0.00182669470819999,0.00705544423781842,3,0.00390301851409714,0.840629011026864,0.00495632098121934,201.76255811301,0.377473494065218,0.263151862464183,2.39714285714286,2,1.61509619320508,1617.67505270228,58,11713.9971428571,9384.38952176789,20666,4099899,0.0364410633986466
"119","sbm","1","1",350,5816,1,350,11,73,33.2342857142857,11,10.6473527761839,0.693422526446644,0.0014726910754954,0.0398120449634741,3,0.00960975127036789,0.117530756668481,0.0256272505221131,39.0209632179279,0.487651594672141,0.113941874744167,2.98285714285714,2,1.94870241506345,1557.4864907494,9,77.1085714285714,57.5116750146987,269,26988,-0.321637756474398
"120","sbm","1","1",350,14284,0,340,0,150,81.6228571428571,0,-1.06420172565198e-13,-1.024304189686e-15,-1,0.00957428844135621,5,0.0193546161802026,0.625745077168707,0.0074985388120179,133.359315070464,0.466078476120585,0.195923045435939,3.86,0,2.05665452021517,1544.94944144143,0,3359.35714285714,2785.41224017706,7100,1175775,0.355937871136235
"121","sbm","1","1",350,7274,0,336,0,87,41.5657142857143,0,-4.49384673602655e-14,-9.81894023108798e-16,-1,0.00793838515020939,5,0.0139060205186638,0.302742682207696,0.0149648540291607,66.823237837896,0.508584964210846,0.1301841997544,3.79142857142857,0,2.24024520255864,1394.29684649884,0,413.648571428571,352.650389688603,1061,144777,0.0252512087914153
"122","sbm","1","1",350,22838,1,350,71,198,130.502857142857,71,69.6053598377034,0.735748183992818,0.00177159311569044,0.122930125936203,2,0.0018914701473647,0.487265758471983,0.00680845486298674,146.876203209684,0.380591605295387,0.193401555464593,2,2,1.62606631191158,2585.94285621763,930,4525.07142857143,3358.73037276682,10061,1583775,0.231935375964477
"123","sbm","1","1",350,16650,1,350,51,132,95.1428571428571,51,49.5897214473661,0.831543587024149,0.00166055601422872,0.0491543633723814,2,0.00169334835144798,0.291993786755181,0.0100764904925414,99.2409014567319,0.291009765481722,0.105607859189521,2,2,1.72738436348752,2516.65921326013,324,1365.28285714286,532.964184858029,2588,477849,-0.0205349054381708
"124","sbm","1","1",350,18431,1,350,67,156,105.32,67,66.5276035134402,0.873270910372047,0.00169090772972684,7.7119117436573e-05,3,0.00327902303567441,0.104819940937479,0.00913970137403419,109.41276515237,0.240594257054144,0.145214899713467,2.04,2,1.69837085550553,2083.36108566143,217,616.388571428571,387.908664826189,1761,215736,-0.840811444812617
"125","sbm","1","1",350,13261,1,350,20,149,75.7771428571429,20,9.78352771780851,0.161990389080768,0.00161299525610435,0.321850253938604,3,0.00379182537540261,0.821441279447195,0.00746930789149615,133.88121289504,0.593761874280941,0.209807613589849,2.80571428571429,2,1.79017601309865,1512.93506575272,23,3456.24,4156.60387046098,9126,1209684,0.821786232526456
"126","sbm","1","1",350,18549,1,350,41,199,105.994285714286,41,40.7378046325603,0.864024105561191,0.00170439165989431,0,2,0.00424639921648503,0.407586460362083,0.00783166020588575,127.686847196009,0.416769820085533,0.266492018010643,2,2,1.69629144494474,2287.30943201425,511,2880.24,2202.79521946802,7367,1008084,-0.393846487647059
"127","sbm","1","1",350,26171,1,350,128,168,149.548571428571,128,51.130251509266,0.341184103621087,0.00182363241071529,0.316063223829848,2,0.000591516990164733,0.551527931107221,0.0066683187553751,149.962837213493,0.136956244132477,0.0528694228407695,2,2,1.57149406467458,2466.78217003953,4068,6140.61428571429,1000.25138807046,8196,2149215,0.0647089550658588
"128","sbm","1","1",350,28339,1,350,124,220,161.937142857143,124,123.852617744185,0.955686658482758,0.00187482146602101,0,2,0.00159992380824142,0.0885925542967892,0.00601059737423873,166.372814170847,0.184222999157266,0.166369218174376,2,2,1.5359967253377,1336.67285481064,579,1216.17428571429,723.955432402292,3782,425661,-0.934765594049898
"129","sbm","1","1",350,12988,1,350,30,121,74.2171428571429,30,15.4317242650025,0.205264680409598,0.00160578508339317,0.38652926313541,3,0.00305523248800757,0.475972875988858,0.0101993703639842,98.0452679246922,0.582354171295177,0.134048301268932,2.10285714285714,2,1.78772001637331,2028.86670661088,84,1463.60571428571,1480.49808623596,4153,512262,0.743789813910338
"130","sbm","1","1",350,6077,1,350,14,62,34.7257142857143,14,11.2062745032838,0.319182056729383,0.00145017423670408,0.328844539614468,3,0.00370219331450914,0.162251966182992,0.0243651901895033,41.0421585968496,0.60070293010299,0.0781498158002456,3,3,1.97778141629144,1638.23244878296,6,103.8,95.0872318552345,424,36330,0.447633225870042
"131","sbm","1","1",350,21309,1,350,79,159,121.765714285714,79,16.4398313586594,0.153535546810078,0.00173857299421638,0.357021387029647,3,0.00180878951993103,0.566418207694098,0.00734190957898372,136.204347008374,0.404122351813934,0.10668849774867,2.00571428571429,2,1.65111747851003,2297.50098004137,1414,4339.29428571429,1916.54319507594,7447,1518753,0.770577331672386
"132","sbm","1","1",350,16846,1,350,74,123,96.2628571428571,74,70.9297734150642,0.835478124118318,0.00166218192122983,0.0039484496221112,2,0.00136821878534969,0.260915214705566,0.0103096483148637,96.9965191303642,0.214482824710244,0.076610724519034,2,2,1.72417519443307,2526.75523165375,697,1205.60571428571,218.456919678043,1927,421962,-0.0129805272404096
"133","sbm","1","1",350,5272,1,350,11,57,30.1257142857143,11,10.2836360594204,0.604852172051341,0.00142039806925604,0.154153485157076,3,0.00611512602682545,0.117252051203584,0.0285123325928031,35.0725426180114,0.53024889079168,0.077003683995088,3,3,2.02216946377405,1546.8132639263,3,58.02,51.3946709912976,225,20307,0.230820409929555
"134","sbm","1","1",350,23449,1,350,91,170,133.994285714286,91,37.6034722373838,0.308674694423382,0.00177568486431046,0.300892109126665,2,0.00114772640718068,0.522965350272173,0.00703151873784548,142.216786626442,0.32695847232772,0.103168235775686,2,2,1.61606221858371,2472.7085794827,1766,4785.48857142857,1830.66059557783,7981,1674921,0.601936603674607
"135","sbm","1","1",350,3318,1,350,8,30,18.96,8,7.29140837162724,0.576511722351889,0.00124216354339788,0.0538957050533721,4,0.00590699454673981,0.0389566988653543,0.0501088777411409,19.9565435323843,0.405917019864443,0.0316332378223496,3.00571428571429,3,2.31042161277118,1261.19166326116,0,6.99428571428571,4.2675521833167,26,2448,-0.0273127682802139
"136","sbm","1","1",350,18332,1,350,69,139,104.754285714286,69,37.8920458465512,0.351399242520175,0.00168689634442941,0.319161584790321,2,0.00134953701399447,0.416674882310896,0.00904849033017449,110.515673168732,0.388462810454191,0.0981252558329922,2,2,1.69984445354073,2405.2765330862,683,2318.50285714286,1255.58560578674,4779,811476,0.499749968368791
"137","sbm","1","1",350,6431,1,350,22,50,36.7485714285714,22,20.4061081898401,0.703958483222105,0.00149715203708028,0.102213294380225,3,0.00221896941946182,0.104729069895806,0.0265679060742829,37.6393983479178,0.28025568079593,0.0379697093737208,2.97142857142857,2,1.91431846090872,1727.65821515579,25,70.4742857142857,22.8131357985068,135,24666,-0.00555984053709857
"138","sbm","1","1",350,39624,1,350,178,283,226.422857142857,178,175.881550454861,0.926038290001963,0.00212951796933583,0,2,0.000753394085456719,0.660009436431665,0.0043508922127847,229.837916246601,0.186442154018297,0.16211215718379,2,2,1.35122390503479,2732.30158584476,11016,17145.9514285714,3921.17930194194,25611,6001083,-0.185699753763854
"139","sbm","1","1",350,11142,1,350,12,135,63.6685714285714,12,5.80181668676991,0.134719258736666,0.00151992891612047,0.285054527412179,3,0.00939134982008837,0.792122287145242,0.00818865687835518,122.120149232687,0.619785743102984,0.204388047482603,3,3,1.90416700777732,1454.11735099313,4,2602.86857142857,3174.83895219298,7572,911004,0.846712815253434
"140","sbm","1","1",350,22054,1,350,78,181,126.022857142857,78,76.3524709263149,0.860339642925393,0.00175290244645744,0.0335059610190833,2,0.00180483409744845,0.400790536699284,0.00751232870545162,133.114516045379,0.315300383362289,0.15752762996316,2,2,1.63890298812935,2709.18347244673,1103,3325.53428571429,1618.3283436191,6625,1163937,0.0573280244240095
"141","sbm","1","1",350,24826,1,350,68,261,141.862857142857,68,67.7592106737524,0.902586855334547,0.00183096788228831,0.000206283067619358,2,0.00375314444071074,0.505843162545046,0.00595882163214951,167.818414735679,0.383115429665247,0.341367171510438,2,2,1.59351616864511,2185.85441385508,1739,6380.34,4675.07794291399,15205,2233119,-0.53027669033792
"142","sbm","1","1",350,5333,1,350,12,50,30.4742857142857,12,11.3040447005454,0.623485505778426,0.00144041493665612,0.135629779364492,3,0.00418863346832637,0.0962578425298212,0.0307132405255406,32.5592475065735,0.426426159462965,0.0559476054031928,3,3,1.99161686451085,1578.21320650769,4,45.72,26.7362454260923,122,16002,0.154108501666577
"143","sbm","1","1",350,16160,1,350,48,135,92.3428571428571,48,47.3894875205604,0.831740656658569,0.00165308118723557,0.00472618340113714,2,0.00239860231485348,0.275736039563555,0.0103827971508613,96.313159688095,0.300597088946685,0.122226770364306,2,2,1.73540728612362,2466.44452798634,375,1223.91428571429,465.436164879319,2423,428370,-0.258177749597558
"144","sbm","1","1",350,31915,1,350,130,248,182.371428571429,130,126.771410903231,0.899414113569992,0.00195036752620606,0,2,0.00129961522909095,0.561509236904864,0.00526920827035644,189.781832239543,0.259950069143613,0.188047482603357,2,2,1.47744576340565,2829.10463574314,4903,9695.88,3769.06872241265,17012,3393558,-0.0821275871983912
"145","sbm","1","1",350,34174,1,350,143,231,195.28,143,140.713838101413,0.845614281342884,0.00199312297273293,0.0620049311362464,2,0.000481379489485354,0.576300778467295,0.00504576020194385,198.186191966625,0.159044188364058,0.102349570200573,2,2,1.44045845272206,2884.48878710478,5512,11078.5114285714,2741.69437783893,15331,3877479,0.107399011433667
"146","sbm","1","1",350,29193,1,350,128,209,166.817142857143,128,122.714689997557,0.775893659468891,0.00188390960466032,0.0966029344694916,2,0.000706322764811539,0.487603692278913,0.00594547827438731,168.195047370357,0.216493464971736,0.120867785509619,2,2,1.52201391731478,2889.9742284598,3782,6792.12857142857,1283.57747648898,10959,2377245,0.128510255570352
"147","sbm","1","1",350,16876,1,350,27,155,96.4342857142857,27,26.4704395285762,0.743249627986085,0.00166990792263074,0.0661945533897518,3,0.00299754749046675,0.408560067334473,0.00857251228702493,116.651917958002,0.398804245663954,0.167810069586574,2.07142857142857,2,1.72397871469505,2337.53145996634,115,2234.27142857143,1612.47500343948,4962,781995,0.194119055181214
"148","sbm","1","1",350,9102,1,350,6,121,52.0114285714286,6,5.21081436304777,0.247485918558961,0.00141201652961081,0.195492878604604,4,0.0106595229711533,0.676213902586932,0.00952077943023633,105.033417413723,0.623942481204809,0.19767498976668,3.04857142857143,3,2.07074907900123,1406.21736078722,0,1643.95714285714,2023.07705886939,5029,575385,0.707486510225079
"149","sbm","1","1",350,14601,1,350,47,118,83.4342857142857,47,20.5567161632247,0.28455384382429,0.00162859881218488,0.296255606305312,3,0.00171031460266804,0.345111298690213,0.0108330002170054,92.3105307826193,0.416704147100655,0.0990421612771183,2.02857142857143,2,1.76101514531314,2283.84479212389,292,1247.57142857143,648.085838601385,2646,436650,0.593846994879095
"150","sbm","1","1",350,9668,1,350,37,84,55.2457142857143,37,34.5590335966206,0.762785183600534,0.00155585308333825,0.0132637159401694,3,0.00354934580555904,0.140162295529354,0.0176997660182727,56.4979220045978,0.31906139934911,0.0823905034793287,2.1,2,1.84201391731478,2038.93732999584,93,215.708571428571,62.8119099333236,458,75498,-0.230374383383782
"151","sbm","1","1",350,6896,1,350,3,75,39.4057142857143,3,2.95249578345283,0.722487466971613,0.00144018006847798,0.0624548521016252,4,0.00593218538651666,0.197501835672269,0.0187531419053329,53.3243978554668,0.476768120536718,0.101989357347524,3.00571428571429,3,2.00681129758494,1575.73709251226,0,205.191428571429,168.022564440843,576,71817,-0.102529118616057
"152","sbm","1","1",350,13422,1,350,34,125,76.6971428571429,34,12.3402566340328,0.158759923765237,0.00161082443087809,0.408954477645428,3,0.00316097734200217,0.525013609216239,0.0096741317613186,103.368449455944,0.599698385114874,0.138403602128531,2.32857142857143,2,1.78243143675808,2002.38098461662,118,1727.73428571429,1763.84337313519,4948,604707,0.793125373587643
"153","sbm","1","1",350,1963,1,350,3,21,11.2171428571429,3,2.47546516363223,0.444717746449223,0.00107042121094197,0.226133287520609,4,0.0104250666979734,0.0247103548153512,0.0812343020371308,12.310070683477,0.499709387364885,0.0280311092918543,3.96285714285714,3,2.68255423659435,976.130237465888,0,1.56,1.48559462977336,7,546,-0.0379250326665414
"154","sbm","1","1",350,6705,1,350,2,73,38.3142857142857,2,0.509972810488578,0.0454115540357513,0.00113218303753385,0.137588018780157,5,0.0248846224133941,0.275503090579542,0.0168629340945089,59.3016609325202,0.521752436298276,0.0993860008186656,4.31428571428571,4,2.58316823577569,1528.10953794751,0,287.931428571429,247.783760254967,767,100776,0.773942835831928
"155","sbm","1","1",350,10476,1,350,23,112,59.8628571428571,23,22.7418729091083,0.789662816311015,0.00157037546250439,0.00121173712061876,2,0.00554028802612156,0.199497260462285,0.0143303271865715,69.7820773371501,0.420908634158992,0.149390094146541,2,2,1.82847318870242,1911.39413192318,70,435.368571428571,319.011049984605,1225,152379,-0.515217264151781
"156","sbm","1","1",350,9906,1,350,31,85,56.6057142857143,31,16.4684030951419,0.339212571177822,0.00155583051157591,0.270075271248504,3,0.00293264653205703,0.223461284768325,0.0160064049376605,62.4749907236921,0.428231111540654,0.0813589848546869,2.68857142857143,2,1.84261972984036,2020.69051826902,73,372.66,204.721689199394,860,130431,0.448188066172776
"157","sbm","1","1",350,6372,1,350,11,66,36.4114285714286,11,8.47780692893625,0.305297310555997,0.00143511786189091,0.25791076701309,3,0.00474643885001737,0.159630633183155,0.0232935966680681,42.9302530755521,0.528680083250712,0.0847810069586574,3,3,2.00052394596807,1670.13269849845,7,114.291428571429,81.1108102328863,373,40002,0.469865154580613
"158","sbm","1","1",350,4173,1,350,4,56,23.8457142857143,4,1.74544377272776,0.0909144187446141,0.00114327204619434,0.356195520264267,4,0.0111382885888581,0.263616496497059,0.0234193429465637,42.6997462004684,0.684402794826612,0.0921326238231682,3.89428571428571,3,2.51993450675399,1272.35076530576,0,107.185714285714,134.21083068542,446,37515,0.808636898415414
"159","sbm","1","1",350,35427,1,350,165,255,202.44,165,161.602468315518,0.911878909311441,0.00202175192581023,0,2,0.000736865688210733,0.588961242759128,0.00488894619440043,204.543056977259,0.201835761069483,0.150601719197708,2,2,1.41994269340974,2895.57030577148,8176,12144.12,2401.92074582538,18907,4250442,-0.081826939261143
"160","sbm","1","1",350,19759,1,350,10,193,112.908571428571,10,9.83186580134958,0.860045313190094,0.00172678060981253,0.0159027522088558,3,0.00387347893201522,0.63625360597995,0.00629062713731076,158.96666233305,0.407211447260936,0.229488334015555,2.4,2,1.68707327056897,1973.80727679598,25,5702.92285714286,4530.45979908956,11515,1996023,-0.0785206385255045
"161","sbm","1","1",350,23894,1,350,14,223,136.537142857143,14,13.6934814562558,0.704571047300655,0.00181144110466544,0.0364493406255408,3,0.00390201471777313,0.837716793859018,0.00504793162861179,198.100939864553,0.391677356958706,0.247744576340565,2.4,2,1.62600081866558,1657.96307393619,40,11087.1171428571,8929.17045181605,20165,3880491,0.244094867570386
"162","sbm","1","1",350,23955,1,350,8,229,136.885714285714,8,7.97955221991787,0.886436568149416,0.00180940965081099,7.16059441620337e-05,3,0.00482209239123006,0.882143926836286,0.00486687347035237,205.470720800884,0.380582801952272,0.263937781416291,2.4,2,1.64160458452722,1398.95054400984,26,12378.4628571429,10002.1213567999,21398,4332462,-0.0628449018555926
"163","sbm","1","1",350,24173,1,350,114,161,138.131428571429,114,111.075209922585,0.886363220146102,0.0017865146478594,0,2,0.000581079492692277,0.300505741293969,0.00721407856424089,138.61784164049,0.146444072528496,0.0655259926320098,2,2,1.60420794105608,2538.56016057656,1713,2856.18,555.475540766364,4459,999663,-0.000390335109340833
"164","sbm","1","1",350,37560,1,350,137,268,214.628571428571,137,135.53898366327,0.786306456486609,0.00208404129638708,0.0869632624010316,2,0.000568315115633398,0.67915167436922,0.00445504225076015,224.464762332921,0.207494262518321,0.152926729431027,2,2,1.38501841997544,2642.35056608311,5612,16169.9571428571,6783.57190067905,24234,5659485,0.188748800786604
"165","sbm","1","1",350,25748,1,350,77,208,147.131428571429,77,76.5979006245915,0.88985972049584,0.0018247829096151,0,2,0.00176016666202146,0.454352031665074,0.00641799306373949,155.811947764453,0.267379193425179,0.174408514121981,2,2,1.57841997544003,2686.56402044842,1585,5250.79714285714,2216.04100033778,9489,1837779,-0.342266012642659
"166","sbm","1","1",350,26079,1,350,80,235,149.022857142857,80,78.9930059280894,0.877736434601563,0.00183940906836413,0,2,0.00245225530011238,0.523212730185086,0.00601658227525384,166.207317418893,0.340436352508995,0.246352844862874,2,2,1.57300040933279,2644.0454346284,1938,6505.75714285714,4075.12650755768,13469,2277015,-0.109776951169626
"167","sbm","1","1",350,13005,1,350,44,109,74.3142857142857,44,1.57411942673952,0.0203445799358465,0.00141985140279734,0.489537017451514,3,0.00827071624087179,0.501429772076922,0.0108723411871337,91.976510191144,0.653722951432292,0.0993860008186656,3,3,2.02421612771183,2002.41858276967,247,1431.88285714286,1101.45704516399,3822,501159,0.834664063588702
"168","sbm","1","1",350,23361,1,350,31,209,133.491428571429,31,30.2791616243115,0.815143117014706,0.00179754536609342,0.03153990093322,3,0.00255138422304624,0.639991293493889,0.00581770597017303,171.889058183231,0.367415980439887,0.216356938190749,2.02857142857143,2,1.61758493655342,2242.35598824513,197,7216.31142857143,5443.6021723185,13771,2525709,0.122029555242026
"169","sbm","1","1",350,14664,1,350,10,150,83.7942857142857,10,5.29888358091772,0.194480022635962,0.00158227608569155,0.127946823540897,3,0.00622311135151458,0.570437381845536,0.00797081972273893,125.457610984129,0.479129858437329,0.189701187065084,3,3,1.83246827670896,1904.5905770115,2,2799.31714285714,2312.150383885,6360,979761,0.752727185431232
"170","sbm","1","1",350,35519,1,350,155,253,202.965714285714,155,154.469547016302,0.928278438728718,0.00202600653575679,0,2,0.000631953162921673,0.532425829228486,0.00486573818377264,205.518661759283,0.179804975250807,0.143364715513713,2,2,1.41843634875154,2437.93198884642,6219,11106.5914285714,2978.36441652697,17651,3887307,-0.454561799832545
"171","sbm","1","1",350,34542,1,350,103,262,197.382857142857,103,101.318591746471,0.770592708309004,0.00202403266116493,0.0819556123216062,2,0.000909015368223368,0.6997552117871,0.00459040515161906,217.845694872335,0.260102960615285,0.185149406467458,2,2,1.43443307408923,2469.82293624853,2750,14764.3371428571,8504.62066086133,23931,5167518,0.204433062946046
"172","sbm","1","1",350,28664,1,350,87,215,163.794285714286,87,10.2683058742894,0.0795946779519954,0.00188735662071246,0.347989853876093,2,0.00241848529072405,0.874832312868234,0.00500195521772033,199.921821862243,0.400299937125946,0.146721244371674,2,2,1.53067539909947,1646.84349082969,2414,12722.1514285714,7671.48986941554,20406,4452753,0.90935754165312
"173","sbm","1","1",350,14118,1,350,6,138,80.6742857142857,6,5.84677568791845,0.765149569307185,0.00159840241952427,0.0196044611622586,3,0.00447241289663058,0.455530133369734,0.00883685304971119,113.162456631853,0.43235092750532,0.164257060990585,2.42857142857143,2,1.8138354482194,1981.89983607617,3,2040.44571428571,1647.28009256117,4470,714156,0.120505247803729
"174","sbm","1","1",350,14580,1,350,23,135,83.3142857142857,23,22.1239601725217,0.49798432376859,0.00163177604524911,0.145704412625296,3,0.0026502343392876,0.397312831934807,0.00952882988644158,104.944679663437,0.422334879654257,0.148096602537863,2.21428571428571,2,1.76243962341384,2200.88535180115,41,1637.05714285714,1255.61958684492,3640,572970,0.446181797563772
"175","sbm","1","1",350,10945,1,350,29,120,62.5428571428571,29,28.0060360493519,0.78140173085586,0.00157572980919648,0.0398108111887149,3,0.00566421298633171,0.226213584724725,0.0140206826373788,71.3232034319088,0.471504894618051,0.164633647155137,2.08571428571429,2,1.8211215718379,2090.77394990465,100,501.445714285714,352.088531083924,1565,175506,-0.0820057469414257
"176","sbm","1","1",350,30161,1,350,86,239,172.348571428571,86,85.5385775061925,0.902365630365658,0.0019230125415509,0,2,0.0015130576950619,0.567248966832633,0.00534160906025406,187.209507232721,0.252368458310852,0.19097830536226,2,2,1.5061645517806,2650.1451787408,2496,9249.34285714286,4485.72713289222,15468,3237270,-0.28807324193057
"177","sbm","1","1",350,29484,1,350,116,230,168.48,116,115.004409988391,0.906265422691857,0.00189517636786074,0,2,0.00158375532446671,0.45778836629931,0.00579512769081426,172.55875165358,0.228261503740537,0.176275071633238,2,2,1.51724928366762,2666.36495779957,3293,6679.23428571429,1863.69164166468,11385,2337732,-0.410149280704106
"178","sbm","1","1",350,19023,1,350,72,148,108.702857142857,72,70.1035843242432,0.82878309189209,0.00169834896801284,0.0650682864170305,2,0.00150050243886281,0.326519509153119,0.00895519504725944,111.667026203525,0.280587454080842,0.112599263200982,2,2,1.68853049529267,2641.67647592896,797,1958.24571428571,684.021436996662,3618,685386,0.103595229401967
"179","sbm","1","1",350,10641,1,350,4,112,60.8057142857143,4,3.51664087163256,0.207877375444378,0.00142676164405983,0.113188746628228,4,0.00927823099480092,0.416674658773371,0.0108670499053983,92.0212945284482,0.487606200882275,0.14668849774867,3.04285714285714,3,2.0370855505526,1787.71682995021,0,1092.36857142857,913.878935657272,2532,382329,0.694312835286418
"180","sbm","1","1",350,25459,1,350,23,233,145.48,23,22.8312802506803,0.867231404187049,0.00185321158972452,0.00471511708375282,3,0.00336438949332123,0.769050094343666,0.00505641371735556,197.768627311411,0.361662380017901,0.250773638968481,2.10857142857143,2,1.58356119525174,1916.78084271026,200,11022.1028571429,8554.44368518661,19811,3857736,-0.0209284839100115
"181","sbm","1","1",350,5938,1,350,17,48,33.9314285714286,17,15.9720785482937,0.685708725477805,0.00146433180730284,0.0265021308659221,3,0.00281586644284865,0.079312752481173,0.0287612579359006,34.7689938398616,0.324230592963021,0.0403110929185428,3,3,1.95767498976668,1656.95959928601,8,45.4371428571429,17.7253899082851,108,15903,-0.0316362167467824
"182","sbm","1","1",350,18083,1,350,58,164,103.331428571429,58,56.468530334102,0.838327163376318,0.00168652316229874,0.0363685669105366,2,0.00294421587082375,0.354202365404759,0.00880870250782635,113.524097233562,0.365927261931318,0.173835448219402,2,2,1.70392140810479,2523.21428613095,498,2051.13428571429,1281.33785819511,4591,717897,0.040130438376416
"183","sbm","1","1",350,35861,1,350,168,241,204.92,168,165.242107210714,0.915099204287589,0.00203030291667578,0,2,0.000503553447631499,0.589180017410735,0.0048519029552075,206.10469937918,0.144332375398354,0.103381088825215,2,2,1.41283667621777,2893.84923453267,8524,12389.3228571429,1812.99844130839,16807,4336263,-0.116908920220831
"184","sbm","1","1",350,13905,1,350,4,141,79.4571428571429,4,3.89394974628883,0.789485403536379,0.00157418178062169,0.00769977247105335,3,0.00654339460205639,0.494859586621237,0.00850323412176088,117.602312917725,0.443143833577693,0.176340564879247,2.50571428571429,2,1.85434302087597,1825.39369547277,3,2293.11428571429,1877.44913469766,4957,802590,-0.0126319588081194
"185","sbm","1","1",350,4184,1,350,6,44,23.9085714285714,6,5.71232392207911,0.623727090297878,0.00135341345921868,0.134112779175151,3,0.0076754539041371,0.0805266325060632,0.0370830150137622,26.9665236127343,0.447970460639373,0.0575685632419157,3,3,2.1250593532542,1375.78729129667,1,25.2342857142857,17.3674916634588,80,8832,-0.139820732781298
"186","sbm","1","1",350,26473,1,350,86,247,151.274285714286,86,85.810248955565,0.914765838997756,0.00185279506856593,0.000108463698800916,2,0.00274656739950254,0.405328515392062,0.00601306650543415,166.304496897927,0.308658068800879,0.274285714285714,2,2,1.5665493246009,2109.89279851492,1885,5346.43714285714,3317.90665618131,11804,1871253,-0.666770307564437
"187","sbm","1","1",350,13100,1,350,24,122,74.8571428571429,24,23.3466382096505,0.802715347735262,0.00160752757983641,0.0417365159372997,3,0.00325189972392587,0.274641997212014,0.0117008901821837,85.4635830633337,0.380102964286568,0.135079819893573,2.13428571428571,2,1.78606631191158,2226.19772600805,66,866.88,544.765428765651,1997,303408,0.0102610702797119
"188","sbm","1","1",350,30965,1,350,112,252,176.942857142857,112,110.486199807291,0.887235252418108,0.001934175569443,0.0400647105542479,2,0.00132961065409198,0.581900815937925,0.0052809515904302,189.359811934678,0.300928662353149,0.215063446582071,2,2,1.49300040933279,2729.90703811439,3455,9649.77428571429,5228.25248521852,18249,3377421,0.0738613570860061
"189","sbm","1","1",350,13150,1,350,46,121,75.1428571428571,46,45.34898516474,0.827719865376106,0.00158566635350304,0.000186496841070473,3,0.00523915291327034,0.0446160271954148,0.0128669148925304,77.7187078917049,0.308514290912473,0.131395824805567,2.94285714285714,2,1.80882521489971,2006.5522639101,35,131.845714285714,91.6417227799263,500,46146,-0.835414501908145
"190","sbm","1","1",350,28941,1,350,81,284,165.377142857143,81,80.8665369111161,0.923300374834298,0.00192757355486869,6.29502934293687e-05,2,0.00294958855584231,0.578709753690616,0.00514688589098021,194.292242179388,0.340239661393574,0.339893573475235,2,2,1.52613999181334,2051.75249589269,2812,9860.28,7097.48196410748,20808,3451098,-0.54590028631419
"191","sbm","1","1",350,13465,1,350,16,158,76.9428571428571,16,14.9074145643812,0.31063735034683,0.00160779009479868,0.234946855796043,3,0.00380687682236797,0.824562132665734,0.00718696894583613,139.140715305214,0.56989380890061,0.232255423659435,2.59714285714286,2,1.80307818256242,1454.72542931336,12,3854.50285714286,4657.58536181256,9706,1349076,0.666198730975786
"192","sbm","1","1",350,8748,1,350,19,91,49.9885714285714,19,3.14898778511414,0.0638904655404242,0.00141364484235436,0.442503390676377,3,0.00724632873428336,0.431318282826525,0.0132984571501364,75.1966930231259,0.655366148550166,0.117511256651658,3,3,2.03115841178878,1749.07069690095,20,637.191428571429,711.159044620684,2146,223017,0.867307059875893
"193","sbm","1","1",350,14432,1,350,41,121,82.4685714285714,41,30.4956219260848,0.461666658631444,0.00162687938139136,0.205290420673786,2,0.00193151096676054,0.31808490521439,0.0107988346316239,92.6025848262872,0.385225116990925,0.110405239459681,2,2,1.76370036839951,2307.4817531377,162,1153.44857142857,719.320215096233,2468,403707,0.458895801720554
"194","sbm","1","1",350,31714,1,350,99,235,181.222857142857,99,61.0269031262024,0.414506082177518,0.00195198554677208,0.228185043369162,2,0.000874382764999469,0.725792006069904,0.00490421081109232,203.90640584581,0.306501609965468,0.154089234547687,2,2,1.4807367990176,2225.54936828493,2268,12725.22,7674.41414581903,20607,4453827,0.56322507316439
"195","sbm","1","1",350,7038,1,350,28,62,40.2171428571429,28,4.99220770539137,0.12571417226894,0.00140762825311389,0.411795462879585,3,0.00394943689040333,0.187326717188233,0.0243016106510665,41.1495359035437,0.431177361742416,0.0624150634465821,3,3,2.03829717560377,1747.16580718272,50,150.574285714286,46.3829076490594,318,52701,0.0309425075090957
"196","sbm","1","1",350,28449,1,350,90,267,162.565714285714,90,89.1863792931703,0.902046599031078,0.00189904337262135,0,2,0.00290132363985997,0.55227569002484,0.00545727006776891,183.241801776695,0.326815082493853,0.299238641015145,2,2,1.53419566107245,2459.85761637801,2947,8493.59142857143,5290.65064505906,17247,2972757,-0.383279825454097
"197","sbm","1","1",350,39480,1,350,160,276,225.6,160,159.405868922206,0.93680425307403,0.00212979322665431,0,2,0.000625200005489719,0.640516892437695,0.00434294623375336,230.258434292371,0.160011466394641,0.144412607449857,2,2,1.35358166189112,2499.52192260202,8671,16674.1114285714,4631.71694809404,23893,5835939,-0.3738091068103
"198","sbm","1","1",350,34051,1,350,166,227,194.577142857143,166,146.909362617538,0.77030107993765,0.00198709196875368,0.104414930310079,2,0.00045299995505006,0.56392311662522,0.00512709004278223,195.042410344982,0.145301101233696,0.0929021694637741,2,2,1.44247237003684,2892.40033311954,7684,10645.08,1033.87544177805,14478,3725778,0.0198556443776933
"199","sbm","1","1",350,15882,1,350,61,124,90.7542857142857,61,59.8343301219428,0.837428263252118,0.00164758984084435,0.00202475104417685,2,0.00212388577891116,0.194246204150211,0.0108471064873936,92.1904842699009,0.233520825920448,0.0952599263200982,2,2,1.73995906672124,2370.40482360855,375,808.611428571429,180.89186209333,1504,283014,-0.455490411812716
"200","sbm","1","1",350,13023,1,350,41,116,74.4171428571429,41,40.3822910581731,0.816701449792362,0.00160485207876438,0.00138482922808841,3,0.0038752237500292,0.120774834319771,0.0129437067490777,77.2576217451198,0.291322518515836,0.119148587801883,2.07142857142857,2,1.78701596397871,2126.62301753805,111,350.631428571429,154.955039733877,840,122721,-0.68482518441308
"201","sbm","1","1",350,18439,1,350,66,154,105.365714285714,66,64.6773944060792,0.846697535558123,0.00169044579956084,0.00184149275957282,2,0.00251699874495168,0.312323978287378,0.00909171126805732,109.990294512914,0.300413756097023,0.139353254195661,2,2,1.69809250920999,2560.5837936749,779,1814.90571428571,696.248218197082,3672,635217,-0.296881870505992
"202","sbm","1","1",350,10478,1,350,2,151,59.8742857142857,2,1.9812609910051,0.80018923745233,0.00142813987007653,0.00930251482477889,3,0.0130931049531399,0.810859394906914,0.0076709711539912,130.361590459078,0.598444770009115,0.261105198526402,2.60571428571429,2,2.0902169463774,1021.02272886041,1,3154.95428571429,3850.84373118805,8884,1104234,-0.0783016692317416
"203","sbm","1","1",350,29516,1,350,76,299,168.662857142857,76,75.8897449152147,0.926174073221578,0.00194866758034384,0.000139769057430479,2,0.00315840196426827,0.626406613242378,0.00494150086052689,202.367666873861,0.351604197147809,0.373458862054851,2,2,1.51672533769955,2013.17874605597,2757,11350.8171428571,8545.22964566351,23867,3972786,-0.515119535849511
"204","sbm","1","1",350,22914,1,350,94,162,130.937142857143,94,92.5975704965345,0.881548721041645,0.00176439174536408,0,2,0.00108692540089329,0.301628517803671,0.00757893882443721,131.944593189701,0.172398409693051,0.0890053213262382,2,2,1.62482194023741,2577.55741634858,1416,2591.07428571429,413.37280006033,3847,906876,-0.338353674052277
"205","sbm","1","1",350,20405,1,350,84,155,116.6,84,37.1720840918897,0.308330374234508,0.00172208563547384,0.342693987550918,2,0.00144873048872123,0.502795592559461,0.00793881831221744,125.963331149807,0.419113074169702,0.110028653295129,2,2,1.66590257879656,2352.59727109856,1205,3491.20285714286,2160.35757453449,7185,1221921,0.595165912508019
"206","sbm","1","1",350,30789,1,350,103,229,175.937142857143,103,71.1626427306658,0.486825472797316,0.00192851297573125,0.204670261958595,2,0.000918956016401348,0.656662641348716,0.00517360046533968,193.288988335968,0.294794690695854,0.152042570609906,2,2,1.49588211215718,2446.53278450399,2285,10731.0514285714,6056.47261687462,17824,3755868,0.481540678682584
"207","sbm","1","1",350,11636,1,350,9,146,66.4914285714286,9,4.77236165846064,0.135900933523722,0.00148519034348938,0.224591451022484,3,0.00538788821141572,0.92343953220785,0.00728688320788377,137.232884275967,0.59859356164743,0.227818256242325,3,3,1.96702415063447,1136.9968077307,0,3694.04571428571,4518.31651499863,9477,1292916,0.848971110424097
"208","sbm","1","1",350,9012,1,350,5,124,51.4971428571429,5,4.96304455174997,0.780620848408463,0.00151648889457387,0.0398110934692984,3,0.00841205849076626,0.380168747216976,0.0118031769504983,84.7229524893112,0.57552900599803,0.207744576340565,2.60571428571429,2,1.90539500613999,1518.33123402468,7,848.888571428571,964.401253824902,2889,297111,-0.235412590899958
"209","sbm","1","1",350,20261,1,350,83,141,115.777142857143,83,17.5791193162521,0.148387827677333,0.00171826006617429,0.418234730854448,2,0.00158001359078263,0.566022247216545,0.00827964940975855,120.778060822404,0.432436839831828,0.0722717969709374,2,2,1.66826033565289,2215.05465584534,1535,3800.22,1634.79340024664,6890,1330077,0.541498498810522
"210","sbm","1","1",350,16579,1,350,64,128,94.7371428571429,64,62.2706171775094,0.83101844051941,0.00165862202275677,0.00523923277176231,2,0.00173142681144487,0.271142824824674,0.010348137369257,96.6357484749744,0.252959435186476,0.095309046254605,2,2,1.72854686860418,2513.10040694497,598,1232.78571428571,341.246261894034,2207,431475,-0.216366470245772
"211","sbm","1","1",350,34558,1,350,137,245,197.474285714286,137,136.109564353868,0.915741829435005,0.00200617604477487,0,2,0.000882712420928107,0.575368032122295,0.00495587126229451,201.780866990684,0.17888165277013,0.136176831764224,2,2,1.4341711011052,2779.32465940462,5841,11465.5971428571,3105.41959947718,16856,4012959,-0.276245674848495
"212","sbm","1","1",350,25365,1,350,91,187,144.942857142857,91,79.0670193782894,0.620952416331805,0.00181248954127673,0.157902763939797,2,0.000880967675027156,0.474090827127467,0.00656815851730195,152.249675059727,0.274320617655981,0.12050757265657,2,2,1.5846909537454,2714.86526305652,1539,5123.12571428571,2273.06146160182,8911,1793094,0.32973474228755
"213","sbm","1","1",350,25217,1,350,126,165,144.097142857143,126,22.6981385312777,0.160348747067899,0.00180575187513093,0.395639545851105,2,0.00113724409980876,0.648323742921149,0.00687666728491147,145.419279218898,0.224870550607243,0.0598935734752354,2,2,1.58711420384773,2179.37900765201,5085,6705.07714285714,568.294217649769,7958,2346777,0.349221418632359
"214","sbm","1","1",350,6612,1,350,3,97,37.7828571428571,3,2.88037002428452,0.712870230497314,0.00138382668120704,0.0339583930334002,3,0.0117419945306045,0.359129730717998,0.0143325856749351,69.7710812745258,0.608078872414984,0.169676627097831,2.96571428571429,2,2.10881702824396,1315.67475156454,0,471.428571428571,569.669696974702,1650,165000,-0.0866053731822145
"215","sbm","1","1",350,27969,1,350,139,183,159.822857142857,139,135.477078485188,0.90328905974954,0.00185849916911667,0,2,0.000426590742713736,0.352621990812437,0.00624269976877756,160.187104464231,0.128406799739598,0.0664101514531314,2,2,1.54205485059353,2505.78593194792,2878,4485.67714285714,799.306096835752,6658,1569987,-0.00535108883523961
"216","sbm","1","1",350,12139,1,350,39,100,69.3657142857143,39,37.765866954324,0.789147843324792,0.00159130249228376,0.0631418427027823,3,0.00212407004886827,0.206934564105925,0.014001669292885,71.4200556435191,0.321513594265928,0.0877773229635694,2.00571428571429,2,1.80126074498567,2260.07401426288,163,505.234285714286,169.927532072837,1097,176832,0.00181361161648756
"217","sbm","1","1",350,17557,1,350,77,132,100.325714285714,77,74.4316325543556,0.836020090801898,0.00167348174591177,0.00385329033937189,2,0.0015210304757294,0.274753764918313,0.00989833409226393,101.027101194892,0.240437861368409,0.0907572656569791,2,2,1.71253376995497,2564.53335761051,795,1378.59428571429,240.327942066725,2428,482508,-0.00477521992250368
"218","sbm","1","1",350,14520,0,349,0,156,82.9714285714286,0,4.42455591046977e-14,4.44089209850063e-16,-1,0.00298773089649306,4,0.0101809982344574,0.597061775027614,0.00758571931533589,131.826654590069,0.461084134230271,0.209250920998772,3.05714285714286,0,1.9204624049007,1602.06125073709,0,3241.75714285714,2679.5589554749,6980,1134615,-0.0215630808482793
"219","sbm","1","1",350,26589,1,350,57,221,151.937142857143,57,55.8740712202031,0.654998641225191,0.00185375930143561,0.106816407848221,2,0.00141826617708119,0.647233082764679,0.00548564000736067,182.294134988478,0.339495890995812,0.19788784281621,2,2,1.56465002046664,2393.54375682835,602,8643.15428571428,6155.65096533854,15783,3025104,0.317050160797697
"220","sbm","1","1",350,19609,1,350,83,140,112.051428571429,83,80.824503320778,0.851411696490824,0.00170716112315145,0.00712369243099557,2,0.00119914427059198,0.320583700711321,0.008853221876847,112.953229221015,0.191597296464442,0.0800818665575113,2,2,1.67893573475235,2682.20249627628,1087,2011.61142857143,354.559152214629,3040,704064,-0.064904658757068
"221","sbm","1","1",350,17069,1,350,45,164,97.5371428571429,45,44.0396339021427,0.734924217461111,0.00167149647529404,0.114896557623888,2,0.00273338263013514,0.390426119164739,0.0087810140157037,113.88206398619,0.440293399919454,0.190437986082685,2,2,1.72052394596807,2405.24817932719,316,2089.49142857143,1724.60980635244,5430,731322,0.211922913490174
"222","sbm","1","1",350,3271,1,350,7,33,18.6914285714286,7,6.52104375941228,0.570886622286443,0.00124117426818417,0.0678927525279124,4,0.0069956740190089,0.0418403884828567,0.0507394410853687,19.7085340044938,0.47107531039993,0.0409987720016373,3.03142857142857,3,2.31250102333197,1251.40917726655,0,7.31142857142857,4.47887569220558,27,2559,-0.0375560387291232
"223","sbm","1","1",350,9203,1,350,4,128,52.5885714285714,4,3.85819276881054,0.728023014212774,0.00145295499705096,0.020100859542126,3,0.0127054734949942,0.545048964598201,0.0099773278991772,100.227236200433,0.600309550779073,0.216078591895211,2.61714285714286,2,2.01339336880884,1407.46349603505,2,1421.01428571429,1709.472603307,4604,497355,-0.00317373432769308
"224","sbm","1","1",350,23824,1,350,104,168,136.137142857143,104,101.326011922884,0.873544898212731,0.0017805429182383,0.0202801642873799,2,0.000891492893195404,0.392069969730684,0.00729200162147565,137.136557547506,0.194308914883597,0.0912975849365534,2,2,1.60992222677036,2829.59335873877,2149,3632.68285714286,620.992268631059,5486,1271439,0.0143957845098411
"225","sbm","1","1",350,12441,1,350,44,98,71.0914285714286,44,26.4133647078398,0.362257219376497,0.00159560265891834,0.310986909737149,3,0.00185361026226353,0.274411411203051,0.0134180003425607,74.5267532024197,0.404495828394372,0.0771019238641015,2.00857142857143,2,1.7963323782235,2201.83589577602,183,700.594285714286,359.181887934997,1595,245208,0.373986051010433
"226","sbm","1","1",350,20813,1,350,80,156,118.931428571429,80,78.640404484918,0.860809320596561,0.00172821055636879,0.00209592310136783,2,0.00149751536834291,0.335285748873953,0.00828556676970603,120.691803927793,0.223642264868064,0.106213671715104,2,2,1.65922226770364,2680.76779858993,1095,2393.73428571429,579.257909531859,3994,837807,-0.244336753217932
"227","sbm","1","1",350,13049,1,350,54,97,74.5657142857143,54,50.7954991099025,0.805897623280674,0.00160433561792209,0.0569558843330263,2,0.00152709183329999,0.213811744328321,0.0132296599442765,75.587732731757,0.234824606578469,0.0642816209578387,2,2,1.78634465820712,2338.03908360077,298,594.634285714286,139.20646154448,997,208122,-0.0192411946670286
"228","sbm","1","1",350,4639,0,348,0,77,26.5085714285714,0,-3.6672054689117e-15,1.88737914186277e-15,-1,0.0418184979675722,5,0.0142643631026015,0.289967979401182,0.0189573206378671,52.750070492689,0.666079466494966,0.144674580433893,3.62285714285714,0,2.3003246215509,1077.25805198292,0,200.777142857143,251.397450237831,894,70272,-0.0990692134947459
"229","sbm","1","1",350,15501,1,350,61,123,88.5771428571429,61,59.4989662612437,0.847309640210588,0.00164053509098435,0.000850943267045903,3,0.00204248858646921,0.0778184492756102,0.0110648739220283,90.376086256995,0.222484406575235,0.098632828489562,2.33142857142857,2,1.74783462955383,2180.49973109558,109,311.965714285714,96.7702739850351,593,109188,-0.731659153873544
"230","sbm","1","1",350,3420,0,144,0,61,19.5428571428571,0,-1.20167504420624e-14,-1.03250065537273e-15,-1,0.0392378851612462,5,0.00736359335609303,0.344722869119702,0.0205039857625097,48.7710053831796,0.686999227360787,0.118788374948833,2.28,0,1.74930174323413,788.627445779399,0,158.597142857143,203.320629798951,622,55509,0.495245882651111
"231","sbm","1","1",350,16132,1,350,50,145,92.1828571428571,50,49.5131106434693,0.844680389688797,0.00165441173029429,0,2,0.00351620528149017,0.191008924272273,0.0102474303904268,97.58543965658,0.296986745893861,0.151338518215309,2,2,1.73586573884568,2215.27975523665,265,880.654285714286,466.870527350172,2104,308229,-0.693111548578913
"232","sbm","1","1",350,12559,1,350,26,123,71.7657142857143,26,6.66991230778399,0.13354026065421,0.00156892910983893,0.288721435794465,3,0.00398850613106109,0.390936069212497,0.0108612995378042,92.0700139536127,0.511212598716985,0.146803110929185,2.97428571428571,2,1.83106017191977,2075.54967625971,62,1146.84,845.737824129513,2951,401394,0.792315486697503
"233","sbm","1","1",350,6554,1,350,13,81,37.4514285714286,13,12.184325547674,0.691976540036207,0.00148593142076006,0.0765009993268291,3,0.00760762243600018,0.136696661616807,0.0232600585502356,42.9921531727989,0.554243258183512,0.124781006958657,2.89428571428571,2,1.93116659844454,1693.07560151122,9,106.988571428571,82.4880985473953,446,37446,0.0190963173177479
"234","sbm","1","1",350,25728,1,350,120,175,147.017142857143,120,23.0598939665102,0.163607193620161,0.00181605231221857,0.384934413244528,2,0.00128653704956662,0.655278554068069,0.0065961691794693,151.603146127986,0.310405741714895,0.0801801064265248,2,2,1.57874744167008,2200.77686090715,5139,7094.58857142857,997.997066843261,9734,2483106,0.604554695418323
"235","sbm","1","1",350,21268,1,350,46,180,121.531428571429,46,44.0785765060432,0.808757408977141,0.00174779079387497,0.0458262490171288,2,0.00195031601869871,0.495917215390573,0.00692096449578119,144.488531997176,0.343294230541322,0.167531723291036,2,2,1.65177241097012,2462.87646989908,357,4269.85714285714,2941.83665749162,8210,1494450,0.134261477008669
"236","sbm","1","1",350,24833,1,350,84,218,141.902857142857,84,82.8814862414731,0.882323785497435,0.00181059138406334,0,2,0.0027143015047584,0.450537393431754,0.00653316438141911,153.065182753412,0.304198800093101,0.218043389275481,2,2,1.59340155546459,2643.65634563657,1864,4962.70285714286,2506.98611454109,9720,1736946,-0.304154963674611
"237","sbm","1","1",350,12678,1,350,37,116,72.4457142857143,37,16.940368204582,0.228452359725732,0.00160031851396182,0.378503938899813,3,0.00256222366806903,0.419609422428457,0.0109816623624005,91.0608946987706,0.563979406962255,0.12479738027016,2.11428571428571,2,1.79292672943103,2066.071832375,143,1196.74285714286,1136.79145426016,3285,418860,0.699086150199484
"238","sbm","1","1",350,14548,1,350,38,117,83.1314285714286,38,0.949123769390107,0.0139067770668644,0.00139188706274838,0.388755645415338,3,0.0125297725529247,0.463573201532158,0.00987635035811141,101.251977070528,0.481284469599732,0.0970446172738436,3,3,2.07209169054441,2130.07323407668,291,1705.41428571429,936.692034916871,3276,596895,0.88074541275721
"239","sbm","1","1",350,16372,1,350,61,130,93.5542857142857,61,59.1354546105332,0.827398254808734,0.00165531101769532,0.00969741785314072,2,0.00224790458468046,0.272052391605577,0.0104740515164237,95.4740387167246,0.268276068715346,0.104428980761359,2,2,1.73193614408514,2519.17383398551,482,1204.93714285714,332.111024248433,2241,421728,-0.129606610124788
"240","sbm","1","1",350,42177,1,350,178,291,241.011428571429,178,176.137969911911,0.935558735890754,0.00220120010784189,0,2,0.000505155223391135,0.707270703926091,0.00407454075891219,245.426431877682,0.157308538696448,0.143233729021695,2,2,1.30942284076955,2629.91038561561,11987,20902.4742857143,5160.95130700917,29065,7315866,-0.207036821360441
"241","sbm","1","1",350,4513,0,349,0,67,25.7885714285714,0,8.91647866652074e-15,-8.88178423742235e-16,-1,0.235811638819318,6,0.0204033479288011,0.341981132075472,0.0190690455790476,52.4410094807662,0.681362351669751,0.118084322554237,4.58857142857143,0,2.61624345420413,1207.38458287293,0,198.857142857143,251.763879789374,799,69600,0.760308717835917
"242","sbm","1","1",350,18657,1,350,76,153,106.611428571429,76,73.6602477181235,0.845518454134243,0.00169214529208238,0.00241614624075605,2,0.00224119158157938,0.302448232246107,0.00921278167131875,108.544849501123,0.288692424874191,0.132918542775276,2,2,1.6945231273025,2607.77456642851,912,1740.07714285714,439.407085918214,3358,609027,-0.221212611497154
"243","sbm","1","1",350,2761,1,350,4,36,15.7771428571429,4,3.10138246477065,0.508846815144357,0.00118433711338528,0.156918996825578,4,0.0152957558505097,0.0561346226296622,0.0537329838190009,18.6105428905361,0.57542150116639,0.0579451494064675,3.39428571428571,3,2.43218993041343,1133.96233175323,0,7.66285714285714,6.79756764664872,30,2682,0.0806018422808989
"244","sbm","1","1",350,31869,1,350,116,258,182.108571428571,116,114.139649100285,0.88506916168275,0.00195646102397599,0.0400972526929928,2,0.00126398908024231,0.607152048481494,0.00509837152431632,196.141060970267,0.294942969224153,0.2174539500614,2,2,1.47819893573475,2688.80049228855,3797,10730.8885714286,6064.42958071166,19841,3755811,0.0743899479539005
"245","sbm","1","1",350,21646,1,350,51,181,123.691428571429,51,47.7327976243267,0.541420289550877,0.00175084928732396,0.159061633332957,2,0.00207822344447969,0.507872918401716,0.0069231176504039,144.443594706448,0.366397037123025,0.164207941056079,2,2,1.64558329922227,2469.29335867519,320,4326.24,2990.26208079868,8609,1514184,0.414810436120296
"246","sbm","1","1",350,22577,1,350,42,190,129.011428571429,42,13.2388437517364,0.15675071337058,0.0017729250628614,0.264867180880462,2,0.00288393152813315,0.718577392326915,0.00595190792078952,168.013351904703,0.417953547060467,0.174752353663528,2,2,1.63033974621367,2082.20801971438,271,6983.54571428571,5215.13376213209,12978,2444241,0.819940626875112
"247","sbm","1","1",350,7081,1,350,18,63,40.4628571428571,18,17.3313026815304,0.722951976241455,0.00151225168986244,0.0238804966701509,3,0.00379129065649835,0.102651375700701,0.0240625798199437,41.5583037015496,0.354253218909517,0.0645763405648793,2.90857142857143,2,1.89512893982808,1790.89891040248,14,84.4457142857143,28.9589408263895,222,29556,-0.15185698654154
"248","sbm","1","1",350,10783,1,350,38,87,61.6171428571429,38,37.0150679348293,0.791684950803168,0.00155946561001017,0.00580470946290934,3,0.00200449528250863,0.0676680337426639,0.015895812201612,62.909651128024,0.239569230317331,0.0727302496930004,2.88571428571429,2,1.83803520261973,2027.81435161092,42,130.157142857143,43.6288841635977,276,45555,-0.546172621952789
"249","sbm","1","1",350,22702,1,350,45,191,129.725714285714,45,44.7404232588285,0.873385917260661,0.00177497322077273,0,2,0.00239435272187349,0.481587765151537,0.00669203912799801,149.431284078454,0.309421208920854,0.175571019238641,2,2,1.62829308227589,2509.78510720969,627,4713.36,2860.41660592071,8681,1649676,-0.218773194249548
"250","sbm","1","1",350,12085,1,350,27,105,69.0571428571429,27,26.62001737841,0.799834066488473,0.00159171817896041,0.0100590271400227,2,0.0031015806798297,0.217966028552743,0.0134582703484525,74.3037533136628,0.330917029095629,0.102988129349161,2,2,1.80212853049529,2191.17736512266,96,559.928571428571,269.526461609954,1166,195975,-0.289147853814766
