"","r","GraphName","GraphID","GraphReplicate","order","edges","connected","max_component","minDegree","maxDegree","mean_degree","minCut","FiedlerValue","Normalized_FiedlerValue","closeness_centr","modularity","diameter","betw_centr","transitivity","threshold","spectral_radius","eigen_centr","deg_centr","mean_eccentr","radius","mean_path_length","graph_energy","min_triangle","mean_triangle","sd_triangle","max_triangle","num_triangle","deg_assort_coef"
"1",0.7,"Spatial","1","1",200,14756,1,200,83,199,147.56,83,73.9035082166516,0.651110768773789,0.00404915518193539,0.0857608675164992,2,0.00252049745758266,0.828090656865924,0.00653436482834922,153.037062709067,0.232136046923905,0.258492462311558,1.98,1,1.25849246231156,693.706009054846,3204,9307.71,2982.23831589023,14557,1861542,-0.0711519895406058
"2",0.7,"Spatial","1","1",200,14733,1,200,56,197,147.33,56,54.7401118123017,0.661278860099744,0.00405184344518723,0.0723924545569247,2,0.00263274887069453,0.832630622408074,0.00650435923463295,153.743045844612,0.22563489340123,0.249597989949749,2,2,1.25964824120603,691.046107062096,1492,9387.24,3175.62112824417,14417,1877448,-0.0682484329328321
"3",0.7,"Spatial","1","1",200,14906,1,200,70,199,149.06,70,67.8575009366273,0.654465633701286,0.0040753003371617,0.0540462415492378,2,0.00278163448484517,0.835358680653254,0.00645086113221815,155.018063403288,0.222130992912685,0.250954773869347,1.99,1,1.25095477386935,692.603293595732,2361,9604.29,3120.62349714841,14707,1920858,-0.0543649936469673
"4",0.7,"Spatial","1","1",200,14132,1,200,64,196,141.32,64,61.6917786306491,0.598512265393545,0.00394953343217364,0.107369968280149,2,0.0031992000025851,0.810942948834299,0.00678720232139191,147.336111795017,0.254758765649367,0.274773869346734,2,2,1.28984924623116,713.873799723545,1970,8399.52,2823.38956803065,13706,1679904,-0.0514607816665609
"5",0.7,"Spatial","1","1",200,13923,1,200,55,195,139.23,55,53.7952338533107,0.588199128104112,0.00391526209489881,0.112258436782817,3,0.00333610920940538,0.805862000559829,0.00688058317853961,145.336517857815,0.263674554025956,0.280251256281407,2.02,2,1.30050251256281,714.44964815634,1446,8104.26,2742.51416992899,13432,1620852,-0.0331716490404724
"6",0.7,"Spatial","1","1",200,14481,1,200,82,199,144.81,82,72.3446364567409,0.633215480405381,0.00400307874229471,0.0869661567542879,2,0.00293793481531879,0.818112703440521,0.00665434059432207,150.277850348278,0.246071462887489,0.272311557788945,1.995,1,1.27231155778894,706.078940173346,3036,8861.625,2852.51789408152,14282,1772325,-0.0671081525584744
"7",0.7,"Spatial","1","1",200,14023,1,200,71,199,140.23,71,64.963834656066,0.613958198585384,0.00393431029227511,0.0934939893496859,2,0.00379185291433997,0.807745072790602,0.00683536515968988,146.297963113557,0.266171903466887,0.295326633165829,1.995,1,1.29532663316583,706.166934161752,2448,8248.83,2803.88893268513,13824,1649766,-0.0689445479264194
"8",0.7,"Spatial","1","1",200,13961,1,200,69,199,139.61,69,63.8011560582253,0.621831031323485,0.00392705163500696,0.102784255470003,2,0.00393733638271974,0.806442586276632,0.00685104540147145,145.963125537779,0.26786300233445,0.298442211055276,1.99,1,1.29844221105528,705.047372992,2343,8184.735,2831.85501374441,13762,1636947,-0.0785125138034252
"9",0.7,"Spatial","1","1",200,13961,1,200,80,196,139.61,80,66.9214560208109,0.595087114795971,0.00391842526034841,0.108623434049689,2,0.0034648344301762,0.80342882037048,0.00688812772411903,145.177331206921,0.264538967932768,0.283366834170854,2,2,1.29844221105528,717.636640012776,2997,8096.1,2652.36095643411,13489,1619220,-0.0395069666170472
"10",0.7,"Spatial","1","1",200,14122,1,200,68,196,141.22,68,64.741330854189,0.599200622529278,0.00395113128848342,0.069696705049956,3,0.00328877322656124,0.811487774834214,0.0067780930892048,147.534120118925,0.252872762700805,0.275276381909548,2.01,2,1.29040201005025,709.398145825799,2197,8415.96,2895.90758695108,13658,1683192,-0.0650256932412882
"11",0.7,"Spatial","1","1",200,14362,1,200,74,199,143.62,74,68.1173047858937,0.623182676290303,0.00398680589281955,0.0716052827130251,2,0.0032727392422463,0.81632282538659,0.00669232801175392,149.424833666801,0.250379627945453,0.278291457286432,1.995,1,1.27829145728643,704.004380537652,2645,8722.74,2879.88667811669,14163,1744548,-0.0744741678835244
"12",0.7,"Spatial","1","1",200,14678,1,200,71,198,146.78,71,66.8659677771388,0.654808444173457,0.00403545552912016,0.0953189024561982,2,0.00289323919932431,0.826484434415874,0.00655504620838877,152.554225890926,0.232422126221598,0.257386934673367,2,2,1.26241206030151,705.723424379782,2440,9204.615,2987.1980210323,14397,1840923,-0.0465845481926267
"13",0.7,"Spatial","1","1",200,14861,1,200,65,198,148.61,65,63.4994223233673,0.646106422278801,0.00406975574133503,0.0823149983784646,3,0.00251442567104835,0.8343323981533,0.00646532544959076,154.671254803314,0.222204442469496,0.248190954773869,2.01,2,1.25326633165829,699.679661228753,2031,9544.65,3139.03219209601,14598,1908930,-0.0654674397907659
"14",0.7,"Spatial","1","1",200,14859,1,200,71,199,148.59,71,68.8082387021484,0.665157092854826,0.00406753958177824,0.0775764424638646,2,0.00254043428901516,0.832702463284677,0.00647932705987179,154.337015365881,0.225570629465249,0.253316582914573,1.99,1,1.25331658291457,694.829517188769,2454,9503.475,3077.74301391025,14660,1900695,-0.0654690761154125
"15",0.7,"Spatial","1","1",200,14459,1,200,67,199,144.59,67,64.1369989086894,0.639415794133389,0.00400753497796476,0.0616112327575098,2,0.00325164066818001,0.823083446521281,0.00661866651920626,151.087835759389,0.241980627477835,0.273417085427136,1.995,1,1.27341708542714,700.764532272337,2198,8953.44,3078.73793995439,14260,1790688,-0.0751604395245379
"16",0.7,"Spatial","1","1",200,14357,1,200,75,198,143.57,75,68.3279725929045,0.639496535440322,0.00399042231948581,0.0807828128278602,2,0.00334462740488033,0.819622983439629,0.00666369713034227,150.066844341804,0.245157435880069,0.273517587939698,2,2,1.27854271356784,697.411083893015,2737,8792.19,3032.63096945283,14084,1758438,-0.0706239940245466
"17",0.7,"Spatial","1","1",200,13879,1,200,63,196,138.79,63,59.9181189022928,0.573123215265287,0.00391360698762616,0.107196010857086,2,0.00355987054603333,0.806914551518868,0.00688679791574529,145.205364268596,0.265928563713356,0.28748743718593,2,2,1.30256281407035,705.314601224998,1935,8092.425,2807.8493127643,13467,1618485,-0.0622384308172373
"18",0.7,"Spatial","1","1",200,13192,1,200,54,199,131.92,54,51.878071293124,0.542421271706949,0.0038042368668439,0.140321662388143,2,0.00574581686930684,0.784859572702759,0.00725639780785956,137.809423694616,0.309043314673658,0.337085427135678,1.995,1,1.33708542713568,708.397070282854,1431,7094.64,2417.58298260658,12993,1418928,-0.0451004174607632
"19",0.7,"Spatial","1","1",200,14039,1,200,61,197,140.39,61,57.4334949049056,0.600277175913725,0.00394116343334934,0.105560435951621,2,0.00424479307011807,0.812964217303588,0.00678136698536204,147.462893861747,0.256071223962207,0.284472361809045,2,2,1.29452261306533,710.870205820761,1819,8371.56,2999.11480347487,13688,1674312,-0.0467647492650498
"20",0.7,"Spatial","1","1",200,14332,1,200,60,199,143.32,60,59.0438761025662,0.631400832584918,0.00398251993048274,0.0847437295765682,2,0.00338846706704611,0.817709667521485,0.00668836910483674,149.513279594101,0.249932931342926,0.279798994974874,1.995,1,1.27979899497487,707.780346574912,1755,8714.52,2954.22875336968,14133,1742904,-0.0480278553830496
"21",0.7,"Spatial","1","1",200,13937,1,200,62,199,139.37,62,60.6902956257481,0.608257573089513,0.00392055388809825,0.0958705363055324,2,0.00399703109382016,0.805677634629331,0.00686887822530472,145.58417942482,0.269776871591819,0.29964824120603,1.995,1,1.29964824120603,714.672875025857,1876,8132.22,2797.20126486832,13738,1626444,-0.0535899244171738
"22",0.7,"Spatial","1","1",200,14414,1,200,79,199,144.14,79,67.3207791003227,0.618713907406205,0.00399746720431387,0.0676828655611694,2,0.00325835291750807,0.820378320663326,0.00664978347531619,150.380836265116,0.245551331994362,0.275678391959799,1.985,1,1.2756783919598,704.826622642445,2948,8851.275,2998.92645270247,14215,1770255,-0.0642405038344289
"23",0.7,"Spatial","1","1",200,15175,1,200,76,199,151.75,76,74.230669005385,0.688304770572912,0.00411978106234129,0.0578153046961723,2,0.00214356710954133,0.840340382473594,0.00636181641996186,157.187811465644,0.211172669365438,0.237437185929648,1.99,1,1.23743718592965,699.115386109813,2819,9982.395,3131.6894791701,14976,1996479,-0.0824210575182997
"24",0.7,"Spatial","1","1",200,14779,1,200,73,199,147.79,73,69.6095655437518,0.626190225173853,0.00405898948052523,0.07526829381903,2,0.00261630522801359,0.832553660972321,0.00650176358302349,153.804423558411,0.228260487078729,0.257336683417085,1.985,1,1.25733668341709,686.019521634476,2563,9428.895,3111.23488772674,14580,1885779,-0.0930571131397432
"25",0.7,"Spatial","1","1",200,14912,1,200,67,199,149.12,67,65.5354328978477,0.644376794410377,0.00407829525603285,0.079104942036917,2,0.00245750189597532,0.833643039054217,0.00645857291860588,154.832965827357,0.22306582915476,0.250653266331658,1.99,1,1.25065326633166,697.29161794692,2201,9589.275,3088.92651977965,14713,1917855,-0.0912757952591898
"26",0.7,"Spatial","1","1",200,15602,1,200,90,199,156.02,90,84.7797558807967,0.697523046335272,0.00418606353392992,0.0669738168389792,2,0.00164299942591828,0.850562414816003,0.00622655416596017,160.602473430149,0.193926901867936,0.215979899497487,1.99,1,1.21597989949749,688.280501606249,3882,10609.065,3062.39248454899,15403,2121813,-0.0745884102159151
"27",0.7,"Spatial","1","1",200,15480,1,200,71,198,154.8,71,69.5653750638767,0.662843099925588,0.00416853313366577,0.0895891339329233,2,0.00175539399411792,0.850070802898372,0.00625686475384556,159.824455113144,0.195927824971082,0.217085427135678,2,2,1.22211055276382,690.165715318153,2458,10469.37,3128.41000974061,15208,2093874,-0.0734343315484378
"28",0.7,"Spatial","1","1",200,14987,1,200,75,198,149.87,75,71.3362187502171,0.670180728301336,0.00408969156271443,0.0650631717391211,2,0.00231902798978184,0.837212755928898,0.00642080988944323,155.743592664868,0.216549113767172,0.241859296482412,2,2,1.24688442211055,698.287631947203,2691,9724.875,3163.00376596242,14714,1944975,-0.06195171483532
"29",0.7,"Spatial","1","1",200,14935,1,200,69,199,149.35,69,68.138310524071,0.658504399930174,0.00408113833135009,0.075403368844504,2,0.00238089979688622,0.833119852105873,0.00645356549779037,154.953103109032,0.222459075206911,0.249497487437186,1.995,1,1.24949748743719,697.354140239236,2329,9603.51,3088.27158892068,14736,1920702,-0.0858114448128273
"30",0.7,"Spatial","1","1",200,14566,1,200,86,198,145.66,86,73.7174584767107,0.640790475737166,0.00401964838880093,0.0689152179696391,2,0.00273036975636457,0.821845539057833,0.00660430915497421,151.416291474911,0.237996331536044,0.263015075376884,2,2,1.26804020100503,706.740069261646,3479,9024.39,2968.25697256418,14281,1804878,-0.0717141594466765
"31",0.7,"Spatial","1","1",200,14401,1,200,79,199,144.01,79,70.7407123494572,0.626795019135714,0.00399293805725484,0.0726711877754672,2,0.00308465477338314,0.817976428796506,0.00667235484957998,149.872124990917,0.248120580853956,0.276331658291457,1.995,1,1.27633165829146,701.536437953467,3053,8786.985,2918.52067655385,14202,1757397,-0.0660349914275315
"32",0.7,"Spatial","1","1",200,14630,1,200,68,198,146.3,68,66.3301258400095,0.648219037365353,0.00403038917704924,0.0760084616250749,2,0.00266145965041112,0.824577890379462,0.00657593339929883,152.06966665852,0.235010489156714,0.259798994974874,2,2,1.26482412060302,701.919401472257,2235,9134.175,2986.85609984494,14357,1826835,-0.0749009164661999
"33",0.7,"Spatial","1","1",200,14715,1,200,82,199,147.15,82,71.1666611334133,0.61211221187048,0.00404401476567769,0.096372114460628,2,0.0027209949653417,0.827995198894031,0.00654383167159311,152.815666750876,0.23325420832891,0.260552763819095,1.995,1,1.2605527638191,698.92663326313,3250,9271.41,2992.96020451812,14516,1854282,-0.0776213379390086
"34",0.7,"Spatial","1","1",200,14823,1,200,78,199,148.23,78,73.8527140914733,0.661282575357655,0.00405888133430898,0.0746358106180944,2,0.00250188142399072,0.828694198166282,0.00650857642958583,153.643428915474,0.22907359133599,0.255125628140703,1.975,1,1.2551256281407,707.862094400545,2947,9394.065,2973.75905637999,14624,1878813,-0.0684907182155341
"35",0.7,"Spatial","1","1",200,14708,1,200,73,198,147.08,73,70.2629415850151,0.648008566112254,0.00403860427630512,0.079543432338074,3,0.00247958563117327,0.824798220504704,0.00655825218037391,152.47965044598,0.23305219252813,0.255879396984925,2.01,2,1.26095477386935,714.161105802615,2600,9203.28,2922.89059816549,14437,1840656,-0.0569059007691287
"36",0.7,"Spatial","1","1",200,14447,1,200,66,199,144.47,66,63.3391265385353,0.628805022846902,0.00400133921562359,0.0920442662778841,2,0.00311380347571757,0.820705316702089,0.00664459479374969,150.498266792832,0.244958248521054,0.274020100502513,1.995,1,1.27402010050251,705.633201936849,2113,8879.535,2963.71493905451,14248,1775907,-0.0627967615991511
"37",0.7,"Spatial","1","1",200,14659,1,200,66,198,146.59,66,64.869144073332,0.643920312281577,0.00403583201399899,0.0753018081224087,2,0.002762887179686,0.827330511328884,0.00655189234930751,152.627660328652,0.232453587567597,0.258341708542714,2,2,1.26336683417085,704.787228472297,2135,9211.44,3055.17872827574,14395,1842288,-0.0612976109339083
"38",0.7,"Spatial","1","1",200,14178,1,200,83,198,141.78,83,70.6705438761738,0.608325393852202,0.00395277766914353,0.0922492172302336,2,0.00310945210565481,0.807961662678014,0.00679893536921824,147.081851156791,0.260028483281342,0.28251256281407,2,2,1.28753768844221,714.723416507854,3250,8384.505,2689.50073265089,13895,1676901,-0.0631491229894501
"39",0.7,"Spatial","1","1",200,14980,1,200,53,199,149.8,53,52.5846365063335,0.636089420099905,0.00408575608212721,0.0836754101151335,2,0.00255764260441508,0.836235458441097,0.00643607864854996,155.374111257217,0.220332771428196,0.247236180904523,1.995,1,1.24723618090452,695.438359914541,1344,9686.985,3046.31665797868,14781,1937397,-0.0650569113353123
"40",0.7,"Spatial","1","1",200,15274,1,200,68,199,152.74,68,67.2513724480091,0.654357716583519,0.00413576626882643,0.0912674706430581,2,0.00201581301895261,0.844045146381161,0.00633131882532102,157.944976013634,0.207348605991746,0.232462311557789,1.99,1,1.23246231155779,680.651523458441,2207,10140.945,3107.21047187953,15075,2028189,-0.0867248210025674
"41",0.7,"Spatial","1","1",200,14602,1,200,85,198,146.02,85,74.7606348899318,0.633578877785907,0.00402087766077301,0.0710756094018976,2,0.00254579341660488,0.820653638445936,0.00661761827090769,151.11176847359,0.239441660491036,0.261206030150754,2,2,1.26623115577889,705.975977950537,3424,9014.355,2820.01384917213,14313,1802871,-0.0728763650667344
"42",0.7,"Spatial","1","1",200,14254,1,200,77,199,142.54,77,66.8727111046007,0.595705714326545,0.00396775964775443,0.10855236586496,2,0.00336767145926378,0.814313564144214,0.00674107561612009,148.344278709569,0.255836976214295,0.283718592964824,1.995,1,1.28371859296482,709.213108841608,2786,8565.06,2828.44914027024,14055,1713012,-0.0533573707030317
"43",0.7,"Spatial","1","1",200,14451,1,200,69,199,144.51,69,65.9827952346747,0.622667411133476,0.00400087653284979,0.115533736231555,2,0.0032727378081099,0.820775474382929,0.00664489139588643,150.491549134882,0.244992176086453,0.273819095477387,1.995,1,1.27381909547739,709.563117635926,2341,8880.015,2957.4092058471,14252,1776003,-0.0536998988101357
"44",0.7,"Spatial","1","1",200,15406,1,200,80,198,154.06,80,73.730161229142,0.676309591694255,0.00415416448965163,0.0632364126936387,3,0.00191144683874297,0.846783022883335,0.00628746116947298,159.046707891449,0.199748417603026,0.220804020100503,2.01,2,1.22587939698492,692.070784198467,3111,10325.325,3081.26866441186,15128,2065065,-0.0655555087401353
"45",0.7,"Spatial","1","1",200,15176,1,200,73,198,151.76,73,70.2078380968888,0.66764915951977,0.00411827817644906,0.0725343372258559,2,0.00211768963529615,0.839743946281305,0.00636769523122117,157.042691851353,0.209913889314554,0.232361809045226,2,2,1.23738693467337,697.843777153368,2611,9964.62,3083.39326974024,14901,1992924,-0.0774057343066161
"46",0.7,"Spatial","1","1",200,14854,1,200,76,199,148.54,76,73.2891785980468,0.656521421688494,0.00406730906150994,0.0705416387201026,2,0.00249862535118121,0.831030040905702,0.00648360322906978,154.235224561,0.226084724439396,0.25356783919598,1.99,1,1.25356783919598,704.739210399762,2733,9480.345,3069.68786588225,14655,1896069,-0.077369027583224
"47",0.7,"Spatial","1","1",200,14247,1,200,61,197,142.47,61,60.1285343676983,0.593179106326268,0.00397174794499053,0.0963564203470946,3,0.00324597103292009,0.816398296716334,0.00671899339009427,148.831817794952,0.249094305438616,0.274020100502513,2.015,2,1.28417085427136,704.18021459277,1827,8618.925,2947.26360769464,13890,1723785,-0.07090924260677
"48",0.7,"Spatial","1","1",200,14167,1,200,66,199,141.67,66,62.1328096676052,0.590023629973528,0.00395587870035535,0.124842670587215,2,0.00353358578189291,0.812294673656309,0.00677310412831362,147.642791407812,0.259379841374685,0.288090452261307,1.99,1,1.28809045226131,707.149502306766,2121,8454.96,2833.17382417492,13968,1690992,-0.0616631596615251
"49",0.7,"Spatial","1","1",200,14595,1,200,64,198,145.95,64,61.9232378421074,0.624371315545883,0.00402990261603386,0.0575812860209556,2,0.00289085254388592,0.829109302495607,0.00655671498867029,152.515398599444,0.232286156455632,0.261557788944724,2,2,1.26658291457286,696.908351017671,1993,9185.76,3150.17886425262,14307,1837152,-0.0681725637734339
"50",0.7,"Spatial","1","1",200,13807,1,200,76,199,138.07,76,62.249625050895,0.560350921806308,0.00389639836050951,0.133508218705332,2,0.00430567896097186,0.802547354736284,0.00695006416232418,143.88356375484,0.278365839622019,0.306180904522613,1.995,1,1.30618090452261,707.384932793451,2718,7926.375,2634.76631640938,13608,1585275,-0.0425199086669216
"51",0.7,"Spatial","1","1",200,14313,1,200,71,199,143.13,71,67.6568883567149,0.623233052327262,0.00397992522085262,0.0954776530533103,2,0.00319460341856362,0.815568907965555,0.00671338298007445,148.956197340154,0.252746478080031,0.280753768844221,1.995,1,1.28075376884422,698.757435833976,2429,8657.79,2880.38458590404,14114,1731558,-0.0768932616631781
"52",0.7,"Spatial","1","1",200,14917,1,200,71,198,149.17,71,68.6597861351043,0.637755924747228,0.00407709444123006,0.0851401688435434,2,0.00237420048556475,0.833628055265909,0.00646261713547399,154.736073488076,0.221770927927594,0.245376884422111,2,2,1.25040201005025,694.704007169891,2437,9581.625,3056.88793770617,14648,1916325,-0.080217814401818
"53",0.7,"Spatial","1","1",200,15355,1,200,71,199,153.55,71,70.1894849399469,0.656276748781538,0.00414876335106715,0.0468201887787361,2,0.00193065491725739,0.845939667141849,0.00630382914246199,158.633741080337,0.203869994543752,0.228391959798995,1.985,1,1.22839195979899,688.385947411534,2482,10263.105,3103.07025686986,15156,2052621,-0.0901369038146657
"54",0.7,"Spatial","1","1",200,15308,1,200,83,199,153.08,83,79.3060193721998,0.678869019479274,0.00414010891557014,0.0483467795043933,2,0.00191709058212243,0.842775737474812,0.00632520046656939,158.097755997664,0.206576989910785,0.230753768844221,1.98,1,1.23075376884422,690.809873312247,3335,10159.08,3079.95458486389,15109,2031816,-0.0896704970318505
"55",0.7,"Spatial","1","1",200,14926,1,200,48,199,149.26,48,47.1246905399583,0.673268473836977,0.00408161509263342,0.0605102013023506,2,0.00320385709356949,0.840483542587882,0.00642029088774017,155.756182622433,0.21840311806852,0.249949748743719,1.995,1,1.24994974874372,689.458522653419,1120,9715.725,3223.37285497442,14727,1943145,-0.0413924784303064
"56",0.7,"Spatial","1","1",200,14712,1,200,56,197,147.12,56,55.1603957497219,0.636168858201834,0.00404478560035925,0.0927279847015942,2,0.00274744032629518,0.830119052555129,0.00652802942146461,153.185584107806,0.226582351685628,0.250653266331658,2,2,1.26070351758794,699.298559711408,1518,9309.615,3069.04163699731,14323,1861923,-0.0612515844395099
"57",0.7,"Spatial","1","1",200,14741,1,200,80,199,147.41,80,75.7398782552034,0.653232148425926,0.00404625126558249,0.0855366897450408,2,0.0025057414028224,0.824933814745499,0.00654718194614534,152.737469070758,0.23364914610728,0.259246231155779,1.99,1,1.25924623115578,704.183659857345,3096,9249.855,2939.76479488089,14542,1849971,-0.0819978188765208
"58",0.7,"Spatial","1","1",200,15149,1,200,59,196,151.49,59,58.1886862575618,0.692828510061235,0.00411764448802441,0.0800687797665072,2,0.00202621135904041,0.84328605796152,0.00634825633853832,157.523569728794,0.204131836748531,0.223668341708543,2,2,1.23874371859296,697.747942803195,1674,10014.705,3239.85720077011,14748,2002941,-0.0617902486003874
"59",0.7,"Spatial","1","1",200,14916,1,200,61,199,149.16,61,59.6243540091652,0.642401567358355,0.00407509660127962,0.0807264221249797,2,0.0026231185042357,0.833871756239604,0.0064619001962547,154.753241249315,0.223468478538813,0.250452261306533,1.995,1,1.25045226130653,700.96007162805,1822,9577.605,3040.37355860333,14717,1915521,-0.0597947005147892
"60",0.7,"Spatial","1","1",200,14519,1,200,66,196,145.19,66,62.3631858624307,0.645862023930509,0.00401362045823662,0.0767731760517429,2,0.00282462462934163,0.824800707377426,0.00659961243157923,151.524049384323,0.23199626208314,0.255326633165829,2,2,1.27040201005025,703.490286830672,2052,9024.825,3052.46772965381,14043,1804965,-0.0476853993331103
"61",0.7,"Spatial","1","1",200,14470,1,200,65,199,144.7,65,62.6943116740555,0.64650805827851,0.00400400258794369,0.0917619730357449,2,0.00317065939045579,0.821827746419737,0.00663374129460487,150.744497801457,0.243714657568399,0.27286432160804,1.995,1,1.27286432160804,702.070933499649,2015,8915.775,2972.70318489797,14271,1783155,-0.0488822927576044
"62",0.7,"Spatial","1","1",200,14050,1,200,68,199,140.5,68,64.5853654751086,0.609404214107926,0.00393921050761871,0.0885918263446512,2,0.00375042597142885,0.810280775391379,0.00680960064850936,146.851489774059,0.263376314272428,0.293969849246231,1.995,1,1.29396984924623,709.178185173296,2168,8316.495,2870.06131112614,13851,1663299,-0.0534532019909354
"63",0.7,"Spatial","1","1",200,14338,1,200,67,196,143.38,67,63.0303288693087,0.620125724759,0.00398335985896151,0.094233607229372,3,0.00281608030664524,0.816810467089215,0.00669131360656988,149.447486517169,0.244176141134696,0.264422110552764,2.015,2,1.27959798994975,712.314654534761,2205,8711.01,2921.59697499871,13913,1742202,-0.0631012996708612
"64",0.7,"Spatial","1","1",200,14217,1,200,70,196,142.17,70,65.6060280341362,0.596111375512596,0.00396340784800064,0.0762134107301319,2,0.00302895747000778,0.813271827307263,0.00675244726029004,148.094455454813,0.250510777222241,0.270502512562814,2,2,1.28557788944724,704.367597762568,2395,8522.43,2838.44741783587,13771,1704486,-0.0641128333675988
"65",0.7,"Spatial","1","1",200,14158,1,200,80,198,141.58,80,68.4990005693878,0.595746867355915,0.00395289919387884,0.0605282225354879,2,0.00317044446072398,0.810059407200592,0.00679644186283739,147.135813147752,0.259841058460975,0.283517587939699,2,2,1.28854271356784,703.807978227513,3128,8402.325,2748.12392824632,13879,1680465,-0.0755646872220589
"66",0.7,"Spatial","1","1",200,14825,1,200,62,198,148.25,62,61.3843722494614,0.628487985084124,0.00406027569099647,0.0917543095529918,2,0.00244614089275744,0.830726354969182,0.00650350304258262,153.763286255477,0.226451541002697,0.25,2,2,1.25502512562814,702.362803256699,1871,9425.28,2996.90433607714,14547,1885056,-0.0674876527427381
"67",0.7,"Spatial","1","1",200,14405,1,200,74,198,144.05,74,67.5829695233503,0.624620858274612,0.00399580823026988,0.0663651440014236,3,0.0030030756486027,0.819992626245366,0.00666001662521596,150.149775334468,0.244827383335541,0.271105527638191,2.01,2,1.27618090452261,697.886064469326,2653,8829.615,2968.16535839039,14133,1765923,-0.0724592077251942
"68",0.7,"Spatial","1","1",200,14370,1,200,68,197,143.7,68,65.0702896652458,0.619672896663386,0.00398642429926532,0.109069724533395,3,0.00299631481038454,0.816201362638781,0.00668793596585341,149.522962705639,0.245818631237274,0.2678391959799,2.015,2,1.27798994974874,712.901416408988,2273,8726.625,2877.73507121058,14019,1745325,-0.0589471329124467
"69",0.7,"Spatial","1","1",200,15005,1,200,67,198,150.05,67,66.0497830814352,0.672537658777986,0.00409169141840685,0.0846385759894986,2,0.00227200031939819,0.836646741677884,0.00641758108271015,155.821950219552,0.216311335620952,0.240954773869347,2,2,1.24597989949749,701.718951232661,2157,9736.74,3132.00804988152,14740,1947348,-0.0653590262167437
"70",0.7,"Spatial","1","1",200,15276,1,200,64,197,152.76,64,62.1671406750311,0.677656735031031,0.00413597821353113,0.0858156481789452,3,0.00178288662781596,0.844738029493858,0.00631908623039004,158.250728592807,0.202488451295409,0.222311557788945,2.025,2,1.23261306532663,694.846611034952,1989,10165.89,3160.22230117824,14951,2033178,-0.0730493263454279
"71",0.7,"Spatial","1","1",200,15462,1,200,80,199,154.62,80,77.740876152344,0.682202560809246,0.00416482502064614,0.0754646844004974,2,0.00180830324415392,0.847541257975809,0.00627026161550305,159.482978752837,0.199580915389716,0.223015075376884,1.99,1,1.22301507537688,690.148136226161,2991,10406.565,3093.23734331613,15263,2081313,-0.0820789009830953
"72",0.7,"Spatial","1","1",200,15767,1,200,74,199,157.67,74,72.9251610361436,0.721840790809949,0.00421657551762339,0.0603052682313513,2,0.0016168189895787,0.857030726576928,0.00615833701651679,162.381499635044,0.184941921035131,0.207688442211055,1.995,1,1.20768844221106,689.170601915635,2626,10924.245,3149.02336538708,15568,2184849,-0.0797234528913466
"73",0.7,"Spatial","1","1",200,15205,1,200,83,199,152.05,83,76.3889910828781,0.656744967237071,0.00412269317727934,0.079373964132197,2,0.00204480147848904,0.839771011416659,0.00636252350053595,157.170342854649,0.211260894673489,0.235929648241206,1.99,1,1.23592964824121,697.136104324288,3307,9994.14,3064.23756744622,15006,1998828,-0.083424890727184
"74",0.7,"Spatial","1","1",200,14764,1,200,77,198,147.64,77,70.7172800823898,0.631451690654431,0.00405363806781227,0.0626883375108021,2,0.00260079866344036,0.830355837354282,0.00651502130974308,153.491439621927,0.22759088211291,0.253065326633166,2,2,1.25809045226131,694.695055089537,2782,9370.275,3064.64510793058,14481,1874055,-0.0772734371328083
"75",0.7,"Spatial","1","1",200,14489,1,200,71,198,144.89,71,66.2068691496004,0.644161404881846,0.0040118252844534,0.063214150607046,2,0.00292318448957484,0.822615605446746,0.00661272249096996,151.223645233193,0.239440443085868,0.266884422110553,2,2,1.27190954773869,703.619198152997,2440,8977.455,3061.68027207563,14220,1795491,-0.0807729635006274
"76",0.7,"Spatial","1","1",200,14341,1,200,71,199,143.41,71,67.8860343150403,0.639876214595459,0.00398620916989369,0.0918933900826464,2,0.00303189809551289,0.815832294468867,0.00669737221027637,149.312292732605,0.250948016501995,0.279346733668342,1.985,1,1.27934673366834,700.08643209724,2454,8703.87,2917.85219644544,14142,1740774,-0.0902264058330505
"77",0.7,"Spatial","1","1",200,14227,1,200,70,199,142.27,70,67.2640414872749,0.608955846075563,0.00396620722112364,0.11271574537131,2,0.00340785360090771,0.81443495301313,0.00674263003073135,148.310080108538,0.256009696421525,0.285075376884422,1.985,1,1.28507537688442,703.321846308237,2365,8553.09,2877.46241009462,14028,1710618,-0.0656570594312788
"78",0.7,"Spatial","1","1",200,14370,1,200,75,198,143.7,75,68.6117769713655,0.61288477639192,0.0039903381858393,0.113366312036646,2,0.00308341796549868,0.818010814139557,0.00667588639869861,149.79284251975,0.245899731108189,0.27286432160804,2,2,1.27788944723618,702.79708275974,2753,8766.99,2964.70388157521,14069,1753398,-0.0717318985440176
"79",0.7,"Spatial","1","1",200,14985,1,200,69,198,149.85,69,67.5879260995932,0.674890438337688,0.0040860547599847,0.0761494605494161,2,0.0022962151429599,0.834411467957609,0.00643651663711998,155.363538444523,0.218606662479421,0.241959798994975,2,2,1.24698492462312,702.446880008208,2270,9667.8,3054.60261337349,14718,1933560,-0.0625762223635074
"80",0.7,"Spatial","1","1",200,15563,1,200,82,199,155.63,82,77.3643533769262,0.686893191289259,0.00418340174214035,0.0505922251147117,2,0.00181970945065714,0.853343888127743,0.00621881345804921,160.802379223269,0.192917276650155,0.217939698492462,1.985,1,1.21793969849246,684.367767855435,3243,10628.94,3194.66418150059,15364,2125788,-0.0678836125534979
"81",0.7,"Spatial","1","1",200,15081,1,200,66,197,150.81,66,65.0983475711476,0.640423727908553,0.00410343389458675,0.0927061216863897,2,0.0020613524098499,0.839364297759083,0.0064007025451356,156.232849901763,0.212059202632313,0.232110552763819,2,2,1.2421608040201,694.555945614006,2091,9845.76,3078.14916856211,14730,1969152,-0.0760859729196822
"82",0.7,"Spatial","1","1",200,13947,1,200,66,199,139.47,66,62.6366330016393,0.610265006235313,0.00392732771053645,0.106390477642704,2,0.00381599907999212,0.806914536354314,0.00684638945312904,146.062389065957,0.267361671384054,0.299145728643216,1.995,1,1.29914572864322,708.055207773474,2124,8187.435,2903.91288194128,13748,1637487,-0.0793565520311966
"83",0.7,"Spatial","1","1",200,14055,1,200,61,196,140.55,61,58.9576212098758,0.597340364264918,0.00393831389289634,0.0965125723877115,3,0.00309865372516984,0.809376906165114,0.00681926764956438,146.643312946352,0.258706706558351,0.278643216080402,2.025,2,1.29391959798995,710.897710173963,1804,8299.8,2820.52689044059,13642,1659960,-0.0562025701431721
"84",0.7,"Spatial","1","1",200,15171,1,200,70,198,151.71,70,68.3215023132275,0.651258066488941,0.0041220292125118,0.0736728424473732,2,0.00216045698087052,0.844468418278877,0.00634862514619185,157.514418787167,0.20672858988499,0.232613065326633,2,2,1.23763819095477,687.065666479243,2387,10046.835,3215.02146069644,14871,2009367,-0.076961607315387
"85",0.7,"Spatial","1","1",200,15162,1,200,70,198,151.62,70,67.7118442749758,0.659704206384111,0.00412012130954028,0.0692551225466105,2,0.00211150111689169,0.84217184420938,0.00635871695111777,157.26443049556,0.208397819502087,0.233065326633166,2,2,1.23809045226131,689.80082852072,2292,10002.555,3178.54316159552,14875,2000511,-0.0880120967415919
"86",0.7,"Spatial","1","1",200,14158,1,200,78,199,141.58,78,67.79920013331,0.60798671264319,0.00395359763733867,0.0762867400003125,2,0.00354038860308388,0.809841024495971,0.00678219150314774,147.444966650659,0.260378956309803,0.288542713567839,1.995,1,1.28854271356784,709.466572306255,2950,8414.475,2805.0129908378,13959,1682895,-0.0656708657260583
"87",0.7,"Spatial","1","1",200,14697,1,200,82,199,146.97,82,73.5668184108678,0.62989789697463,0.00403994366598986,0.0838489644315896,2,0.00266480354192056,0.825936866845689,0.00655432192916183,152.571083753263,0.23448947599362,0.261457286432161,1.995,1,1.26145728643216,704.155655925445,3197,9221.04,2972.25654228666,14498,1844208,-0.0739049418430328
"88",0.7,"Spatial","1","1",200,15491,1,200,75,199,154.91,75,73.1722211462714,0.685469967686252,0.0041680736743668,0.0481529168091717,2,0.00179755888824553,0.847836890403584,0.00626160864856734,159.703369553254,0.198467830539122,0.221557788944724,1.995,1,1.22155778894472,694.68089740685,2755,10441.035,3070.35749048411,15292,2088207,-0.0725779375950258
"89",0.7,"Spatial","1","1",200,15112,1,200,75,198,151.12,75,73.172713198902,0.669031667040469,0.00410727752436411,0.0383716507532534,2,0.00212377852034822,0.837899523985879,0.0063902020741737,156.489573943451,0.212219338257656,0.235577889447236,2,2,1.24060301507538,706.208084710399,2724,9864.39,3079.71117354571,14819,1972878,-0.0713198812296232
"90",0.7,"Spatial","1","1",200,14946,1,200,83,198,149.46,83,76.1592867691577,0.668662725483925,0.00408117921764052,0.0648462033685691,2,0.0022182548280762,0.832616871950125,0.00645425059784423,154.936655284815,0.220375279275783,0.24391959798995,2,2,1.24894472361809,704.095716409344,3256,9601.08,3053.19397036997,14665,1920216,-0.079535106865943
"91",0.7,"Spatial","1","1",200,14447,1,200,78,198,144.47,78,69.8978462793514,0.61226268043443,0.00400300484800973,0.0903054162035229,2,0.00283115346475893,0.819527470714709,0.00665259997775153,150.317169729779,0.243810435645968,0.268994974874372,2,2,1.27402010050251,698.546562340998,2901,8867.865,2943.68700317106,14171,1773573,-0.0909844019732564
"92",0.7,"Spatial","1","1",200,14502,1,200,70,197,145.02,70,65.6156882873019,0.609693370859402,0.00401110030539834,0.0533502210405649,2,0.0027547452967546,0.822865858130955,0.00661956525208003,151.067322689474,0.238011094670713,0.261206030150754,2,2,1.27125628140704,707.50533857878,2393,8974.965,2992.16652214683,14151,1794993,-0.0712437788868543
"93",0.7,"Spatial","1","1",200,15184,1,200,70,199,151.84,70,68.1892547730171,0.66351038823479,0.00412347444721448,0.0855208923506359,2,0.00228987178448058,0.843011307504987,0.0063434063168195,157.644008605992,0.208868643404078,0.236984924623116,1.995,1,1.23698492462312,700.785378846714,2392,10047.915,3212.29174406997,14985,2009583,-0.077680582169159
"94",0.7,"Spatial","1","1",200,14738,1,200,74,198,147.38,74,69.1356718170266,0.617262347360774,0.00404794221649388,0.0944848009824139,2,0.00252903736646779,0.828244142242646,0.00653681172161865,152.979777081965,0.230377645839294,0.254371859296482,2,2,1.25939698492462,697.501148043746,2693,9300.105,2993.00787581632,14461,1860021,-0.0816477790432209
"95",0.7,"Spatial","1","1",200,14884,1,200,69,198,148.84,69,67.401223802008,0.64507515179617,0.00407105524350804,0.075102333527447,2,0.0024108270225599,0.831396566324342,0.00648155248605572,154.284024105549,0.223498547877042,0.247035175879397,2,2,1.25206030150754,698.043208035197,2338,9508.695,3017.83437976531,14597,1901739,-0.0837849165037027
"96",0.7,"Spatial","1","1",200,14850,1,200,79,197,148.5,79,71.4543239650372,0.637673641929381,0.00406468462731197,0.0978554818669297,3,0.00232986350606715,0.831517389533986,0.00648628924731568,154.171354663816,0.222121650965703,0.243718592964824,2.015,2,1.25386934673367,700.795359709933,2987,9475.44,3037.73191085241,14490,1895088,-0.0652304607772462
"97",0.7,"Spatial","1","1",200,14223,1,200,74,199,142.23,74,67.4457551194737,0.630693843720043,0.00396328022579544,0.106724086835139,2,0.00338606137484801,0.811121998786348,0.00675307496336523,148.080689970851,0.257168232470452,0.285276381909548,1.995,1,1.28527638190955,719.565517577835,2658,8501.175,2829.32632292263,14024,1700235,-0.0602363079062982
"98",0.7,"Spatial","1","1",200,14511,1,200,73,198,145.11,73,69.6409860997596,0.635193738334703,0.00400890111599105,0.101346189311395,2,0.00272138605659308,0.819741964881207,0.00663591781241448,150.695055042604,0.242082605983618,0.265778894472362,2,2,1.2708040201005,709.505332808747,2546,8923.17,2892.84745416438,14240,1784634,-0.0685111005007988
"99",0.7,"Spatial","1","1",200,14818,1,200,84,198,148.18,84,75.9852965953466,0.660482401595979,0.00406147662414057,0.0554406717827634,2,0.00241705979353316,0.829875703189908,0.00649808836701472,153.891412907856,0.225338850004645,0.25035175879397,2,2,1.25537688442211,699.04137059743,3367,9424.305,3057.1317036139,14524,1884861,-0.079831182219003
"100",0.7,"Spatial","1","1",200,15479,1,200,79,198,154.79,79,76.9295602005351,0.679727559894533,0.00416652173633683,0.0528513879128791,2,0.00171515863846625,0.847483201697513,0.00626493817139522,159.618494651049,0.196558418908307,0.21713567839196,2,2,1.2221608040201,698.403965964949,3017,10424.34,3075.76470932607,15193,2084868,-0.0768724361934835
"101",0.7,"Spatial","1","1",200,15483,1,200,79,199,154.83,79,76.7229802869658,0.683010587181114,0.00416841472979912,0.0623687150396139,2,0.00198237279508536,0.85037915960389,0.00624876789328254,160.031548151277,0.196810362872335,0.221959798994975,1.995,1,1.22195979899497,690.72315165513,3053,10485.09,3161.83666360814,15284,2097018,-0.0591514707688714
"102",0.7,"Spatial","1","1",200,15150,1,200,71,199,151.5,71,69.8456717317962,0.680039487258015,0.00411186794570282,0.0812811467285343,2,0.0021008489556764,0.837096565198723,0.00638891683220877,156.521054548503,0.214540128542913,0.238693467336683,1.995,1,1.23869346733668,698.550571232917,2452,9884.16,3003.05062891037,14951,1976832,-0.0813682745454421
"103",0.7,"Spatial","1","1",200,14476,1,200,72,199,144.76,72,69.9191681414243,0.619426395447974,0.00400236949427248,0.091395319852142,2,0.0028890539726336,0.818632201631358,0.00665716598715782,150.214070361033,0.246393584035189,0.272562814070352,1.99,1,1.27256281407035,702.460473466388,2487,8860.965,2845.90239042984,14277,1772193,-0.0698386881049672
"104",0.7,"Spatial","1","1",200,14312,1,200,68,198,143.12,68,65.0571144533981,0.618669994414371,0.00397879857049621,0.0732743175837621,2,0.00307747934947539,0.815467067466949,0.00670737956590671,149.089520009118,0.250298719178223,0.275778894472362,2,2,1.2808040201005,709.222171028231,2275,8659.245,2901.04593250218,14046,1731849,-0.0603331791932467
"105",0.7,"Spatial","1","1",200,14949,1,200,73,199,149.49,73,71.0302924327495,0.662717005595459,0.00408182023958096,0.066836963158629,2,0.00232115112583106,0.832515204961318,0.00645680934142058,154.875256047128,0.222852242186221,0.248793969849246,1.995,1,1.24879396984925,701.794806873898,2560,9600.915,3032.66332652261,14750,1920183,-0.087742327172529
"106",0.7,"Spatial","1","1",200,14847,1,200,70,197,148.47,70,67.1368672548686,0.634486530445991,0.00406612308695546,0.0935391127576311,2,0.00241928983860902,0.831280190110782,0.00648707262137651,154.15273704579,0.22259206626975,0.243869346733668,2,2,1.25391959798995,699.653095323012,2406,9474.57,3050.49300984539,14501,1894914,-0.0796853042181303
"107",0.7,"Spatial","1","1",200,14716,1,200,69,197,147.16,69,67.0159783992128,0.645624787742519,0.00404851377292177,0.0882259979855251,2,0.00260617498164912,0.830168888003536,0.00651762926580508,153.430021748326,0.22549999889508,0.250452261306533,2,2,1.26050251256281,694.417725436,2322,9335.025,3136.97853771835,14347,1867005,-0.0786349306442776
"108",0.7,"Spatial","1","1",200,14961,1,200,71,199,149.61,71,68.6161337524119,0.649168954864432,0.00408488190925215,0.0604331348845188,2,0.00246781455951898,0.834629893446149,0.00644316172819121,155.203305797002,0.221195425267666,0.248190954773869,1.995,1,1.24819095477387,695.347368030275,2457,9652.14,3078.56582161076,14762,1930428,-0.0831732561502511
"109",0.7,"Spatial","1","1",200,14740,1,200,73,197,147.4,73,68.7846393593105,0.665450467292006,0.00404831016680421,0.0903098207003713,2,0.00249162692931807,0.828432509995013,0.0065223773650849,153.318329195904,0.226664136381134,0.249246231155779,2,2,1.25929648241206,705.06481080956,2433,9318.3,3055.97905751986,14388,1863660,-0.0643033496098994
"110",0.7,"Spatial","1","1",200,14051,1,200,58,199,140.51,58,55.3949551165436,0.603692446613957,0.00393978503017503,0.0939984070655795,2,0.00377149940293129,0.809229256752675,0.0068143550582527,146.74903075221,0.263893784079751,0.29391959798995,1.99,1,1.29391959798995,711.59157041634,1643,8305.395,2851.87232317886,13852,1661079,-0.0668557111550125
"111",0.7,"Spatial","1","1",200,14014,1,200,85,199,140.14,85,68.2467839446333,0.592819834509878,0.00393001895490392,0.119880252268272,2,0.00358669033079321,0.805859208925697,0.00685655236157834,145.845892697275,0.268455087387503,0.295778894472362,1.995,1,1.29577889447236,710.754349992513,3185,8197.905,2718.25866259243,13815,1639581,-0.0650563108343773
"112",0.7,"Spatial","1","1",200,14926,1,200,63,199,149.26,63,62.06533756969,0.675037657177098,0.00408175429906173,0.0755965326034091,2,0.0025343822895775,0.834710056186933,0.00644310982445887,155.204556067611,0.221189110769645,0.249949748743719,1.995,1,1.24994974874372,698.386074125716,1945,9631.11,3153.35922309039,14727,1926222,-0.0841274682416183
"113",0.7,"Spatial","1","1",200,14942,1,200,71,197,149.42,71,69.6000158417773,0.676334300502658,0.00408127732222477,0.0818501955385748,2,0.00215151370571657,0.83351667911857,0.00645173678708719,154.99702374738,0.217985413615054,0.239095477386935,2,2,1.24914572864322,704.32133351929,2473,9611.31,3078.27224983766,14581,1922262,-0.0772116564501785
"114",0.7,"Spatial","1","1",200,14516,1,200,61,198,145.16,61,59.2913661425167,0.6428363536298,0.00401376663629826,0.0853074032162304,3,0.00301655765858244,0.823166910811941,0.00660481712243089,151.404646254907,0.238656565432827,0.265527638190955,2.01,2,1.27060301507538,708.652401153738,1807,9005.055,3031.48018176553,14251,1801011,-0.0658724416967747
"115",0.7,"Spatial","1","1",200,14364,1,200,60,198,143.64,60,58.6831650365997,0.64494903006026,0.00399458758826473,0.0819035297679826,2,0.00320259678834522,0.820123579539512,0.00665294271947648,150.309425793266,0.244389132678782,0.273165829145729,2,2,1.27819095477387,703.793152479123,1768,8821.77,3088.21929583959,14106,1764354,-0.0855760804715009
"116",0.7,"Spatial","1","1",200,14073,1,200,78,195,140.73,78,66.9485042455021,0.612455162161167,0.00394063680539803,0.0954511034975534,3,0.00305219455393819,0.80955674591682,0.00681508789412688,146.733250624953,0.255461730307754,0.272713567839196,2.01,2,1.29286432160804,711.853984733656,2869,8316.03,2812.61054172045,13551,1663206,-0.054476847125324
"117",0.7,"Spatial","1","1",200,14301,1,200,62,197,143.01,62,60.9447283840317,0.627250137997649,0.00397771365212196,0.0934337605800462,2,0.00314642454139506,0.815033004739202,0.00670952460869414,149.041855916917,0.247163891082314,0.271306532663317,2,2,1.2813567839196,711.984357565402,1884,8646.135,2909.28978308881,13905,1729227,-0.0633604640522301
"118",0.7,"Spatial","1","1",200,14021,1,200,66,199,140.21,66,62.1554992110133,0.601413556217329,0.00393628904968397,0.0727222181898274,2,0.00380267676250162,0.808951993877174,0.00682217272454231,146.580868057264,0.264743090619881,0.295427135678392,1.99,1,1.29542713567839,708.182764237078,2047,8276.04,2875.79128868567,13822,1655208,-0.0671384651687235
"119",0.7,"Spatial","1","1",200,13979,1,200,64,198,139.79,64,61.4241711870844,0.604299444062088,0.00393018212138526,0.0880110289395546,2,0.00372721596607791,0.807147163703423,0.00684054454797195,146.187192114183,0.264350209802508,0.29251256281407,2,2,1.29753768844221,712.435598530439,1997,8213.13,2866.09810979577,13694,1642626,-0.0725178205238211
"120",0.7,"Spatial","1","1",200,14399,1,200,67,199,143.99,67,65.1338747847351,0.632747559005703,0.00399417580354961,0.0978884504701248,2,0.00309433936363885,0.818097953160603,0.0066708966776976,149.904885102364,0.247955125745636,0.27643216080402,1.995,1,1.27643216080402,708.089382475655,2192,8792.745,2937.25940359291,14200,1758549,-0.0756574484122844
"121",0.7,"Spatial","1","1",200,14671,1,200,75,199,146.71,75,69.6451136757968,0.624217936116367,0.00403719186947859,0.0947560498787016,2,0.00283724603214996,0.826279669121227,0.00655642933777039,152.522043399321,0.234737154548881,0.262763819095477,1.995,1,1.26276381909548,703.329451669295,2709,9206.28,3001.5194998768,14472,1841256,-0.0763338659221831
"122",0.7,"Spatial","1","1",200,15347,1,200,86,198,153.47,86,81.2380482323901,0.684788874856281,0.00414535420458618,0.0366285420919895,2,0.00175918203428624,0.842996709024462,0.00631628167084703,158.320995185431,0.20308219535392,0.223768844221106,2,2,1.22879396984925,695.26037773978,3563,10201.335,3049.09477179901,15060,2040267,-0.0894675432129243
"123",0.7,"Spatial","1","1",200,15091,1,200,75,199,150.91,75,71.8102564684407,0.654195991256312,0.00410678617136795,0.0867798505952541,2,0.0022301802914509,0.839187320796302,0.00639021425153894,156.489275732683,0.214700627612712,0.241658291457286,1.98,1,1.24165829145729,692.858041305404,2706,9869.145,3125.70207654723,14892,1973829,-0.0834756818133308
"124",0.7,"Spatial","1","1",200,14491,1,200,79,198,144.91,79,73.4017948948577,0.64242287664166,0.00401104386996718,0.0970835740740253,2,0.00272042676818642,0.820578304670244,0.00662761364713768,150.883870611842,0.240657005207762,0.26678391959799,2,2,1.27180904522613,701.446163147914,2968,8938.74,3004.81931034783,14206,1787748,-0.0887662540671506
"125",0.7,"Spatial","1","1",200,14781,1,200,75,199,147.81,75,69.5957995529777,0.642462184352822,0.004052960733175,0.0558623782652384,2,0.0027050754040626,0.828886568628016,0.00651693357915692,153.446400497052,0.230068684358323,0.257236180904523,1.995,1,1.25723618090452,702.137953149805,2754,9355.68,3007.77353799773,14582,1871136,-0.0617271214639317
"126",0.7,"Spatial","1","1",200,14639,1,200,75,199,146.39,75,70.1012662444128,0.643719167597928,0.00403219427719563,0.0496357212642719,2,0.00282247796950086,0.826136804917978,0.00656524971537438,152.317130856153,0.235772066383065,0.264371859296482,1.995,1,1.26437185929648,700.053455005242,2721,9169.185,3013.71720433646,14440,1833837,-0.0695180857394466
"127",0.7,"Spatial","1","1",200,14668,1,200,81,199,146.68,81,74.28200353474,0.64397294081666,0.00403712319954152,0.0689108810781438,2,0.00257684249705359,0.824039039808415,0.00656974321872416,152.212950599034,0.236298229297808,0.262914572864322,1.99,1,1.26291457286432,701.458543386862,3125,9166.635,2972.14581328916,14469,1833327,-0.0924839173197237
"128",0.7,"Spatial","1","1",200,15357,1,200,63,198,153.57,63,62.2175183563744,0.675386906434016,0.00414797590876639,0.0692483830250386,2,0.0019302995089074,0.846196936888771,0.00629728966820906,158.798475643951,0.200624662516449,0.223266331658291,2,2,1.22829145728643,695.017701426052,1940,10271.955,3123.16943175876,15069,2054391,-0.0701338163933827
"129",0.7,"Spatial","1","1",200,14961,1,200,72,199,149.61,72,70.2951616189782,0.633430982229676,0.00408423404426903,0.0848750967474326,2,0.00247465331296787,0.835866661015586,0.00644280317432697,155.211943146853,0.221151802288623,0.248190954773869,1.99,1,1.24819095477387,699.47775962942,2473,9663.63,3069.08630652258,14762,1932726,-0.0753575912773207
"130",0.7,"Spatial","1","1",200,14668,1,200,81,199,146.68,81,73.6381114426054,0.638479018617844,0.00403740798610963,0.0650366578284389,2,0.00264607369937656,0.825132566867379,0.00656354489178833,152.356693903488,0.235572253012683,0.262914572864322,1.99,1,1.26291457286432,706.320332994605,3104,9184.695,2999.05086861455,14469,1836939,-0.0848669408360531
"131",0.7,"Spatial","1","1",200,15402,1,200,80,198,154.02,80,76.5311400114036,0.672744022016693,0.0041565695924507,0.053579755324477,2,0.00188053089842229,0.84857107423505,0.00627467453436307,159.370815892287,0.197645734454994,0.221005025125628,2,2,1.22603015075377,695.8795191941,3035,10366.14,3181.78161595957,15111,2073228,-0.0642484022727711
"132",0.7,"Spatial","1","1",200,15471,1,200,63,198,154.71,63,62.0383929582139,0.682375963260275,0.0041691839890214,0.0621817799178742,2,0.00187192826951052,0.850899260224784,0.00624681374943573,160.081609619036,0.194939020475462,0.217537688442211,2,2,1.22256281407035,693.281529956438,1953,10490.52,3210.13056444812,15210,2098104,-0.0718775164100523
"133",0.7,"Spatial","1","1",200,15102,1,200,64,199,151.02,64,62.7621472106669,0.670560139254127,0.00410704545743955,0.0583728698090963,2,0.00235874742531788,0.839760533258137,0.00638464608745704,156.625752829832,0.214011349344283,0.241105527638191,1.985,1,1.24110552763819,697.179175190408,2002,9887.055,3114.54716002747,14903,1977411,-0.0686757830650367
"134",0.7,"Spatial","1","1",200,15024,1,200,64,199,150.24,64,63.0735241335028,0.655043509136859,0.00409241409577703,0.0712396352382159,2,0.00224552642277647,0.835160091055523,0.00643292946746815,155.450173215342,0.219948620124536,0.245025125628141,1.99,1,1.24502512562814,695.438804511913,1988,9711.3,3008.15955854211,14825,1942260,-0.0793817963536821
"135",0.7,"Spatial","1","1",200,15062,1,200,69,199,150.62,69,67.7969439557404,0.671165862842457,0.00409940492038525,0.0523640294131664,2,0.00225460606601589,0.836081567974523,0.00640990643624255,156.008517432619,0.217128699835259,0.243115577889447,1.99,1,1.24311557788945,700.584869691959,2311,9782.1,3056.9603272223,14863,1956420,-0.0789613671976735
"136",0.7,"Spatial","1","1",200,14890,1,200,83,199,148.9,83,71.9000678649869,0.626810067795115,0.004071459084188,0.0823765572560091,2,0.00264942162016201,0.834053677026463,0.00646904228205405,154.582387376587,0.224331376885925,0.251758793969849,1.995,1,1.25175879396985,696.421499989679,3231,9554.235,3049.90809479705,14691,1910847,-0.0626621846572452
"137",0.7,"Spatial","1","1",200,14987,1,200,65,199,149.87,65,64.1046767805618,0.661590583582329,0.00408841942230639,0.0677639822264681,2,0.00249747126901077,0.836100537068035,0.00642870906807548,155.552225090715,0.219433206612551,0.246884422110553,1.995,1,1.24688442211055,699.959529403652,2053,9702.675,3099.89339407797,14788,1940535,-0.0691606005641053
"138",0.7,"Spatial","1","1",200,14952,1,200,84,198,149.52,84,73.5801738083907,0.634285866426338,0.00408103859373585,0.0988456242605193,2,0.00238158322995263,0.835317205034732,0.00644610338401839,155.13247933306,0.219282302473104,0.243618090452261,2,2,1.2486432160804,701.212530282289,3400,9641.085,3064.82055968868,14670,1928217,-0.0570320407048807
"139",0.7,"Spatial","1","1",200,14992,1,200,75,199,149.92,75,72.6191547631052,0.652733829418606,0.00408906394420816,0.0905080361607301,2,0.00243750350453603,0.835498215812987,0.00642811923336448,155.566498332763,0.219361119531498,0.246633165829146,1.995,1,1.24663316582915,701.160052126453,2732,9700.41,3096.46282588057,14793,1940082,-0.070219921537082
"140",0.7,"Spatial","1","1",200,15558,1,200,92,199,155.58,92,82.6980751331546,0.698127666289636,0.00418138592132337,0.0739760425394669,2,0.00172339327409258,0.850755867596676,0.00623063525672721,160.497278174051,0.194458191040145,0.218190954773869,1.98,1,1.21819095477387,686.936833347831,4069,10576.095,3148.40138999742,15359,2115219,-0.0762644639732065
"141",0.7,"Spatial","1","1",200,14865,1,200,74,197,148.65,74,68.1756757518557,0.629229202880109,0.00406970388768977,0.0850805834187245,3,0.00233700399776639,0.833687503715074,0.00647019198033204,154.554919396485,0.220419933197467,0.242964824120603,2.02,2,1.25321608040201,702.078048071587,2658,9537.285,3094.4462187569,14517,1907457,-0.0757892250109129
"142",0.7,"Spatial","1","1",200,14138,1,200,74,198,141.38,74,68.4060289512395,0.624959720837426,0.00395230501844831,0.0951682524906915,2,0.00329170107054196,0.809937415878643,0.00678370584360463,147.412052210777,0.258640569245581,0.284522613065327,2,2,1.28954773869347,705.380262988483,2577,8403.615,2848.81909710235,13866,1680723,-0.0695257584717107
"143",0.7,"Spatial","1","1",200,14731,1,200,68,198,147.31,68,66.9944560365782,0.633060577702608,0.00404435898544405,0.0891392306095692,2,0.00265604543439097,0.82788023417898,0.00653831083664629,152.94470161852,0.230261977528651,0.254723618090452,2,2,1.25974874371859,704.070563297527,2225,9280.02,2988.09868786863,14443,1856004,-0.0549648162556312
"144",0.7,"Spatial","1","1",200,14765,1,200,58,197,147.65,58,55.8645871145472,0.641824496610816,0.00405660935600798,0.0568400046375035,2,0.00282884250835803,0.833941883764881,0.00648643352185033,154.167925506579,0.221703152194773,0.247989949748744,2,2,1.25804020100503,697.734333074809,1623,9445.305,3200.59579283617,14393,1889061,-0.0569330442194662
"145",0.7,"Spatial","1","1",200,14731,1,200,49,199,147.31,49,48.262662354414,0.635471731026428,0.00405299161307125,0.0676932335312241,2,0.00333289177852747,0.83658482403628,0.00648473426945879,154.208323494412,0.22622058841206,0.259748743718593,1.995,1,1.25974874371859,692.08546936352,1147,9452.505,3248.33558152881,14532,1890501,-0.0514439312193284
"146",0.7,"Spatial","1","1",200,14641,1,200,61,199,146.41,61,59.9198665799706,0.632819899228369,0.00403123239303815,0.0736222727342936,2,0.00285654057473604,0.823818580609537,0.00657715984298344,152.041310211855,0.237165099940127,0.26427135678392,1.995,1,1.26427135678392,705.413174025618,1827,9130.785,2960.31374963133,14442,1826157,-0.0751115283543408
"147",0.7,"Spatial","1","1",200,14459,1,200,69,199,144.59,69,67.0508447950304,0.641122635241404,0.00399816133705303,0.108073977583785,2,0.00306426777023449,0.817217112184569,0.00666156814040261,150.114804641113,0.246894926054985,0.273417085427136,1.995,1,1.27341708542714,709.084492188475,2300,8824.245,2840.99254985235,14260,1764849,-0.0533204070210861
"148",0.7,"Spatial","1","1",200,15244,1,200,64,199,152.44,64,63.1984809484319,0.669558196165347,0.00412848449383915,0.0779740411393196,2,0.00211461729828167,0.842036622282861,0.0063438068094648,157.634056337911,0.208918907384286,0.233969849246231,1.995,1,1.23396984924623,692.396667946287,1995,10072.08,3079.87943926414,15045,2014416,-0.0712592847629389
"149",0.7,"Spatial","1","1",200,15560,1,200,65,199,155.6,65,64.360406216023,0.695149973077645,0.00418174715537257,0.0747025177437368,2,0.00191120607419419,0.853032876175297,0.00621997286274531,160.772405614424,0.193068658513011,0.218090452261307,1.995,1,1.21809045226131,690.535863455402,2068,10618.485,3179.48708289979,15361,2123697,-0.0584664644605275
"150",0.7,"Spatial","1","1",200,14625,1,200,71,198,146.25,71,67.9867169317743,0.636180301828378,0.00402678322579804,0.0737080248374607,2,0.00279009977742087,0.824219170352392,0.00657890035391033,152.001086231018,0.235314659971985,0.260050251256281,2,2,1.26507537688442,706.8949492356,2461,9114.57,2961.21245796482,14349,1822914,-0.0498765632796087
"151",0.7,"Spatial","1","1",200,14299,1,200,58,193,142.99,58,56.5747192211091,0.627541590747109,0.00397618007407094,0.104363480811716,2,0.00292935153546956,0.817203617262124,0.00669576707936622,149.348086357665,0.237862006144205,0.251306532663317,2,2,1.28145728643216,713.69681152597,1627,8673.885,2956.62031893286,13621,1734777,-0.0272640104674355
"152",0.7,"Spatial","1","1",200,14732,1,200,72,198,147.32,72,68.0290757722756,0.6539464421687,0.00404733270624429,0.0833859277706665,2,0.00271670577273043,0.828869039674107,0.00652438980688137,153.271038303886,0.228548649112211,0.254673366834171,2,2,1.25969849246231,702.074536727904,2514,9314.88,3066.17733879905,14445,1862976,-0.0624669882614197
"153",0.7,"Spatial","1","1",200,14968,1,200,77,199,149.68,77,74.484655322658,0.669208285898828,0.00408720649920437,0.0788877286152736,2,0.0023076010965662,0.834226558978796,0.00643856016769459,155.31422770847,0.220635213593589,0.2478391959799,1.99,1,1.2478391959799,697.4510668188,2848,9661.695,3106.51363376355,14769,1932339,-0.0912289940531116
"154",0.7,"Spatial","1","1",200,14702,1,200,75,199,147.02,75,70.7293603325659,0.657912020298335,0.00404029918428067,0.0824840997038318,2,0.00263182213153992,0.824617071067204,0.00655676142611076,152.514318428262,0.234776169554234,0.261206030150754,1.99,1,1.26120603015075,701.084357631361,2772,9207.6,2946.65439279071,14503,1841520,-0.0795555137791741
"155",0.7,"Spatial","1","1",200,14387,1,200,65,196,143.87,65,63.6726370889714,0.62585141883305,0.00398756178737186,0.0880585877379812,3,0.00265013983130749,0.816341888965967,0.00668619148890749,149.561974355508,0.243661922584608,0.261959798994975,2.01,2,1.27708542713568,720.129955108713,2043,8737.695,2851.7372280884,13965,1747539,-0.0506118568444733
"156",0.7,"Spatial","1","1",200,13967,1,200,67,198,139.67,67,61.0641010934732,0.615253371083314,0.00392907586793238,0.0851831657176307,2,0.00378966064572684,0.807872806058333,0.00683325307076417,146.343182323872,0.264228519790293,0.293115577889447,2,2,1.29814070351759,710.127798492831,2175,8219.1,2906.88209730601,13702,1643820,-0.0650099877229998
"157",0.7,"Spatial","1","1",200,14106,1,200,79,199,141.06,79,67.1541065809033,0.612130250998396,0.00394916542175807,0.105351123169455,2,0.0035837383351539,0.809828065398651,0.00678849785598732,147.307993788054,0.261070738444171,0.291155778894472,1.995,1,1.29115577889447,708.242054678157,3018,8378.55,2894.52845249646,13907,1675710,-0.0719256948035546
"158",0.7,"Spatial","1","1",200,14254,1,200,77,197,142.54,77,68.4610516009318,0.631242904647851,0.00397147442619695,0.0767340281590418,2,0.00315303044873205,0.814512532482274,0.00672561464556764,148.685295352006,0.249901001758922,0.273668341708543,2,2,1.28371859296482,708.951269727402,2860,8593.095,2923.39375404356,13899,1718619,-0.0665924012340962
"159",0.7,"Spatial","1","1",200,14756,1,200,61,199,147.56,61,59.8126230479721,0.642228497213944,0.0040528787962129,0.0840572012608679,2,0.00283832797176025,0.830736001701328,0.00650903783255337,153.632537669199,0.229128597630307,0.258492462311558,1.995,1,1.25849246231156,704.442836878116,1827,9375.105,3099.03018611424,14557,1875021,-0.069941104072703
"160",0.7,"Spatial","1","1",200,14595,1,200,67,198,145.95,67,65.0855124866789,0.628844533473564,0.00402656448909608,0.075396265574532,2,0.00295755866413424,0.826307257976248,0.00657030438906474,152.199950076034,0.233987829723546,0.261557788944724,2,2,1.26658291457286,707.34426599618,2153,9134.835,3072.49593230735,14309,1826967,-0.059623309862115
"161",0.7,"Spatial","1","1",200,14224,1,200,70,199,142.24,70,63.7574380186893,0.606759115791655,0.00396635203658665,0.101622352559118,2,0.00355764486910392,0.814323276752178,0.00673598250105616,148.456442670866,0.255270491561284,0.285226130653266,1.995,1,1.28522613065327,704.891944983231,2393,8557.08,2914.19079222129,14025,1711416,-0.0602432254048438
"162",0.7,"Spatial","1","1",200,14894,1,200,57,196,148.94,57,56.4706986830302,0.62597985820963,0.00407498236881476,0.101932452830944,2,0.00238177921808243,0.836472095482333,0.00645415584539573,154.938929885522,0.216699274856998,0.236482412060302,2,2,1.25155778894472,691.978297358972,1594,9607.455,3129.09291493983,14481,1921491,-0.0653398883216759
"163",0.7,"Spatial","1","1",200,14731,1,200,74,198,147.31,74,70.1838778376221,0.644211542932558,0.00404376286779029,0.0921318823807636,2,0.00259120196850151,0.826155673399103,0.00654396220880148,152.812618424817,0.231053168918744,0.254723618090452,2,2,1.25974874371859,714.421536542587,2604,9254.79,2959.47800060761,14451,1850958,-0.0610159035979524
"164",0.7,"Spatial","1","1",200,14686,1,200,66,197,146.86,66,63.9169359693613,0.665623166192901,0.00404096403838887,0.0906043894128465,3,0.00266428746551643,0.828357098258202,0.00653309806020426,153.066736605624,0.228119594640515,0.251959798994975,2.015,2,1.26211055276382,704.846432270417,2138,9266.835,3102.37790429864,14344,1853367,-0.0592377694172095
"165",0.7,"Spatial","1","1",200,15096,1,200,74,199,150.96,74,71.328947543249,0.672920740143961,0.00410645374701434,0.0564038142111999,2,0.00229881210151598,0.839107752458947,0.00638776476530722,156.54928394219,0.214397555847523,0.241407035175879,1.995,1,1.24140703517588,694.629634520727,2635,9870.135,3136.05550291474,14897,1974027,-0.0671257320272398
"166",0.7,"Spatial","1","1",200,14823,1,200,82,199,148.23,82,74.2224744995831,0.649856701576229,0.00406017458856908,0.0635332221206435,2,0.00254965229001828,0.828987190974492,0.00650672054135972,153.687252071691,0.228852262264188,0.255125628140703,1.99,1,1.2551256281407,695.367521479414,3230,9404.64,2982.62940393305,14624,1880928,-0.080830052921605
"167",0.7,"Spatial","1","1",200,14758,1,200,87,199,147.58,87,78.0046430564646,0.645332149289548,0.00404888977720495,0.0743900014877968,2,0.00245458642213222,0.825868410371077,0.00654278504636054,152.840112110401,0.233130746917165,0.258391959798995,1.99,1,1.25839195979899,697.058481305535,3614,9278.07,2930.4146970323,14559,1855614,-0.0847578381839733
"168",0.7,"Spatial","1","1",200,15211,1,200,76,197,152.11,76,73.0834720292442,0.665994457777283,0.00412537349257753,0.0643499981573166,2,0.00195203423733753,0.842858477253126,0.00634326209335185,157.647592876237,0.204121377097389,0.225577889447236,2,2,1.23562814070352,693.170127780799,2792,10061.13,3159.72954969823,14836,2012226,-0.0689537489220288
"169",0.7,"Spatial","1","1",200,15120,1,200,73,199,151.2,73,70.1799521979905,0.670131480414681,0.00411081556341548,0.0658715374009686,2,0.00243774335481389,0.840504328514838,0.00637412404958264,156.884301626586,0.212705547340474,0.240201005025126,1.995,1,1.24020100502513,697.788911234196,2617,9923.49,3163.50502133314,14921,1984698,-0.0649097871884672
"170",0.7,"Spatial","1","1",200,14977,1,200,85,199,149.77,85,72.1033890453781,0.629538021456472,0.00408609022247241,0.105129777479148,2,0.00244214957535273,0.835880270423966,0.00643761611696504,155.337003920551,0.220520182219438,0.247386934673367,1.99,1,1.24738693467337,698.758807062438,3510,9679.155,3074.35168979375,14778,1935831,-0.0668707815033068
"171",0.7,"Spatial","1","1",200,14547,1,200,77,198,145.47,77,71.0824485164171,0.644441685573439,0.00401570439680751,0.0789932802041653,2,0.00270431692397271,0.821126228062004,0.00661196211506813,151.24103595831,0.239251055076879,0.263969849246231,2,2,1.26899497487437,714.430451262616,2759,8991.48,2956.02106764512,14272,1798296,-0.0645408343057566
"172",0.7,"Spatial","1","1",200,14384,1,200,77,199,143.84,77,66.0426578067013,0.605035817112945,0.00399078767260054,0.0983119622122158,2,0.00335937138209238,0.819221961565024,0.00667075736891242,149.908015641564,0.247939314941598,0.277185929648241,1.995,1,1.27718592964824,705.027716816406,2883,8789.67,2937.61372427781,14185,1757934,-0.058221618780456
"173",0.7,"Spatial","1","1",200,14609,1,200,79,199,146.09,79,72.5488054544516,0.650360654749875,0.00402392076988749,0.0911299313778826,2,0.00282684384755338,0.82265234756175,0.00659263864959226,151.684333565263,0.23896801229665,0.265879396984925,1.995,1,1.26587939698492,712.209612497396,2939,9071.19,2928.6834667032,14410,1814238,-0.0585743646462837
"174",0.7,"Spatial","1","1",200,14649,1,200,83,198,146.49,83,72.8129847420902,0.6499251016061,0.00403056175571736,0.0985369172996306,2,0.00269821084957716,0.82526607613767,0.00657028736751508,152.200344378271,0.23418392529604,0.258844221105528,2,2,1.26386934673367,709.052714850273,3253,9153.645,2958.65680154384,14367,1830729,-0.0527534041754301
"175",0.7,"Spatial","1","1",200,14940,1,200,78,199,149.4,78,74.1066937969291,0.653991174821994,0.0040797895220348,0.0875493742036419,2,0.00236876378667028,0.833240090225185,0.00645650360081989,154.882589993911,0.222815202050952,0.249246231155779,1.985,1,1.24924623115578,700.759813906314,2900,9598.98,3048.14187729518,14741,1919796,-0.0742380231099182
"176",0.7,"Spatial","1","1",200,15085,1,200,67,199,150.85,67,65.5565013506582,0.646110482382651,0.00410321688707823,0.0671250055892534,2,0.0024099878669125,0.839244411162596,0.00639626411169163,156.341261482951,0.215448174328527,0.241959798994975,1.99,1,1.24195979899497,692.930259355596,2188,9851.16,3079.04442436873,14886,1970232,-0.065962011910372
"177",0.7,"Spatial","1","1",200,14794,1,200,61,195,147.94,61,60.1263421553825,0.657874368160127,0.00405765539861504,0.0677663936811889,2,0.00261302109725778,0.83079574150445,0.00649719681046743,153.912530152839,0.219821043950055,0.236482412060302,2,2,1.25658291457286,701.274056099656,1808,9415.89,3089.33575464445,14304,1883178,-0.0646473944134533
"178",0.7,"Spatial","1","1",200,14854,1,200,83,198,148.54,83,74.5351940602781,0.657934262083815,0.00406519369495186,0.0849799295975918,2,0.00240224559208253,0.831149029897242,0.00648787663888833,154.133633492043,0.224484056450356,0.248542713567839,2,2,1.25356783919598,701.424562979227,3164,9471.525,3026.6675854376,14573,1894305,-0.0672942806027984
"179",0.7,"Spatial","1","1",200,15044,1,200,77,198,150.44,77,73.3320367361013,0.654091250661877,0.00409671463701314,0.070310318925515,2,0.00212313736329762,0.835791474653391,0.00642088467146,155.74177876841,0.216510443026137,0.238994974874372,2,2,1.24402010050251,695.256084805535,2870,9752.04,3043.33231942096,14769,1950408,-0.0827989360475348
"180",0.7,"Spatial","1","1",200,15241,1,200,81,199,152.41,81,75.70937960546,0.677011311591007,0.00412726740374562,0.0594965158802099,2,0.00206425121748683,0.841648634483001,0.00634501069088947,157.604147371392,0.20906996277075,0.234120603015075,1.98,1,1.23412060301508,703.058111971768,3099,10060.365,3087.51723804925,15042,2012073,-0.0625988712021612
"181",0.7,"Spatial","1","1",200,15048,1,200,71,198,150.48,71,67.9659279812531,0.660105862402372,0.00409749085971342,0.0669637772277745,2,0.00236950101031735,0.840535631869541,0.00639463366837573,156.381123901661,0.213416038079199,0.238793969849246,2,2,1.24381909547739,699.547522406354,2421,9834.435,3158.73148092998,14779,1966887,-0.0364461250370252
"182",0.7,"Spatial","1","1",200,14838,1,200,77,199,148.38,77,71.4740726245923,0.651396809561746,0.00406409655824404,0.0675153067515654,2,0.00262405772766955,0.831313238653379,0.0064857987406025,154.183014304743,0.226348412602309,0.254371859296482,1.995,1,1.25437185929648,711.315699301658,2857,9465.69,3073.35675649009,14639,1893138,-0.0649924957751969
"183",0.7,"Spatial","1","1",200,14835,1,200,63,199,148.35,63,62.0838357872129,0.66387628350438,0.0040652829088689,0.0646993890440049,2,0.00270001066688151,0.830970678157274,0.00648167915274346,154.281009046357,0.22585348966486,0.254522613065327,1.995,1,1.25452261306533,709.443589522819,1918,9470.685,3103.48469498968,14636,1894137,-0.0771216282876898
"184",0.7,"Spatial","1","1",200,14573,1,200,62,199,145.73,62,58.8940250946484,0.640562930870669,0.00402396866445791,0.0630608872778336,2,0.00322032363853403,0.825176626835667,0.0065817793297674,151.934598517653,0.237704047890639,0.267688442211055,1.995,1,1.26768844221106,695.141640080612,1886,9096.12,3058.47683962008,14374,1819224,-0.0715191533412275
"185",0.7,"Spatial","1","1",200,14684,1,200,59,198,146.84,59,57.9017529593766,0.648363538327727,0.00404122091352101,0.0546562859220164,3,0.00267075445607826,0.829240644724221,0.00653533583418985,153.0143247985,0.230782995229674,0.257085427135678,2.01,2,1.2621608040201,698.981549983218,1709,9272.175,3102.54922650543,14427,1854435,-0.0622690284343832
"186",0.7,"Spatial","1","1",200,15088,1,200,80,197,150.88,80,72.6168912480166,0.677524113957455,0.0041056026540219,0.0387614229992106,2,0.00219963504310334,0.83998312503744,0.0063799971601781,156.739881679208,0.208895317636209,0.231758793969849,2,2,1.24180904522613,695.746669717886,3058,9885.69,3170.68220611287,14721,1977138,-0.0604661814441945
"187",0.7,"Spatial","1","1",200,15322,1,200,70,198,153.22,70,67.3854515464947,0.692062809595815,0.00414264377202019,0.0316029607884327,2,0.0020584012302657,0.846403711146661,0.00629886878273836,158.758665165472,0.200979173070027,0.225025125628141,2,2,1.23005025125628,704.215085725255,2375,10243.11,3186.24508577623,15040,2048622,-0.0515375118659479
"188",0.7,"Spatial","1","1",200,15440,1,200,65,198,154.4,65,64.2814747136457,0.686190015161097,0.00416138232531813,0.0790040588337942,2,0.00185220632453825,0.84930393811986,0.00626409121877845,159.64007628149,0.197089245012438,0.219095477386935,2,2,1.22412060301508,693.514495873672,2078,10416.165,3152.2223536115,15177,2083233,-0.0564354195846803
"189",0.7,"Spatial","1","1",200,15283,1,200,71,199,152.83,71,69.2456778490635,0.683915117667031,0.00413807246060861,0.0696472034139611,2,0.00209687368264615,0.844656748681942,0.00631638448047349,158.318418248827,0.205462534096834,0.232010050251256,1.99,1,1.23201005025126,691.570308596575,2458,10174.845,3184.72310211748,15084,2034969,-0.0749929123816368
"190",0.7,"Spatial","1","1",200,15144,1,200,79,199,151.44,79,76.096216389798,0.679149111846877,0.00411377251829215,0.06479958056819,2,0.0020904540137031,0.83799572710874,0.00638428309912713,156.634658030237,0.213966373584661,0.238994974874372,1.98,1,1.23899497487437,692.509600606984,3062,9902.055,3066.42394345268,14945,1980411,-0.0918292782736082
"191",0.7,"Spatial","1","1",200,14763,1,200,83,199,147.63,83,75.4125855903817,0.65218166786423,0.00404933016444522,0.0930992826948933,2,0.00254743964923582,0.826981298663885,0.00653457077043152,153.032239626959,0.232160405924449,0.258140703517588,1.99,1,1.25814070351759,706.014231767934,3296,9300.885,2952.41912934999,14564,1860177,-0.0720859352448629
"192",0.7,"Spatial","1","1",200,14709,1,200,79,199,147.09,79,72.2529120904721,0.638654675366219,0.00404277601273127,0.0670779593624785,2,0.00267994602913539,0.82722858234654,0.00654502376510438,152.787833304995,0.233394781287902,0.260854271356784,1.995,1,1.26085427135678,702.114671282897,2952,9254.475,3010.81964155024,14510,1850895,-0.069976839833432
"193",0.7,"Spatial","1","1",200,15084,1,200,82,198,150.84,82,76.3784890055571,0.677585611892076,0.00410326395875815,0.0786076865513524,2,0.00215382396258218,0.837302946786045,0.00640002117956533,156.24948292248,0.213649071272029,0.236984924623116,2,2,1.24201005025126,698.590367488019,3217,9825.03,3078.70348113027,14799,1965006,-0.0744088116422303
"194",0.7,"Spatial","1","1",200,15016,1,200,68,198,150.16,68,65.439275656215,0.667425607803128,0.00409221329168291,0.0578521762011836,2,0.0024552362844828,0.837689941161649,0.0064132663961291,155.926783363245,0.215493541243631,0.240402010050251,2,2,1.24542713567839,698.582877519667,2255,9757.425,3108.40189746368,14735,1951485,-0.0528345282326467
"195",0.7,"Spatial","1","1",200,14688,1,200,79,199,146.88,79,71.5542887915335,0.639409990268914,0.00403783269895604,0.0732945127015191,2,0.00267004634180359,0.825282103826056,0.00656204596390554,152.391495807937,0.235396485818501,0.261909547738693,1.99,1,1.26190954773869,702.470141325789,2917,9194.34,2960.3315895352,14489,1838868,-0.0682558207823445
"196",0.7,"Spatial","1","1",200,14763,1,200,68,198,147.63,68,66.4075474398783,0.662822625702278,0.00404741789034163,0.0733280175252817,2,0.0025217193009995,0.826678202000298,0.00653432888453291,153.037904530188,0.229907042430084,0.253115577889447,2,2,1.25814070351759,709.835088226553,2240,9292.545,2931.40400408247,14480,1858509,-0.056314994752253
"197",0.7,"Spatial","1","1",200,15201,1,200,74,199,152.01,74,72.3883226388236,0.682638953161228,0.00412555184804997,0.0687380964037882,2,0.00218070952265084,0.842315447040013,0.00634406169664655,157.627723029333,0.208950893791251,0.236130653266332,1.99,1,1.23613065326633,693.235674376945,2623,10051.485,3182.50092071104,15002,2010297,-0.0828257496319594
"198",0.7,"Spatial","1","1",200,14674,1,200,71,199,146.74,71,68.7021099413882,0.626904400113288,0.00403990290396519,0.0614444286400049,2,0.00289262298417791,0.828897857524627,0.00654075716752407,152.887498249463,0.232891422982509,0.262613065326633,1.995,1,1.26261306532663,696.506779003502,2410,9258.615,3079.14033013083,14475,1851723,-0.0723480344790015
"199",0.7,"Spatial","1","1",200,14158,1,200,66,197,141.58,66,63.850226009484,0.608961124302218,0.00395724509752096,0.0781963008798589,2,0.00334045080723424,0.812529675560013,0.00676966080355991,147.717888534997,0.255072810475537,0.278492462311558,2,2,1.28854271356784,701.868714103598,2069,8462.265,2886.49530233935,13807,1692453,-0.0759215731446645
"200",0.7,"Spatial","1","1",200,14772,1,200,61,198,147.72,61,59.8559722999027,0.666466694824836,0.00405626520429971,0.0900823004294759,2,0.00243179533667134,0.829306930167478,0.00651097848635704,153.586746154265,0.227300320639497,0.252663316582915,2,2,1.25768844221106,696.490545761486,1818,9373.395,3079.40785422103,14497,1874679,-0.089691845903255
"201",0.7,"Spatial","1","1",200,14762,1,200,74,199,147.62,74,70.9665740870509,0.649067114443963,0.0040536744022265,0.0942913176471275,2,0.0027646852513471,0.830323207175946,0.00650990468654274,153.612080076564,0.229231918805234,0.258190954773869,1.99,1,1.25819095477387,697.024099185705,2654,9375.225,3086.34953328085,14563,1875045,-0.075153617213467
"202",0.7,"Spatial","1","1",200,14602,1,200,80,198,146.02,80,69.9683126199212,0.624372858352325,0.00402567401828478,0.105360808816485,2,0.00276748135624225,0.825338961979465,0.00658210632974448,151.927050385225,0.235536063316992,0.261206030150754,2,2,1.26623115577889,698.014904182078,3061,9111.705,3003.24089063982,14322,1822341,-0.0619749417825003
"203",0.7,"Spatial","1","1",200,14780,1,200,68,198,147.8,68,63.3195879413441,0.662984101536553,0.00405807953123252,0.0683071242453595,3,0.00278033375085299,0.832191708345972,0.00648736107783787,154.145882740549,0.224414855106579,0.252261306532663,2.01,2,1.25733668341709,699.274081062609,2206,9437.52,3170.99674889577,14502,1887504,-0.0646855260352703
"204",0.7,"Spatial","1","1",200,14881,1,200,66,199,148.81,66,64.3900352170805,0.669715497088061,0.00407265026604581,0.0499395398373137,2,0.0025731631085767,0.833231188257664,0.00646268578113688,154.734429905098,0.223563485327787,0.252211055276382,1.995,1,1.25221105527638,705.166252043595,2140,9550.875,3126.03608864526,14682,1910175,-0.0694742834544771
"205",0.7,"Spatial","1","1",200,14696,1,200,71,198,146.96,71,68.1462434261248,0.641557227339847,0.00404618048429174,0.0653014410877359,2,0.00308851485370118,0.830907007493858,0.00651689730888534,153.447254514287,0.228128571881558,0.256482412060302,2,2,1.26150753768844,694.374504193054,2441,9328.755,3176.52404840978,14424,1865751,-0.071169672970366
"206",0.7,"Spatial","1","1",200,14486,1,200,67,197,144.86,67,63.6072904131495,0.621124038576306,0.00400839751370038,0.100094126501359,3,0.00269535984103182,0.821790547136381,0.00662596554002862,150.921400656074,0.239277483811272,0.262010050251256,2.015,2,1.2721608040201,704.250411873622,2195,8944.545,2990.6268124982,14152,1788909,-0.0710692968884396
"207",0.7,"Spatial","1","1",200,14471,1,200,73,199,144.71,73,69.8076440278135,0.645085431698936,0.00400129214842138,0.0781585021116558,2,0.00310474422645488,0.818708645970718,0.00664827372194704,150.414986178869,0.24537885768248,0.272814070351759,1.995,1,1.27281407035176,717.451010571043,2501,8864.355,2891.95074205064,14272,1772871,-0.0490523476329987
"208",0.7,"Spatial","1","1",200,13966,1,200,65,196,139.66,65,60.4679716944838,0.58489392031038,0.00392679267987914,0.0685301606739585,3,0.00386049305663278,0.80726526921156,0.00684819275916873,146.023927066181,0.260646756800691,0.283115577889447,2.015,2,1.29829145728643,712.894082416378,2075,8194.8,2838.70186376745,13517,1638960,-0.0647413273904779
"209",0.7,"Spatial","1","1",200,13978,1,200,76,198,139.78,76,63.9155960234352,0.587207393839876,0.00392735404287181,0.120063062428233,2,0.00390675268693927,0.806533279613374,0.00685414124412283,145.897197677019,0.265958556752413,0.292562814070352,2,2,1.29758793969849,709.534119464529,2829,8187.45,2793.04432303755,13697,1637490,-0.0663909142126388
"210",0.7,"Spatial","1","1",200,14293,1,200,71,199,142.93,71,66.1167677603301,0.625215401055445,0.00397912764161458,0.0758083163495803,2,0.00344350782544747,0.817753835509083,0.0066963316987863,149.335493667563,0.250830840062817,0.281758793969849,1.995,1,1.28175879396985,703.379915053941,2451,8686.815,2984.75261818022,14094,1737363,-0.0631289694410717
"211",0.7,"Spatial","1","1",200,14524,1,200,80,198,145.24,80,71.2976982431988,0.610678248574025,0.00401098531650384,0.101644418253084,2,0.00278999050288826,0.820948162616835,0.00662985093284898,150.832953882159,0.240864737610645,0.265125628140704,2,2,1.27015075376884,705.058732816405,3054,8952.255,2891.26541647729,14235,1790451,-0.0682724934901953
"212",0.7,"Spatial","1","1",200,15212,1,200,80,199,152.12,80,76.2244835313316,0.648569464775453,0.00412580717945668,0.0774801682715992,2,0.00207554827006776,0.842443220402928,0.00635245100159132,157.419553452596,0.210002255289919,0.235577889447236,1.995,1,1.23557788944724,690.277625366236,3093,10048.41,3101.27895839587,15013,2009682,-0.0892993149687591
"213",0.7,"Spatial","1","1",200,15156,1,200,81,197,151.56,81,75.8423259510938,0.668086314025222,0.00411370790547632,0.0686065738872252,2,0.00208426862227957,0.840921985426104,0.00637083731335253,156.965238761335,0.206393716992647,0.228341708542714,2,2,1.23839195979899,693.263031787432,3096,9952.77,3097.57575125676,14740,1990554,-0.0539402676628952
"214",0.7,"Spatial","1","1",200,14854,1,200,68,197,148.54,68,66.840137614939,0.653825275190881,0.00406625295142263,0.0669906605343126,3,0.00223614607878371,0.831493809281408,0.00648422706103029,154.220385959326,0.222118417977853,0.243517587939698,2.015,2,1.25366834170854,705.309398210069,2242,9482.16,3055.99974091661,14501,1896432,-0.070222890033598
"215",0.7,"Spatial","1","1",200,15451,1,200,65,199,154.51,65,64.3606146214507,0.673048193299546,0.00416712113716227,0.0376490657040486,2,0.00201316072402165,0.851769175562604,0.00624795687625036,160.052321071739,0.196705449132633,0.22356783919598,1.99,1,1.22356783919598,690.531682321047,2046,10485.615,3244.69846324151,15252,2097123,-0.0718902504768524
"216",0.7,"Spatial","1","1",200,15185,1,200,79,197,151.85,79,74.6553995049679,0.643886342179505,0.00411934442326552,0.0723489020118354,2,0.00196325279482663,0.841634598427643,0.0063627963619154,157.163602780927,0.206631433780059,0.226884422110553,2,2,1.23693467336683,701.496371230176,3080,9998.295,3086.77084983189,14806,1999659,-0.0694039390926624
"217",0.7,"Spatial","1","1",200,14184,1,200,82,198,141.84,82,71.4064907795493,0.625029382138188,0.00395811522457087,0.0994815858228125,2,0.00318515605668125,0.811557687714219,0.00677140017993396,147.679944092413,0.257060759174314,0.282211055276382,2,2,1.28723618090452,708.507944983023,3165,8460.075,2832.03097379915,13904,1692015,-0.0640130212910036
"218",0.7,"Spatial","1","1",200,14386,1,200,68,197,143.86,68,63.0824799360759,0.616956913675376,0.00398984313383955,0.0965598065600063,3,0.00295815253530362,0.816827906338672,0.00668423109207774,149.60583891021,0.244373918520681,0.267035175879397,2.01,2,1.27713567839196,702.990910671356,2250,8752.65,2866.17847538562,14002,1750530,-0.0733444012788745
"219",0.7,"Spatial","1","1",200,14660,1,200,77,199,146.6,77,73.1502350652849,0.640682630369626,0.00403488856976649,0.0941408069028028,2,0.00278329905942324,0.82516653012111,0.00656425041043381,152.340318768234,0.23565495571599,0.263316582914573,1.995,1,1.26331658291457,705.99367533843,2845,9175.53,2990.84769400645,14461,1835106,-0.0738585609998435
"220",0.7,"Spatial","1","1",200,15235,1,200,79,197,152.35,79,76.2442006496491,0.671295612128718,0.00413059805178805,0.0829731235046519,2,0.00200138695818396,0.844319906080292,0.00632836624607182,158.018667238282,0.202630636271378,0.224371859296482,2,2,1.23442211055276,693.437455584227,2998,10118.925,3199.97341216577,14871,2023785,-0.07073452109098
"221",0.7,"Spatial","1","1",200,15609,1,200,67,199,156.09,67,66.304448921203,0.694735027493833,0.00419262299020166,0.0459036983206444,2,0.00172857572370282,0.853285858841891,0.00620673559802164,161.115289060927,0.191336923934712,0.215628140703518,1.98,1,1.21562814070352,686.371844428623,2199,10688.28,3188.20543110929,15410,2137656,-0.0916267361868415
"222",0.7,"Spatial","1","1",200,15270,1,200,73,199,152.7,73,71.185942354323,0.66733679619525,0.00413530514014044,0.0722621796958395,2,0.00199361197301238,0.842404317799431,0.00633355869704963,157.889118556023,0.207630714363519,0.232663316582915,1.99,1,1.23266331658291,690.53376996046,2602,10116.345,3115.91198261311,15071,2023269,-0.0895130077536424
"223",0.7,"Spatial","1","1",200,14454,1,200,61,199,144.54,61,60.1944470953458,0.635632039560477,0.00400142444741785,0.0842293614211991,2,0.00308429234551542,0.81954281610749,0.00664816200176128,150.417513853464,0.245366091649174,0.273668341708543,1.995,1,1.27366834170854,707.189833457759,1806,8867.4,2935.38587945546,14255,1773480,-0.063583200354227
"224",0.7,"Spatial","1","1",200,14564,1,200,61,199,145.64,61,59.2997230174845,0.626188307374377,0.00402177516279903,0.0699170208286549,2,0.00316409504916752,0.825330105603811,0.00658582073997236,151.841363359701,0.238174932526763,0.268140703517588,1.995,1,1.26814070351759,706.210263590494,1803,9084.165,3049.95278285801,14365,1816833,-0.0645347310668365
"225",0.7,"Spatial","1","1",200,14856,1,200,72,199,148.56,72,70.2701277197468,0.658373850094089,0.0040691645964368,0.0648161680802007,2,0.00256725341754859,0.832239822914757,0.00647390040179732,154.466386248756,0.224917241167901,0.253467336683417,1.995,1,1.25346733668342,703.507612988404,2461,9510.225,3116.82984711297,14657,1902045,-0.0775332596271874
"226",0.7,"Spatial","1","1",200,15033,1,200,47,197,150.33,47,46.7238503420434,0.672801781061842,0.00409574535049684,0.0600219772382264,3,0.00201822988609278,0.836283134639426,0.00641639427220094,155.850771878609,0.214559092985591,0.234522613065327,2.015,2,1.24467336683417,699.711042665998,1081,9756.585,3078.64083480415,14707,1951317,-0.0793224941283561
"227",0.7,"Spatial","1","1",200,15151,1,200,73,197,151.51,73,70.6251368116136,0.685168634102813,0.004118798376441,0.0580708967258474,2,0.00213685122011897,0.842864448836049,0.0063507196210445,157.462470345295,0.205757139093929,0.228592964824121,2,2,1.2386432160804,691.821378569147,2624,10012.155,3236.76823607209,14803,2002431,-0.0749292767907488
"228",0.7,"Spatial","1","1",200,14992,1,200,61,197,149.92,61,60.0646005358536,0.668302432430367,0.00408985513849568,0.0824750944189089,3,0.00223872192894735,0.837786013285778,0.00641882562225873,155.791738060662,0.214546729873744,0.236582914572864,2.02,2,1.24678391959799,695.405786036902,1815,9738.81,3137.38786684643,14648,1947762,-0.0639040452308328
"229",0.7,"Spatial","1","1",200,14584,1,200,75,199,145.84,75,69.6378293721241,0.643793750014659,0.00402551886797831,0.0695687756726764,2,0.00303685594689898,0.825461217352087,0.00657559597279919,152.077470108661,0.236982474198683,0.26713567839196,1.995,1,1.26713567839196,700.645098060437,2764,9114.945,3070.96854117384,14385,1822989,-0.0702457515550919
"230",0.7,"Spatial","1","1",200,13811,1,200,61,199,138.11,61,58.8911494985049,0.605308848584938,0.0039035733261587,0.0964840541199256,2,0.00422574324924271,0.801563261935447,0.00692014482318178,144.505646276376,0.275224008705173,0.305979899497487,1.995,1,1.30597989949749,715.438138402345,1785,7964.04,2799.83102655972,13612,1592808,-0.0676484928371897
"231",0.7,"Spatial","1","1",200,13554,1,200,59,198,135.54,59,57.2507035646351,0.572316563921397,0.00386296023378454,0.124444360725957,2,0.00485029088927873,0.79696258646626,0.00703149184711295,142.217330510109,0.284429416855609,0.313869346733668,2,2,1.31889447236181,719.427798302462,1671,7636.89,2725.73248426527,13271,1527378,-0.0391276662754746
"232",0.7,"Spatial","1","1",200,14232,1,200,61,198,142.32,61,60.0571259008681,0.61285589238641,0.00396549392295223,0.0912497238210387,2,0.00307227734936863,0.812211741090959,0.00675283019124781,148.08605750165,0.255524974521536,0.279798994974874,2,2,1.28482412060302,705.674002123107,1826,8521.62,2821.16070513913,13973,1704324,-0.0700005244131796
"233",0.7,"Spatial","1","1",200,14525,1,200,73,198,145.25,73,68.2104326661941,0.62618247736423,0.00401280794115826,0.0821286226785678,2,0.00292957987525817,0.822165174894295,0.00661635975316117,151.140511898891,0.239745560464693,0.265075376884422,2,2,1.27010050251256,705.904467128316,2616,8983.47,2956.60089517791,14253,1796694,-0.0641695921686995
"234",0.7,"Spatial","1","1",200,14501,1,200,77,197,145.01,77,70.4700843552737,0.639839311998266,0.00400777409069261,0.0891197000693379,2,0.00274568002699538,0.820794636630031,0.00662828813543114,150.868516812743,0.238757810015491,0.261256281407035,2,2,1.27130653266332,707.655227774432,2782,8932.47,2951.28679525376,14144,1786494,-0.0510195829225364
"235",0.7,"Spatial","1","1",200,14742,1,200,76,199,147.42,76,73.5291068249475,0.647320546176055,0.00404754364387113,0.0821436237311514,2,0.00258498715761705,0.827005617264572,0.0065371149614642,152.972680746006,0.232461208353508,0.259195979899497,1.985,1,1.2591959798995,700.580472200925,2822,9286.26,2985.86030672171,14543,1857252,-0.0769074532064484
"236",0.7,"Spatial","1","1",200,14918,1,200,81,199,149.18,81,75.4933423215683,0.645776951082464,0.0040753091417854,0.0835793835365557,2,0.00234171830679528,0.831312022925713,0.00647480242954103,154.444866987376,0.225025924306184,0.25035175879397,1.99,1,1.25035175879397,699.88288960831,3191,9538.125,2992.9119598431,14719,1907625,-0.0810810364190989
"237",0.7,"Spatial","1","1",200,14481,1,200,67,197,144.81,67,66.0591259494789,0.605604085463625,0.00400382036188698,0.0881301946361201,2,0.00284057426016067,0.820360435458558,0.0066450351730809,150.488292981655,0.240625087218977,0.262261306532663,2,2,1.27231155778894,708.589282282722,2202,8896.53,2881.31342173519,14121,1779306,-0.0612861995099863
"238",0.7,"Spatial","1","1",200,14233,1,200,68,199,142.33,68,65.6861235834984,0.622663847795647,0.00397108208289047,0.0778747198323903,2,0.0032100123491624,0.81291406761799,0.00673448778052025,148.489392599766,0.255104077778961,0.284773869346734,1.995,1,1.28477386934673,707.976191262973,2236,8562.18,2941.01969251462,14034,1712436,-0.092722395326486
"239",0.7,"Spatial","1","1",200,14575,1,200,65,197,145.75,65,64.1272156757924,0.63083850050423,0.00402030055802044,0.095984380783138,2,0.00287850887628492,0.822746012099146,0.00660014449010276,151.511834551433,0.23535985154956,0.257537688442211,2,2,1.26758793969849,706.098802108199,2049,9043.365,2953.41758288078,14207,1808673,-0.0659036348357828
"240",0.7,"Spatial","1","1",200,14523,1,200,68,198,145.23,68,64.0196936314606,0.649520272184643,0.00401673775061306,0.054070430058945,2,0.00292153273689048,0.823112524321229,0.00659897325392449,151.538726029127,0.237688387919492,0.265175879396985,2,2,1.27020100502513,704.347827981335,2238,9021.375,3065.97735478842,14250,1804275,-0.0770394571985095
"241",0.7,"Spatial","1","1",200,14835,1,200,83,198,148.35,83,71.3637233713559,0.627394192589898,0.00405983359157947,0.0927754587054612,2,0.00257720913372188,0.830188405011978,0.00650200338032345,153.798751170482,0.225825326913058,0.249497487437186,2,2,1.25452261306533,705.617769954313,3354,9424.635,2967.32057735916,14544,1884927,-0.0561024645660905
"242",0.7,"Spatial","1","1",200,15097,1,200,81,199,150.97,81,76.2759653697837,0.667057834352279,0.00410170900904485,0.0691642961394306,2,0.00221367655280735,0.836062826885828,0.00640625792902519,156.097367773665,0.216679960739068,0.241356783919598,1.995,1,1.2413567839196,707.7197311646,3145,9804.63,2998.58982319001,14898,1960926,-0.0613664790987625
"243",0.7,"Spatial","1","1",200,14826,1,200,77,199,148.26,77,73.2688714647716,0.663948613226095,0.00405831316792209,0.0781062824378602,2,0.00252086796146138,0.827585202768139,0.00651215506809356,153.558996913252,0.229500015589636,0.254974874371859,1.995,1,1.25497487437186,709.752576082616,2888,9378.63,2943.26399560746,14627,1875726,-0.0692112068043554
"244",0.7,"Spatial","1","1",200,15125,1,200,77,199,151.25,77,74.3938443205569,0.667809844861572,0.00411046872855481,0.0662797502902807,2,0.00225796733881013,0.838967936470406,0.00638206441978927,156.68911095589,0.213691358808634,0.239949748743719,1.995,1,1.23994974874372,693.870230755549,2855,9899.7,3100.18665510359,14926,1979940,-0.0759926494818474
"245",0.7,"Spatial","1","1",200,14822,1,200,80,199,148.22,80,75.8263132856144,0.651792086748794,0.00405888915461805,0.0687472153019683,2,0.00244819530030504,0.827772371931079,0.00651342170848818,153.529134878034,0.229650833949321,0.255175879396985,1.995,1,1.25517587939698,709.298668044345,3104,9378.93,2959.84047599133,14623,1875786,-0.0761940858528378
"246",0.7,"Spatial","1","1",200,14826,1,200,71,199,148.26,71,69.5258345493436,0.646910656170092,0.00405970249264389,0.077024276608433,2,0.00245047111917856,0.827931729086871,0.00651420928958268,153.510572894729,0.229744581339754,0.254974874371859,1.99,1,1.25497487437186,701.004704642016,2446,9383.505,2948.68839933228,14627,1876701,-0.0808904088234178
"247",0.7,"Spatial","1","1",200,14974,1,200,68,199,149.74,68,67.3199279439763,0.630999388150787,0.00408720371915698,0.0942772802094308,2,0.00245868408173461,0.836712788317842,0.00643337692648977,155.439361229162,0.220003226115342,0.247537688442211,1.995,1,1.24753768844221,695.013424540485,2213,9697.2,3100.32476982525,14775,1939440,-0.0766447351386663
"248",0.7,"Spatial","1","1",200,14486,1,200,84,199,144.86,84,73.55408821485,0.642813412719826,0.0040067338861366,0.0975270028435764,2,0.0028930652126187,0.819984720598658,0.00663869158749901,150.63209170359,0.244282365133385,0.272060301507538,1.985,1,1.27206030150754,702.169368600875,3272,8908.56,2931.03129095251,14287,1781712,-0.0744449131492138
"249",0.7,"Spatial","1","1",200,14681,1,200,78,199,146.81,78,74.430988352632,0.643200951491435,0.00403669033740585,0.0906459234098681,2,0.0026172728788012,0.824086236949451,0.00656861394457351,152.239119004113,0.236166065635795,0.262261306532663,1.99,1,1.26226130653266,704.406023020505,2902,9171.915,2932.18583596918,14482,1834383,-0.0793740732963922
"250",0.7,"Spatial","1","1",200,15169,1,200,64,199,151.69,64,62.1087840110333,0.677895989016059,0.00411835470312135,0.0786544879783059,2,0.00237042127297696,0.842448388722637,0.00635632444460864,157.323624480526,0.210486745047846,0.237738693467337,1.995,1,1.23773869346734,690.114213531781,1997,10003.725,3158.81067711318,14970,2000745,-0.0614801996244366
